file,label
Electronics/B00UB1NZSW.jpg,Electronics
Home/B07C2DZDY1.jpg,Home
Home/B07ZN2KD4W.jpg,Home
Apparel/B0B4JP3XNJ.jpg,Apparel
Apparel/B07XQ5CK8M.jpg,Apparel
Home/B09NSSTV5B.jpg,Home
Electronics/B0BKF9VH6S.jpg,Electronics
Electronics/B098KZQYGM.jpg,Electronics
Apparel/B074JCVXRR.jpg,Apparel
Home/B0046ECJN2.jpg,Home
Apparel/B07BXYS2VL.jpg,Apparel
Apparel/B074WCMTR1.jpg,Apparel
Home/B07VH1L94D.jpg,Home
Home/B07QTFH1NY.jpg,Home
Home/B083FJ7G9G.jpg,Home
Apparel/B08LZZS35B.jpg,Apparel
Apparel/B07B46ZPFT.jpg,Apparel
Apparel/B074QTP8HJ.jpg,Apparel
Home/B08XZH8N5N.jpg,Home
Electronics/B07CWWNHHH.jpg,Electronics
Home/B07R6TS9C9.jpg,Home
Electronics/B00OPZ0DU8.jpg,Electronics
Apparel/B07MDZKNRD.jpg,Apparel
Apparel/B01E23E28G.jpg,Apparel
Home/B08MY5W8LC.jpg,Home
Apparel/B08FRT116B.jpg,Apparel
Home/B01MU0QG72.jpg,Home
Apparel/B085DKB19M.jpg,Apparel
Electronics/B003WRNP8M.jpg,Electronics
Home/B004B3PGIS.jpg,Home
Apparel/B00BINCBNC.jpg,Apparel
Apparel/B08LVS57PT.jpg,Apparel
Electronics/B073XHMR2S.jpg,Electronics
Electronics/B01669UOLI.jpg,Electronics
Apparel/B0773WNXRV.jpg,Apparel
Electronics/B07ZQ3Z5NC.jpg,Electronics
Electronics/B0BKNF2363.jpg,Electronics
Apparel/B07VKRBKSH.jpg,Apparel
Electronics/B08219GKDR.jpg,Electronics
Apparel/B07TNH1FZ9.jpg,Apparel
Electronics/1400532736.jpg,Electronics
Electronics/B07QL2LP1B.jpg,Electronics
Home/B0B12GPVW3.jpg,Home
Electronics/B0BW6RDNTP.jpg,Electronics
Apparel/B0BVGKVF6B.jpg,Apparel
Electronics/B08TWJWJJT.jpg,Electronics
Apparel/B083TW85BJ.jpg,Apparel
Home/B091QFGSD9.jpg,Home
Home/B07ST8LFVJ.jpg,Home
Apparel/B07MJL695G.jpg,Apparel
Apparel/B07W4H65ZT.jpg,Apparel
Home/B00YDHCFZO.jpg,Home
Electronics/B097ZYMGP8.jpg,Electronics
Electronics/B07MMM5BTY.jpg,Electronics
Electronics/B08QZFSP7M.jpg,Electronics
Apparel/B07VLKB99L.jpg,Apparel
Apparel/B0B6925GH3.jpg,Apparel
Electronics/B00GMTGJIU.jpg,Electronics
Electronics/B0963HHSWK.jpg,Electronics
Home/B09R1X3MR9.jpg,Home
Apparel/B07QJYGBM1.jpg,Apparel
Electronics/B003YLVAKQ.jpg,Electronics
Electronics/B0000ALPBM.jpg,Electronics
Electronics/B0C9QZS95R.jpg,Electronics
Home/B07CB9H1XY.jpg,Home
Electronics/B07CWR5QM7.jpg,Electronics
Home/B098Q69FJC.jpg,Home
Apparel/B010MY0EJ0.jpg,Apparel
Apparel/B011INU2FK.jpg,Apparel
Home/B07C4M5CP2.jpg,Home
Apparel/B01ESVC6I0.jpg,Apparel
Apparel/B082KG22Q7.jpg,Apparel
Apparel/B0968TS213.jpg,Apparel
Apparel/B08NTDFR61.jpg,Apparel
Apparel/B073NPTSR8.jpg,Apparel
Electronics/B07TBKFM2X.jpg,Electronics
Electronics/B08ZLR56QB.jpg,Electronics
Apparel/B07W8LN3GT.jpg,Apparel
Electronics/B00GVIII4A.jpg,Electronics
Apparel/B00O12SOTM.jpg,Apparel
Home/B01MQI1JTR.jpg,Home
Electronics/B071YW61JP.jpg,Electronics
Home/B00Z6T6FEA.jpg,Home
Home/B0912H9ZHP.jpg,Home
Apparel/B07QML416N.jpg,Apparel
Home/B087NWTMTT.jpg,Home
Home/B01MSFK8A2.jpg,Home
Apparel/B06XQ1HF5D.jpg,Apparel
Apparel/B0BZ3BPX5H.jpg,Apparel
Electronics/B07TYWPSRC.jpg,Electronics
Apparel/B0716J24NN.jpg,Apparel
Apparel/B01MT3SMK1.jpg,Apparel
Apparel/B07KBX1LGK.jpg,Apparel
Electronics/B006GFV2SW.jpg,Electronics
Apparel/B09XHP8GDQ.jpg,Apparel
Electronics/B005FYTUN4.jpg,Electronics
Apparel/B07NLH6S21.jpg,Apparel
Apparel/B07G2RMM21.jpg,Apparel
Apparel/B07TJBBSCY.jpg,Apparel
Apparel/B073CFS47F.jpg,Apparel
Apparel/B07BF8XR54.jpg,Apparel
Electronics/B08171X4M9.jpg,Electronics
Apparel/B07NTBL4YD.jpg,Apparel
Apparel/B07HL1F8HX.jpg,Apparel
Electronics/B08P3FZG9M.jpg,Electronics
Home/B074TZRCVW.jpg,Home
Home/B09QCTC1RK.jpg,Home
Home/B08Z8K5Z5W.jpg,Home
Electronics/B096YBG5L3.jpg,Electronics
Home/B00MI549IE.jpg,Home
Home/B075KL9D4N.jpg,Home
Electronics/B01M2YVTCS.jpg,Electronics
Electronics/B01J899CRK.jpg,Electronics
Electronics/B07Z1SYXZZ.jpg,Electronics
Electronics/B07G56VKBK.jpg,Electronics
Electronics/B00GMQ0Y20.jpg,Electronics
Apparel/B08C7L7YSR.jpg,Apparel
Electronics/B08RLPKBQ8.jpg,Electronics
Apparel/B07PPDJZC8.jpg,Apparel
Apparel/B0822CCYRQ.jpg,Apparel
Electronics/B089XZY6F8.jpg,Electronics
Electronics/B07VSG3L51.jpg,Electronics
Apparel/B07WCDQW3R.jpg,Apparel
Electronics/B0BC784D7R.jpg,Electronics
Electronics/B07HMRRJ8H.jpg,Electronics
Apparel/B07TGB1MKY.jpg,Apparel
Home/B087RPZ3C7.jpg,Home
Electronics/B00LB15NY0.jpg,Electronics
Home/B08291SZF8.jpg,Home
Apparel/B0722696K9.jpg,Apparel
Home/B081J56VJF.jpg,Home
Apparel/B01LZZVOL1.jpg,Apparel
Home/B01C7I0JPS.jpg,Home
Home/B08NXGMV5L.jpg,Home
Home/B07L8K2S6J.jpg,Home
Apparel/B07DXRWLNL.jpg,Apparel
Electronics/B07CGC1STR.jpg,Electronics
Home/B08CSX7HQN.jpg,Home
Electronics/B00ESG5TQM.jpg,Electronics
Home/B07YYHG6NY.jpg,Home
Apparel/B08CK1LQ47.jpg,Apparel
Electronics/B079KSW32Q.jpg,Electronics
Electronics/B01I06N34K.jpg,Electronics
Apparel/B019MVXQNK.jpg,Apparel
Home/B00339JHP4.jpg,Home
Home/B08M921SDZ.jpg,Home
Electronics/B0000AE667.jpg,Electronics
Electronics/B07WHYCGL7.jpg,Electronics
Home/B09BHPDNZ2.jpg,Home
Electronics/B000LJQLYE.jpg,Electronics
Home/B07RXVGPX3.jpg,Home
Home/B076TBNB9L.jpg,Home
Home/B087JLVXCL.jpg,Home
Electronics/B08LZD3D51.jpg,Electronics
Electronics/B074TD3B43.jpg,Electronics
Home/B07BKVC4PH.jpg,Home
Home/B07SZR84DG.jpg,Home
Apparel/B014UIP5X4.jpg,Apparel
Electronics/B07VSKMR82.jpg,Electronics
Apparel/B019RLHSM0.jpg,Apparel
Apparel/B01HIFW72I.jpg,Apparel
Electronics/B0BM68956V.jpg,Electronics
Apparel/B06ZYCM2Y4.jpg,Apparel
Apparel/B01MRKOMU0.jpg,Apparel
Electronics/B00AMP9BOO.jpg,Electronics
Electronics/B002CPZZJC.jpg,Electronics
Electronics/B00PJ6I480.jpg,Electronics
Electronics/B0C996WY16.jpg,Electronics
Electronics/B077WRYFPN.jpg,Electronics
Electronics/B00KTS1T7Q.jpg,Electronics
Home/B00I4GRUV4.jpg,Home
Electronics/B005IC68VA.jpg,Electronics
Apparel/B08J81Z48F.jpg,Apparel
Home/B077H2SN8X.jpg,Home
Home/B095P5W9JC.jpg,Home
Home/B079HGPR95.jpg,Home
Apparel/B07PYP316X.jpg,Apparel
Electronics/B09V7J2WYL.jpg,Electronics
Home/B00IWSM5PU.jpg,Home
Electronics/B07JGVL8R2.jpg,Electronics
Electronics/B0725JCDV2.jpg,Electronics
Home/B091994Q9H.jpg,Home
Apparel/B0059DNY74.jpg,Apparel
Electronics/B0BJLCWLC7.jpg,Electronics
Home/B07R3HK3G5.jpg,Home
Electronics/B0731QRH6M.jpg,Electronics
Electronics/B09B3PY851.jpg,Electronics
Electronics/B00JPLXHXW.jpg,Electronics
Home/B08D8KDKRX.jpg,Home
Apparel/B071WXLH63.jpg,Apparel
Electronics/B07CQHXVP3.jpg,Electronics
Apparel/B07M7XH4Y7.jpg,Apparel
Electronics/B00AQKEQUY.jpg,Electronics
Apparel/B07LGGLXQR.jpg,Apparel
Apparel/B07ZFGR5CL.jpg,Apparel
Home/B00EWGTXUQ.jpg,Home
Home/B07JDXB62H.jpg,Home
Home/B07PBTW19N.jpg,Home
Home/B0B929SLNQ.jpg,Home
Home/B09M8VJPDS.jpg,Home
Home/B00ZA8C0RS.jpg,Home
Apparel/B072DTMR2X.jpg,Apparel
Home/B08XX3JR2V.jpg,Home
Electronics/B007VGGK5K.jpg,Electronics
Electronics/B0922SP3PN.jpg,Electronics
Apparel/B07437HBZ7.jpg,Apparel
Apparel/B01INPAMHE.jpg,Apparel
Apparel/B08V4YG6YG.jpg,Apparel
Electronics/B00KO867WS.jpg,Electronics
Home/B07289QYWL.jpg,Home
Apparel/B07G3JKMLT.jpg,Apparel
Home/B08DRTL2HY.jpg,Home
Home/B09ZPCRX3F.jpg,Home
Electronics/B0892ZBXWN.jpg,Electronics
Home/B09YPMCF5P.jpg,Home
Apparel/B08KD666KF.jpg,Apparel
Electronics/B00MXU6KR2.jpg,Electronics
Electronics/B004LGM714.jpg,Electronics
Electronics/B07H68F96P.jpg,Electronics
Electronics/B007G5KFL6.jpg,Electronics
Apparel/B08GWWPSHR.jpg,Apparel
Home/B089GQ2P13.jpg,Home
Electronics/B07GNH1PVY.jpg,Electronics
Apparel/B01ET56ZYQ.jpg,Apparel
Home/B07SM1KHMR.jpg,Home
Apparel/B09DSL2SM5.jpg,Apparel
Electronics/B07589ZKM6.jpg,Electronics
Electronics/B09K7H8CY8.jpg,Electronics
Apparel/B08BXPX6HQ.jpg,Apparel
Home/B09HDW684J.jpg,Home
Apparel/B07DRBNC6C.jpg,Apparel
Home/B08L21P97S.jpg,Home
Apparel/B07WCBLFYN.jpg,Apparel
Apparel/B07259N6C5.jpg,Apparel
Apparel/B09THXNL5L.jpg,Apparel
Electronics/B07J6FTT5N.jpg,Electronics
Apparel/B017BCAAJ0.jpg,Apparel
Apparel/B0736RM9RP.jpg,Apparel
Electronics/B08C9QHHLZ.jpg,Electronics
Apparel/B07S91F83Y.jpg,Apparel
Apparel/B076C58H4C.jpg,Apparel
Home/B0C7123CQM.jpg,Home
Apparel/B08KXH42H9.jpg,Apparel
Apparel/B01M2V1VJF.jpg,Apparel
Apparel/B07LG9Q2M6.jpg,Apparel
Apparel/B08Z31ZN6V.jpg,Apparel
Apparel/B074C638S4.jpg,Apparel
Apparel/B0746BHH1C.jpg,Apparel
Electronics/B019JC8722.jpg,Electronics
Electronics/B08MD8QY7Z.jpg,Electronics
Electronics/B01FYPBK9U.jpg,Electronics
Electronics/B07RXQTL1V.jpg,Electronics
Electronics/B08XW1DDF6.jpg,Electronics
Electronics/B08HZ1352X.jpg,Electronics
Home/B0C1RB93SN.jpg,Home
Electronics/B08M47FQ17.jpg,Electronics
Home/B07CBXF1D6.jpg,Home
Electronics/B08WYV5QHN.jpg,Electronics
Electronics/B00XK5LNZS.jpg,Electronics
Electronics/B01FM2UEHY.jpg,Electronics
Home/B07W95HBLZ.jpg,Home
Electronics/B00LAHI1L2.jpg,Electronics
Apparel/B01N95YSFL.jpg,Apparel
Home/B01C9A62T6.jpg,Home
Home/B07D9TS46X.jpg,Home
Apparel/B085DF8X2T.jpg,Apparel
Apparel/B07HQKCDD5.jpg,Apparel
Apparel/B091KCY3XJ.jpg,Apparel
Apparel/B07H78ZDC8.jpg,Apparel
Electronics/B09G1B4W8H.jpg,Electronics
Home/B00JPZJ2I2.jpg,Home
Apparel/B008XRNPGS.jpg,Apparel
Home/B075MSBP9N.jpg,Home
Home/B07RZZ3ZFV.jpg,Home
Electronics/B009PZA6DW.jpg,Electronics
Electronics/B005IVKZV0.jpg,Electronics
Electronics/B07QL4JZTF.jpg,Electronics
Apparel/B06XKS5K78.jpg,Apparel
Home/B07PXTXDGQ.jpg,Home
Electronics/B01MY3T9WC.jpg,Electronics
Home/B092VP7WV1.jpg,Home
Apparel/B08KHLRX4W.jpg,Apparel
Apparel/B0714JQLXX.jpg,Apparel
Electronics/B00FY46CRW.jpg,Electronics
Apparel/B0B33TYM4K.jpg,Apparel
Apparel/B00ZS9P7JW.jpg,Apparel
Electronics/B016876QV0.jpg,Electronics
Apparel/B07C6M87VQ.jpg,Apparel
Home/B0C6HZBJ8V.jpg,Home
Apparel/B07SQQ3PP8.jpg,Apparel
Electronics/B001O5NKV6.jpg,Electronics
Electronics/B085L76FSW.jpg,Electronics
Home/B0767MVRML.jpg,Home
Home/B07XJBD3CH.jpg,Home
Home/B07L7ZYLTH.jpg,Home
Home/B076C1HTV3.jpg,Home
Electronics/B00B5RAJ30.jpg,Electronics
Apparel/B079HKSLPX.jpg,Apparel
Home/B072NDCBJN.jpg,Home
Electronics/B079YDZ3QJ.jpg,Electronics
Apparel/B073FP8P3J.jpg,Apparel
Apparel/B07RHK9KMV.jpg,Apparel
Home/B00IN6WVNM.jpg,Home
Apparel/B01N81E3Y8.jpg,Apparel
Home/B073SF1XDP.jpg,Home
Electronics/B0108L8WFK.jpg,Electronics
Apparel/B07KYJYD98.jpg,Apparel
Apparel/B09MJYRQK3.jpg,Apparel
Home/B01H7FIXYU.jpg,Home
Home/B08RBMMD76.jpg,Home
Electronics/B08LKXN3GN.jpg,Electronics
Home/B08KKDWMR3.jpg,Home
Apparel/B07MJ8Y22S.jpg,Apparel
Home/B09V7QVHW8.jpg,Home
Electronics/B0163HQ80E.jpg,Electronics
Home/B08D8H9WMQ.jpg,Home
Home/B09GFDHF6W.jpg,Home
Electronics/B00CQ55T8U.jpg,Electronics
Electronics/B09XQP9KBN.jpg,Electronics
Home/B004JVFJSE.jpg,Home
Electronics/B0721MPNZR.jpg,Electronics
Home/B01BVAV65A.jpg,Home
Home/B083DRVXV9.jpg,Home
Electronics/B0BLRMNYJ3.jpg,Electronics
Home/B00381O9E6.jpg,Home
Home/B09LR8KPM2.jpg,Home
Apparel/B09HXV3N64.jpg,Apparel
Home/B07GP6J43J.jpg,Home
Apparel/B07X3WG87R.jpg,Apparel
Apparel/B08MTL1MV5.jpg,Apparel
Home/B01LVZ7NF0.jpg,Home
Apparel/B079H3NZ6N.jpg,Apparel
Electronics/B099355W2C.jpg,Electronics
Home/B004184WGU.jpg,Home
Electronics/B00N1976JU.jpg,Electronics
Apparel/B07RRGB19J.jpg,Apparel
Apparel/B00XJTW9B2.jpg,Apparel
Home/B09RMW8Y6S.jpg,Home
Electronics/B07PHX2X5L.jpg,Electronics
Electronics/B08XYMBL9J.jpg,Electronics
Apparel/B06XQTDGS8.jpg,Apparel
Apparel/B0B9Y589C3.jpg,Apparel
Home/B075KYD33W.jpg,Home
Apparel/B0821PKRKJ.jpg,Apparel
Home/B00W85I8YA.jpg,Home
Apparel/B08CRRY39N.jpg,Apparel
Home/B07Y83949C.jpg,Home
Apparel/B00BD6OZAG.jpg,Apparel
Apparel/B089557FBF.jpg,Apparel
Apparel/B09KRQ6P54.jpg,Apparel
Home/B0BKQY9BQX.jpg,Home
Apparel/B010DGIVMY.jpg,Apparel
Home/B08PFRTRLG.jpg,Home
Home/B00SC6DE7U.jpg,Home
Electronics/B08RJ46BL3.jpg,Electronics
Electronics/B06XS2Q5Y3.jpg,Electronics
Home/B07N2YKC9F.jpg,Home
Electronics/B078BFX77R.jpg,Electronics
Electronics/B07DN4V3VW.jpg,Electronics
Electronics/B07RRMRGLH.jpg,Electronics
Apparel/B01N1SKYO8.jpg,Apparel
Apparel/B08QJRZBNH.jpg,Apparel
Electronics/B084NTBZMT.jpg,Electronics
Electronics/B07ZRZX645.jpg,Electronics
Home/B08V87J9T8.jpg,Home
Electronics/B01CEROKOI.jpg,Electronics
Electronics/B07L4J2H2V.jpg,Electronics
Home/B0832YKSVM.jpg,Home
Electronics/B085FZXDXR.jpg,Electronics
Electronics/B083JX396K.jpg,Electronics
Apparel/B07T52WCYT.jpg,Apparel
Electronics/B0B2KTDR9D.jpg,Electronics
Apparel/B08R3L5NND.jpg,Apparel
Electronics/B082PQKZWH.jpg,Electronics
Electronics/B01LD7WWZO.jpg,Electronics
Apparel/B01GFIDUPW.jpg,Apparel
Electronics/B003Y2TD4K.jpg,Electronics
Electronics/B000WOK1Q2.jpg,Electronics
Electronics/B09CKNK1NP.jpg,Electronics
Home/B0095RP9Y6.jpg,Home
Home/B002AMW3VU.jpg,Home
Home/B09R1D6KY6.jpg,Home
Home/B07J316JTM.jpg,Home
Apparel/B08T5PMKH9.jpg,Apparel
Apparel/B013V35PX4.jpg,Apparel
Home/B08TWDLCMT.jpg,Home
Electronics/B00AFXIM70.jpg,Electronics
Apparel/B018QPR5KS.jpg,Apparel
Apparel/B00D2DEE2W.jpg,Apparel
Home/B00ARSBM3Y.jpg,Home
Home/B008FNBJ5Y.jpg,Home
Home/B07YDHBNLL.jpg,Home
Home/B07SQF7R98.jpg,Home
Apparel/B01FNEKMB4.jpg,Apparel
Apparel/B08XYS958W.jpg,Apparel
Home/B08XK2K6KH.jpg,Home
Electronics/B07P8L414S.jpg,Electronics
Electronics/B0789DR6VR.jpg,Electronics
Apparel/B07FSJNVJ5.jpg,Apparel
Electronics/B00IJ4ELTU.jpg,Electronics
Apparel/B01ALUUYBS.jpg,Apparel
Electronics/B099FMKJND.jpg,Electronics
Home/B0BNPR7TBS.jpg,Home
Electronics/B015PUMLRY.jpg,Electronics
Apparel/B08G8RCQZ3.jpg,Apparel
Home/B07DK1BGFF.jpg,Home
Home/B08TRB3Z6S.jpg,Home
Apparel/B01H2W0YPO.jpg,Apparel
Electronics/B07F2ZH2BL.jpg,Electronics
Apparel/B07DW6XRVB.jpg,Apparel
Home/B08942LQYG.jpg,Home
Home/B0031HOMPS.jpg,Home
Electronics/B0010CUKKW.jpg,Electronics
Electronics/B07F1NSYJ4.jpg,Electronics
Apparel/B0BQM27KFH.jpg,Apparel
Electronics/B00P20369U.jpg,Electronics
Home/B06XBR9Y5Z.jpg,Home
Apparel/B08KXZV998.jpg,Apparel
Home/B00B9RHRM2.jpg,Home
Home/B09BZLGT4Z.jpg,Home
Apparel/B001AEVN9W.jpg,Apparel
Electronics/B073BCY3WS.jpg,Electronics
Electronics/B000T8YG2Q.jpg,Electronics
Home/B0BZ843WZ8.jpg,Home
Apparel/B09LGSQX6B.jpg,Apparel
Apparel/B08BR3ZL9S.jpg,Apparel
Electronics/B07QXG1H9N.jpg,Electronics
Electronics/B0BBW8QY6Y.jpg,Electronics
Home/B0BC88DWDN.jpg,Home
Apparel/B0B4DJYP61.jpg,Apparel
Apparel/B012VY5214.jpg,Apparel
Apparel/B08LGNNZTS.jpg,Apparel
Home/B00FZDBCM2.jpg,Home
Electronics/B00OB127Y6.jpg,Electronics
Electronics/B07WGNBCYZ.jpg,Electronics
Home/B08V1Q8C8B.jpg,Home
Electronics/B015WV1HO4.jpg,Electronics
Home/B0B7JMS4BP.jpg,Home
Electronics/B0B2KLZXCL.jpg,Electronics
Electronics/B008O51ZDO.jpg,Electronics
Apparel/B07ZF36692.jpg,Apparel
Apparel/B0757DXKDW.jpg,Apparel
Home/B07T3BFQLZ.jpg,Home
Home/B07MQKP1RQ.jpg,Home
Apparel/B0113B4PPA.jpg,Apparel
Apparel/B07L4N1CCH.jpg,Apparel
Electronics/B000BSHJKA.jpg,Electronics
Home/B09KRHKV6J.jpg,Home
Electronics/B00772EE5Q.jpg,Electronics
Home/B096D9B34H.jpg,Home
Home/B087B2KKC1.jpg,Home
Home/B078STTCF4.jpg,Home
Apparel/B01GCL8V0Q.jpg,Apparel
Home/B09TK8F57X.jpg,Home
Electronics/B006JY0NQC.jpg,Electronics
Apparel/B01LZNEN5O.jpg,Apparel
Home/B0015GA23S.jpg,Home
Apparel/B01EFM822G.jpg,Apparel
Home/B00KYS3J7O.jpg,Home
Electronics/B07ML9M671.jpg,Electronics
Apparel/B01FBKGTGC.jpg,Apparel
Home/B07WHDPQ8J.jpg,Home
Electronics/B082VH6RJX.jpg,Electronics
Electronics/B0B8KYPX3Z.jpg,Electronics
Apparel/B00IGHAAWW.jpg,Apparel
Apparel/B07MGK3DB6.jpg,Apparel
Apparel/B084MFRT1Q.jpg,Apparel
Apparel/B09FRG2BHD.jpg,Apparel
Electronics/B0BQYGMH93.jpg,Electronics
Apparel/B0058U6B78.jpg,Apparel
Apparel/B01F8LQ0RW.jpg,Apparel
Apparel/B073D8VJD2.jpg,Apparel
Apparel/B084Z5DK6R.jpg,Apparel
Home/B07FPC2LMQ.jpg,Home
Apparel/B00NCXETCW.jpg,Apparel
Apparel/B06WRSXGS9.jpg,Apparel
Home/B089TVMPLB.jpg,Home
Apparel/B07K2RDXGL.jpg,Apparel
Electronics/B07TG8X4HB.jpg,Electronics
Home/B07Z89NNKP.jpg,Home
Home/B01LZA62QC.jpg,Home
Electronics/B016RSJOE6.jpg,Electronics
Electronics/B07VL1531X.jpg,Electronics
Electronics/B08RYR761B.jpg,Electronics
Electronics/B0B3L3JNSD.jpg,Electronics
Electronics/B07WPQY4SX.jpg,Electronics
Apparel/B094D3624T.jpg,Apparel
Home/B00AG8Z5MO.jpg,Home
Electronics/B01AHXEHZS.jpg,Electronics
Electronics/B00XHG7V1K.jpg,Electronics
Home/B00B3NNESS.jpg,Home
Electronics/B09L8FZHJW.jpg,Electronics
Apparel/B076J6QF4D.jpg,Apparel
Electronics/B07PPBHZ97.jpg,Electronics
Electronics/B01MAXMJM8.jpg,Electronics
Apparel/B08YWZHF8H.jpg,Apparel
Home/B092JMQB5S.jpg,Home
Home/B09Y1V1TD1.jpg,Home
Apparel/B074BRS5KW.jpg,Apparel
Home/B08BJ3BXHN.jpg,Home
Apparel/B0BPT1GCWQ.jpg,Apparel
Apparel/B017J9ITES.jpg,Apparel
Home/B01LMT0K2U.jpg,Home
Home/B07XKXY4LQ.jpg,Home
Apparel/B07JNFLKLD.jpg,Apparel
Electronics/B00XP5D5AO.jpg,Electronics
Apparel/B07RJHG9RJ.jpg,Apparel
Electronics/B0B8KWBR4Z.jpg,Electronics
Apparel/B087FW5VCZ.jpg,Apparel
Electronics/B088T946YX.jpg,Electronics
Home/B08T7VCMBY.jpg,Home
Home/B08C1MKXCD.jpg,Home
Apparel/B07TF7SGFK.jpg,Apparel
Electronics/B086JBN7FM.jpg,Electronics
Home/B08K9F6YZN.jpg,Home
Electronics/B00C8OT7FK.jpg,Electronics
Home/B075WSC61N.jpg,Home
Apparel/B079P9MVKH.jpg,Apparel
Home/B01L2QBZ4K.jpg,Home
Apparel/B073QTL9F3.jpg,Apparel
Apparel/B07HHH35HT.jpg,Apparel
Apparel/B072BJXFTC.jpg,Apparel
Home/B0039XEHU4.jpg,Home
Electronics/B004P4PLLU.jpg,Electronics
Electronics/B08JQ6RKLV.jpg,Electronics
Home/B07VNK2LVV.jpg,Home
Electronics/B09HKNKBKM.jpg,Electronics
Home/B082H44F6V.jpg,Home
Electronics/B001DTSRQQ.jpg,Electronics
Home/B01ESIENR0.jpg,Home
Apparel/B07MTKGNKN.jpg,Apparel
Home/B00S4LIYE6.jpg,Home
Apparel/B075GM2V5B.jpg,Apparel
Home/B07QMLN2Q2.jpg,Home
Electronics/B08KGCRKCK.jpg,Electronics
Electronics/B0BSVGYKTK.jpg,Electronics
Home/B01J4M8DCG.jpg,Home
Electronics/B0827HZF1T.jpg,Electronics
Home/B08Z7H7DJF.jpg,Home
Electronics/B0716PHYHR.jpg,Electronics
Home/B07GVPFRZJ.jpg,Home
Apparel/B094QZZ12G.jpg,Apparel
Apparel/B08S72ZY4Z.jpg,Apparel
Apparel/B01DU6IW1E.jpg,Apparel
Apparel/B07S3KXT3T.jpg,Apparel
Apparel/B0BGZKDB2R.jpg,Apparel
Electronics/B087C3ZDN6.jpg,Electronics
Home/B01ATZLKQ8.jpg,Home
Home/B0BCJYBM3X.jpg,Home
Apparel/B018NHA2W2.jpg,Apparel
Apparel/B092JGMGXT.jpg,Apparel
Apparel/B018ZN7N1M.jpg,Apparel
Home/B07CMTMYJG.jpg,Home
Home/B07PX16Z47.jpg,Home
Electronics/B01KKIKSJO.jpg,Electronics
Electronics/B0711SBTWP.jpg,Electronics
Electronics/B012AFJLHA.jpg,Electronics
Home/B071W4NHG8.jpg,Home
Apparel/B07ZCB97FD.jpg,Apparel
Apparel/B0739ZFR3N.jpg,Apparel
Apparel/B01GZ9158A.jpg,Apparel
Apparel/B08L9DR2BY.jpg,Apparel
Electronics/B081WRVQLJ.jpg,Electronics
Electronics/B07JF34H1H.jpg,Electronics
Home/B0BW4K4M3S.jpg,Home
Apparel/B08R8MTTHJ.jpg,Apparel
Home/B0BTPSCBKH.jpg,Home
Home/B007KAWQXW.jpg,Home
Home/B08FT9F74G.jpg,Home
Apparel/B07B47NQ9J.jpg,Apparel
Apparel/B08YJKMKX5.jpg,Apparel
Apparel/B09JC3KNLF.jpg,Apparel
Electronics/B0C7GSBJ35.jpg,Electronics
Home/B08CCF3BNQ.jpg,Home
Electronics/B06X941Q2C.jpg,Electronics
Electronics/B085T2P492.jpg,Electronics
Home/B08LNNFVD1.jpg,Home
Electronics/B0C3CGSXKS.jpg,Electronics
Electronics/B0167HHLCO.jpg,Electronics
Apparel/B07YTPYZW5.jpg,Apparel
Home/B0C1RWTXTH.jpg,Home
Apparel/B093T7X8MK.jpg,Apparel
Apparel/B08934FQ96.jpg,Apparel
Apparel/B00RYJKP3C.jpg,Apparel
Apparel/B018IZCRUO.jpg,Apparel
Apparel/B01KP9YN9E.jpg,Apparel
Electronics/B00W1UAZ0W.jpg,Electronics
Home/B0BHYTGBR2.jpg,Home
Home/B09NM3BRBL.jpg,Home
Apparel/B07RRV2L61.jpg,Apparel
Electronics/B01E5KJJNE.jpg,Electronics
Electronics/B0BHN8KF7N.jpg,Electronics
Electronics/B0BHSJFT5X.jpg,Electronics
Home/B005F564RI.jpg,Home
Apparel/B074QWBYZ1.jpg,Apparel
Electronics/B00BPC0B3I.jpg,Electronics
Home/B009GJXO5O.jpg,Home
Home/B0012J11P6.jpg,Home
Apparel/B01M9JE14Q.jpg,Apparel
Apparel/B07PYS8C6X.jpg,Apparel
Electronics/B07PRHMPJT.jpg,Electronics
Apparel/B071FHXBK3.jpg,Apparel
Apparel/B09QXCW5KF.jpg,Apparel
Electronics/B00TB8XW16.jpg,Electronics
Home/B08Q3GD1QR.jpg,Home
Apparel/B07VRHM9MY.jpg,Apparel
Electronics/B00WUQMW9E.jpg,Electronics
Electronics/B00S8S0AII.jpg,Electronics
Home/B097BNR8H7.jpg,Home
Home/B08M3HTTTQ.jpg,Home
Electronics/B08GLH34GF.jpg,Electronics
Electronics/B077B8WFDT.jpg,Electronics
Apparel/B009P887RG.jpg,Apparel
Apparel/B08WWWW3MK.jpg,Apparel
Apparel/B00F497I1Q.jpg,Apparel
Electronics/B08H4R5J5D.jpg,Electronics
Electronics/B01D40DJ0U.jpg,Electronics
Apparel/B00L9FCF62.jpg,Apparel
Apparel/B097JDNR9G.jpg,Apparel
Apparel/B07H89P652.jpg,Apparel
Home/B00YOFJ378.jpg,Home
Electronics/B01N2JOUKN.jpg,Electronics
Electronics/B07MGR5GMZ.jpg,Electronics
Electronics/B01N3NXPG7.jpg,Electronics
Home/B00P6VHVC8.jpg,Home
Electronics/B0044SKROS.jpg,Electronics
Electronics/B0B8H9WN93.jpg,Electronics
Electronics/B098RRL2H4.jpg,Electronics
Home/B0B9CCWH7L.jpg,Home
Electronics/B082YZXM4S.jpg,Electronics
Electronics/B01M05LN2X.jpg,Electronics
Home/B009P8BESK.jpg,Home
Electronics/B09YL2T9SK.jpg,Electronics
Home/B07W97NZJ6.jpg,Home
Electronics/B07NZ32TRB.jpg,Electronics
Apparel/B07QSWMGN8.jpg,Apparel
Home/B07B6GWWHZ.jpg,Home
Home/B008P3T33Y.jpg,Home
Electronics/B006FTGKFY.jpg,Electronics
Electronics/B00J8HV6DG.jpg,Electronics
Apparel/B00COATQW2.jpg,Apparel
Electronics/B07ZGP1N94.jpg,Electronics
Home/B002XG15OY.jpg,Home
Home/B0BFMMPC2C.jpg,Home
Apparel/B09FXHJ88D.jpg,Apparel
Home/B09W53R3K6.jpg,Home
Electronics/B07GWMMC7N.jpg,Electronics
Apparel/B00UY1YMB8.jpg,Apparel
Home/B07YXBV11Q.jpg,Home
Home/B07P8Q1WGX.jpg,Home
Apparel/B007GMPM6C.jpg,Apparel
Home/B08KBRFH9V.jpg,Home
Home/B07YTPW59V.jpg,Home
Home/B07Y1SV9YW.jpg,Home
Home/B00LGVLKFG.jpg,Home
Electronics/B0011EK3OM.jpg,Electronics
Electronics/B01974FW6G.jpg,Electronics
Apparel/B091DZTGLT.jpg,Apparel
Electronics/B004LA8BVU.jpg,Electronics
Electronics/B086Q87F99.jpg,Electronics
Home/B01BEQWXC6.jpg,Home
Electronics/B08HCYXL7N.jpg,Electronics
Electronics/B0113WX88E.jpg,Electronics
Home/B093KTX2QR.jpg,Home
Apparel/B00YQRKYPE.jpg,Apparel
Home/B001V220YU.jpg,Home
Apparel/B08Z42KVJD.jpg,Apparel
Home/B0037EX4G8.jpg,Home
Apparel/B08KFFTDVN.jpg,Apparel
Home/B07WC37NH6.jpg,Home
Apparel/B01LXTFHIB.jpg,Apparel
Apparel/B00TUK82S8.jpg,Apparel
Electronics/B01APT1FOA.jpg,Electronics
Electronics/B00VY21K8O.jpg,Electronics
Home/B09N76BZHG.jpg,Home
Apparel/B0BF8LZKQZ.jpg,Apparel
Apparel/B07PFTNQFK.jpg,Apparel
Apparel/B08CR1XQ1D.jpg,Apparel
Electronics/B0C5JC6V4M.jpg,Electronics
Electronics/B00QKSWUWW.jpg,Electronics
Apparel/B00LYVKA4A.jpg,Apparel
Electronics/B001PZEVT0.jpg,Electronics
Electronics/B00EY50MVO.jpg,Electronics
Home/B07X6GKPYH.jpg,Home
Electronics/B000S57OZQ.jpg,Electronics
Apparel/B07X13T9B4.jpg,Apparel
Apparel/B07BZJG2WM.jpg,Apparel
Home/B0815YV35C.jpg,Home
Apparel/B0BH8KSXHL.jpg,Apparel
Electronics/B00A2JT6AY.jpg,Electronics
Apparel/B083TXXZBV.jpg,Apparel
Apparel/B01KNT0PIY.jpg,Apparel
Apparel/B07KPT3S89.jpg,Apparel
Electronics/B0BYC8K9TJ.jpg,Electronics
Apparel/B01GO7DDZ6.jpg,Apparel
Electronics/B00ABLD3G6.jpg,Electronics
Electronics/B011Z77M0C.jpg,Electronics
Home/B095CDJLJ2.jpg,Home
Electronics/B013XQWLRM.jpg,Electronics
Electronics/B07CT5SH36.jpg,Electronics
Apparel/B01G5YSKIS.jpg,Apparel
Home/B0B5YTKC2J.jpg,Home
Apparel/B08BQW84BF.jpg,Apparel
Apparel/B081H7WBVR.jpg,Apparel
Apparel/B079XVHMBL.jpg,Apparel
Home/B07PH41L61.jpg,Home
Home/B08KLGRFTT.jpg,Home
Home/B084SQ3B5W.jpg,Home
Electronics/B00FDMUPVO.jpg,Electronics
Electronics/B07ZF9F9H7.jpg,Electronics
Home/B07DZT4972.jpg,Home
Apparel/B075SXHRDY.jpg,Apparel
Electronics/B0B2WZYLR9.jpg,Electronics
Electronics/B0002QWU64.jpg,Electronics
Apparel/B09WYN5G5L.jpg,Apparel
Electronics/B07NSR6MKR.jpg,Electronics
Home/B0928QL8VF.jpg,Home
Electronics/B0835WJ2K9.jpg,Electronics
Electronics/B09NW3W836.jpg,Electronics
Electronics/B005TSQ18I.jpg,Electronics
Electronics/B007PN9RZE.jpg,Electronics
Home/B09H6MJK6M.jpg,Home
Electronics/B00HKVPQM4.jpg,Electronics
Apparel/B09FKXR5SR.jpg,Apparel
Electronics/B07Q5PB5ZX.jpg,Electronics
Electronics/B07S75DVKW.jpg,Electronics
Home/B08W1W2HQM.jpg,Home
Apparel/B08VDQNVTL.jpg,Apparel
Electronics/B088FCQTSW.jpg,Electronics
Apparel/B0732P4M41.jpg,Apparel
Home/B002YVQG9C.jpg,Home
Apparel/B07WGSLZYR.jpg,Apparel
Electronics/B099N8QNR9.jpg,Electronics
Electronics/B00NGRYPVO.jpg,Electronics
Electronics/B0069ANK52.jpg,Electronics
Apparel/B09SDN8LX2.jpg,Apparel
Electronics/B00N16823C.jpg,Electronics
Apparel/B0942ZG3XJ.jpg,Apparel
Electronics/B086J8TLF4.jpg,Electronics
Electronics/B08MC5TY91.jpg,Electronics
Electronics/B07GYQHXQQ.jpg,Electronics
Apparel/B01FXRQOTU.jpg,Apparel
Apparel/B076LHM54Q.jpg,Apparel
Electronics/B00DZIX12S.jpg,Electronics
Home/B099226Q4C.jpg,Home
Apparel/B06Y5L3F7S.jpg,Apparel
Home/B07QNVDP6Z.jpg,Home
Apparel/B07TDXDRMS.jpg,Apparel
Electronics/B013PZE1YM.jpg,Electronics
Home/B07RQJXFDG.jpg,Home
Home/B01KHVXGCU.jpg,Home
Electronics/B07CZ3WXYX.jpg,Electronics
Home/B00RL20USC.jpg,Home
Electronics/B002P2RU9U.jpg,Electronics
Apparel/B08XK26LGY.jpg,Apparel
Home/B09948173R.jpg,Home
Electronics/B087M7Q3HN.jpg,Electronics
Home/B094YJVY3B.jpg,Home
Apparel/B019O1MLAC.jpg,Apparel
Apparel/B07R1RG16L.jpg,Apparel
Apparel/B092HLMPZG.jpg,Apparel
Electronics/B08M15Z11G.jpg,Electronics
Home/B00BC3U55Y.jpg,Home
Home/B0BL3WDKMF.jpg,Home
Home/B0858YVCN3.jpg,Home
Apparel/B08F7H29WX.jpg,Apparel
Electronics/B09BHWQ1M8.jpg,Electronics
Electronics/B07JYLTVJF.jpg,Electronics
Electronics/B07C2KG2HV.jpg,Electronics
Electronics/B06XR6QX29.jpg,Electronics
Apparel/B0BTS72QZM.jpg,Apparel
Apparel/B07HH3GWXJ.jpg,Apparel
Electronics/B0BFN9ZVBT.jpg,Electronics
Apparel/B01B5JR5A2.jpg,Apparel
Home/B08FXF8LPD.jpg,Home
Home/B08S3C1MSV.jpg,Home
Electronics/B007GNMS5Y.jpg,Electronics
Apparel/B01N6LZFS0.jpg,Apparel
Home/B07ZNJ31Z8.jpg,Home
Electronics/B0B8WYL4MJ.jpg,Electronics
Apparel/B07GDSYKD9.jpg,Apparel
Electronics/B08B5PXPJ6.jpg,Electronics
Apparel/B09GYRC4SF.jpg,Apparel
Electronics/B07YXXVL2H.jpg,Electronics
Electronics/B089DKPQ28.jpg,Electronics
Apparel/B07PXCK5RS.jpg,Apparel
Apparel/B07M7YZXTB.jpg,Apparel
Home/B0762NCCDT.jpg,Home
Home/B07QY9YKZJ.jpg,Home
Electronics/B0B8DBR71Z.jpg,Electronics
Electronics/B074N8QKB9.jpg,Electronics
Home/B08CVQV91K.jpg,Home
Apparel/B01DJ9GVXI.jpg,Apparel
Home/B083JN35FR.jpg,Home
Electronics/B09R9BDPXH.jpg,Electronics
Home/B07RBRWW63.jpg,Home
Electronics/B09JWRDQPH.jpg,Electronics
Electronics/B08SCFXD4X.jpg,Electronics
Electronics/B071J8FWZY.jpg,Electronics
Home/B08MYWV65T.jpg,Home
Electronics/B0B2W44YNF.jpg,Electronics
Electronics/B00HQP0174.jpg,Electronics
Apparel/B07YSYX6SY.jpg,Apparel
Apparel/B015G2BXL6.jpg,Apparel
Electronics/B008UE48IS.jpg,Electronics
Home/B01G9II10W.jpg,Home
Home/B07RL8X22R.jpg,Home
Electronics/B01LXX2KZR.jpg,Electronics
Home/B08K7BMG6H.jpg,Home
Electronics/B016WQS26Y.jpg,Electronics
Home/B0919QC7DL.jpg,Home
Apparel/B00LFJE3IK.jpg,Apparel
Apparel/B085L3SGVY.jpg,Apparel
Electronics/B01B1VSCK6.jpg,Electronics
Home/B09MFK2BXL.jpg,Home
Electronics/B01IABYBXW.jpg,Electronics
Electronics/B08PFM5Z9K.jpg,Electronics
Electronics/B08C9M4J72.jpg,Electronics
Electronics/B0868ZGL3P.jpg,Electronics
Home/B07ZPGP66B.jpg,Home
Apparel/B0921Z4QW3.jpg,Apparel
Apparel/B07JLCW82B.jpg,Apparel
Electronics/B00C0YN8T4.jpg,Electronics
Electronics/B0874VDKTY.jpg,Electronics
Home/B07KV7TKX5.jpg,Home
Apparel/B01F1DM4FY.jpg,Apparel
Home/B08F7F4X2M.jpg,Home
Home/B086MJQPYG.jpg,Home
Electronics/B01N8TQG5J.jpg,Electronics
Electronics/B00WB2A97E.jpg,Electronics
Electronics/B019NKA7U0.jpg,Electronics
Home/B004V7FSOQ.jpg,Home
Home/B00GTU2UQM.jpg,Home
Home/B0BFDJG3K7.jpg,Home
Home/B073JZKYBN.jpg,Home
Home/B074DQ37NH.jpg,Home
Apparel/B01KZOB99Q.jpg,Apparel
Apparel/B08BCQFDNW.jpg,Apparel
Electronics/B00FOGSYGM.jpg,Electronics
Apparel/B08W2DLL76.jpg,Apparel
Apparel/B0B45R9F3F.jpg,Apparel
Apparel/B00H26TAIS.jpg,Apparel
Home/B0170UE706.jpg,Home
Apparel/B07K2PPRS4.jpg,Apparel
Electronics/B004Y6NFDU.jpg,Electronics
Home/B07RXR84FT.jpg,Home
Apparel/B003YNHTHW.jpg,Apparel
Home/B0B6CC26DB.jpg,Home
Electronics/B09KBWYQ2X.jpg,Electronics
Home/B09J9629XM.jpg,Home
Apparel/B07P7SDNR5.jpg,Apparel
Apparel/B07FK9HDDZ.jpg,Apparel
Home/B08S3CC1LY.jpg,Home
Electronics/B004GTN3LY.jpg,Electronics
Home/B08LBSMSS4.jpg,Home
Electronics/B0007L7DL6.jpg,Electronics
Electronics/B09PHS6TW8.jpg,Electronics
Electronics/B00XJARJMU.jpg,Electronics
Electronics/B093G4HJG5.jpg,Electronics
Home/B000FCSW7Q.jpg,Home
Home/B01M65CFVE.jpg,Home
Home/B09MJXPDLR.jpg,Home
Home/B09MYZQ2W4.jpg,Home
Electronics/B07Q59B1B8.jpg,Electronics
Home/B01NB8R171.jpg,Home
Electronics/B000I9903G.jpg,Electronics
Electronics/B00UBW7H8A.jpg,Electronics
Home/B003SR78KC.jpg,Home
Electronics/B009TG9YDU.jpg,Electronics
Electronics/B06XKCXFVV.jpg,Electronics
Home/B01M0NB7RE.jpg,Home
Apparel/B01H6Y9BJI.jpg,Apparel
Home/B092DL5FY2.jpg,Home
Apparel/B07QQBWTXB.jpg,Apparel
Apparel/B01N2UM9CU.jpg,Apparel
Home/B08DKCDDTL.jpg,Home
Home/B00J4XCHTQ.jpg,Home
Home/B002PNNP6Q.jpg,Home
Home/B078B8FX5N.jpg,Home
Home/B077T724HF.jpg,Home
Electronics/B083TSZKPN.jpg,Electronics
Apparel/B012UQPFGK.jpg,Apparel
Electronics/B079QJD24P.jpg,Electronics
Apparel/B08C5GPZPV.jpg,Apparel
Home/B074JLFXK1.jpg,Home
Apparel/B07BN8FBJY.jpg,Apparel
Apparel/B072ZKCW4T.jpg,Apparel
Electronics/B06XB321H2.jpg,Electronics
Electronics/B09SYLZ1JG.jpg,Electronics
Electronics/B008ERLFN2.jpg,Electronics
Home/B07T26Z8HJ.jpg,Home
Apparel/B09MFBYYXR.jpg,Apparel
Apparel/B07FR8H8SC.jpg,Apparel
Home/B08HSQJD1M.jpg,Home
Apparel/B072HYW8V6.jpg,Apparel
Electronics/B0BHCGX1TN.jpg,Electronics
Apparel/B07DQFFQ7Z.jpg,Apparel
Electronics/B008ML8EYI.jpg,Electronics
Apparel/B07YNYD8HV.jpg,Apparel
Electronics/B07PVRRNMC.jpg,Electronics
Electronics/B08RNJLGTL.jpg,Electronics
Apparel/B092CRJBCK.jpg,Apparel
Home/B07DPKJJTV.jpg,Home
Apparel/B07DZ11QRG.jpg,Apparel
Electronics/B088PRM33M.jpg,Electronics
Home/B079ZN896M.jpg,Home
Electronics/B01FYX3716.jpg,Electronics
Home/B09JRZ55RP.jpg,Home
Apparel/B081ZQ4NSS.jpg,Apparel
Electronics/B0798G4KYB.jpg,Electronics
Home/B0072WT2H6.jpg,Home
Electronics/B01BVX4U8W.jpg,Electronics
Home/B087LF2KHB.jpg,Home
Home/B07GLP422T.jpg,Home
Home/B00O93Z0N6.jpg,Home
Apparel/B0926YXMT8.jpg,Apparel
Apparel/B07P2Z8GMW.jpg,Apparel
Apparel/B09BZ3HZ89.jpg,Apparel
Apparel/B09T5BXTVJ.jpg,Apparel
Home/B00AKG49W4.jpg,Home
Electronics/B01AVPTXGA.jpg,Electronics
Home/B0BNLNXXB2.jpg,Home
Home/B06W59DRKH.jpg,Home
Apparel/B015EDI9N2.jpg,Apparel
Home/B0BQFFDKB7.jpg,Home
Home/B08FCXW8PG.jpg,Home
Home/B01LBDKQDU.jpg,Home
Home/B08FT7L3Z9.jpg,Home
Electronics/B000XJ4QXA.jpg,Electronics
Home/B082VR2G7R.jpg,Home
Electronics/B0BB171DVQ.jpg,Electronics
Home/B00GGA0MME.jpg,Home
Electronics/B081YQX5S8.jpg,Electronics
Electronics/B016DQKJRS.jpg,Electronics
Home/B07WP7TJDV.jpg,Home
Electronics/B0112B80FC.jpg,Electronics
Electronics/B01MSLYVFQ.jpg,Electronics
Electronics/B01LNBFGQM.jpg,Electronics
Home/B00ARTGE3Q.jpg,Home
Electronics/B001NO3SII.jpg,Electronics
Apparel/B098JBJQKX.jpg,Apparel
Home/B00KO73XA8.jpg,Home
Apparel/B06VXZV4WK.jpg,Apparel
Home/B09K6M54BQ.jpg,Home
Home/B07QGX7D9G.jpg,Home
Apparel/B07RP7862Y.jpg,Apparel
Home/B07RPT339Y.jpg,Home
Electronics/B07PV7G1D2.jpg,Electronics
Apparel/B00KIPYUR6.jpg,Apparel
Electronics/B0BLX83H6L.jpg,Electronics
Electronics/B09LHD8PG1.jpg,Electronics
Home/B01M9DHW60.jpg,Home
Apparel/B01MY8TDRO.jpg,Apparel
Apparel/B017OG2VSQ.jpg,Apparel
Home/B08BLC69XN.jpg,Home
Apparel/B07SC6F7H7.jpg,Apparel
Electronics/B00LFJ1SMO.jpg,Electronics
Electronics/B019RRX8DC.jpg,Electronics
Apparel/B07LG518R9.jpg,Apparel
Electronics/B07DWDDYJY.jpg,Electronics
Home/B00VKGXAKK.jpg,Home
Electronics/B09SHNT5GJ.jpg,Electronics
Home/B07RLV76LQ.jpg,Home
Home/B0BWN8NDH7.jpg,Home
Electronics/B07TCSF98C.jpg,Electronics
Electronics/B00ECWZMUK.jpg,Electronics
Home/B08S34CPB7.jpg,Home
Apparel/B071LNWRBW.jpg,Apparel
Home/B000XDCLXS.jpg,Home
Apparel/B07KS2TGDB.jpg,Apparel
Home/B07D4B587P.jpg,Home
Home/B09HJRQ8LS.jpg,Home
Apparel/B07CJ1BLC3.jpg,Apparel
Home/B00S0DK1GW.jpg,Home
Home/B081SQX149.jpg,Home
Apparel/B01DP65V0Y.jpg,Apparel
Electronics/B09HWPTS71.jpg,Electronics
Apparel/B078PRLRJY.jpg,Apparel
Apparel/B00RVCN9PS.jpg,Apparel
Home/B01M7RS809.jpg,Home
Apparel/B07TZ2W255.jpg,Apparel
Home/B07P7WZH7H.jpg,Home
Home/B01ELO4OIY.jpg,Home
Apparel/B09BR4RJSZ.jpg,Apparel
Home/B00ZWQKCMI.jpg,Home
Electronics/B01N52OXRO.jpg,Electronics
Electronics/B01E0Z3W6E.jpg,Electronics
Apparel/B08G1PXYWG.jpg,Apparel
Apparel/B07L3Q4PW3.jpg,Apparel
Electronics/B07XZCCK4H.jpg,Electronics
Apparel/B017O0ZNJQ.jpg,Apparel
Electronics/B00SQRG8JG.jpg,Electronics
Home/B07M9VQNGW.jpg,Home
Electronics/B01HS1PTK4.jpg,Electronics
Apparel/B09B4SW8BQ.jpg,Apparel
Home/B08GFH13NY.jpg,Home
Apparel/B01A6GE36Y.jpg,Apparel
Electronics/B01N1OLHCN.jpg,Electronics
Home/B00I4SVFXQ.jpg,Home
Home/B09XJVN3HC.jpg,Home
Apparel/B01N9AZWXQ.jpg,Apparel
Electronics/B09ZQGNCFZ.jpg,Electronics
Home/B091C8FJD3.jpg,Home
Electronics/B00L8283XU.jpg,Electronics
Electronics/B0B844BXXP.jpg,Electronics
Electronics/B01F4YXONQ.jpg,Electronics
Home/B08B8QT7G4.jpg,Home
Home/B00CIZ62QG.jpg,Home
Apparel/B08N61P9N6.jpg,Apparel
Apparel/B071VD4DB1.jpg,Apparel
Home/B07B3G84DF.jpg,Home
Home/B0BFCVKD7D.jpg,Home
Home/B095XJCBNH.jpg,Home
Home/B002ESH26G.jpg,Home
Apparel/B07K19MHS8.jpg,Apparel
Apparel/B016OGGOIU.jpg,Apparel
Home/B0748KGS5J.jpg,Home
Apparel/B077Q3R7FR.jpg,Apparel
Electronics/B001TP4RRC.jpg,Electronics
Apparel/B0792H4XNB.jpg,Apparel
Home/B08BFVT169.jpg,Home
Apparel/B01I352SP8.jpg,Apparel
Electronics/B07C2MKB6P.jpg,Electronics
Electronics/B07XYJZSHD.jpg,Electronics
Apparel/B09BBKH1B5.jpg,Apparel
Home/B0BRHVP43J.jpg,Home
Home/B009NFBPUW.jpg,Home
Electronics/B0BD88S3ST.jpg,Electronics
Apparel/B009Y2H8FU.jpg,Apparel
Home/B093LSXDH6.jpg,Home
Apparel/B07666MCS1.jpg,Apparel
Apparel/B07FKNVVYZ.jpg,Apparel
Electronics/B06XD8YW9N.jpg,Electronics
Home/B07PH1C8FD.jpg,Home
Electronics/B089JWSV7Q.jpg,Electronics
Home/B071R9HG98.jpg,Home
Home/B08R73LRTJ.jpg,Home
Electronics/B006GMYGKQ.jpg,Electronics
Apparel/B08DLHDHXH.jpg,Apparel
Electronics/B003PJ6QWE.jpg,Electronics
Electronics/B000O50V7I.jpg,Electronics
Apparel/B07KGPKNQ1.jpg,Apparel
Home/B01DW2HKD2.jpg,Home
Electronics/B0034G0JQC.jpg,Electronics
Home/B07GQDHBLZ.jpg,Home
Electronics/B09DPNFS19.jpg,Electronics
Apparel/B08HC5RZLM.jpg,Apparel
Electronics/B00E71E202.jpg,Electronics
Electronics/B004JWRBPM.jpg,Electronics
Apparel/B01K1TPHA2.jpg,Apparel
Electronics/B07M7T6GL2.jpg,Electronics
Electronics/B00005Y3RI.jpg,Electronics
Home/B07HDW4BN2.jpg,Home
Home/B008ZRKNHU.jpg,Home
Home/B01BNWYFJA.jpg,Home
Electronics/B005PSQ5TM.jpg,Electronics
Electronics/B014HW082Q.jpg,Electronics
Electronics/B01KWIQZFS.jpg,Electronics
Home/B01KJMSF46.jpg,Home
Apparel/B07K4XL6T3.jpg,Apparel
Home/B077NR9WN7.jpg,Home
Apparel/B07CNX2VRT.jpg,Apparel
Home/B0084XZHTE.jpg,Home
Apparel/B07PMGZTBW.jpg,Apparel
Apparel/B08GFYBV36.jpg,Apparel
Apparel/B01HEU0VMK.jpg,Apparel
Home/B00DHLN6HS.jpg,Home
Apparel/B07NC7VD13.jpg,Apparel
Apparel/B01KXH35CO.jpg,Apparel
Electronics/B01N4REJHN.jpg,Electronics
Apparel/B07FGY3LY1.jpg,Apparel
Electronics/B01JUREEKK.jpg,Electronics
Home/B075VKNQ71.jpg,Home
Home/B09W2PBQLS.jpg,Home
Electronics/B00WRAO96W.jpg,Electronics
Apparel/B08JZ236HX.jpg,Apparel
Home/B00AEXVAM0.jpg,Home
Apparel/B00HQ09DOG.jpg,Apparel
Home/B07RRD432H.jpg,Home
Electronics/B0062TYD7E.jpg,Electronics
Home/B00H6LHA9U.jpg,Home
Electronics/B07YLL8XQD.jpg,Electronics
Electronics/B099QN78FP.jpg,Electronics
Electronics/B08XYCHCXC.jpg,Electronics
Electronics/B00TWXGQK4.jpg,Electronics
Apparel/B01C3IKGW8.jpg,Apparel
Electronics/B0773SHKGN.jpg,Electronics
Electronics/B00F69GDOW.jpg,Electronics
Electronics/B09D3H8RS5.jpg,Electronics
Apparel/B07J4YQ1C5.jpg,Apparel
Apparel/B01KZ8JDU4.jpg,Apparel
Electronics/B0947BWQKL.jpg,Electronics
Apparel/B08XJY1BX5.jpg,Apparel
Apparel/B01LQAOGSO.jpg,Apparel
Home/B09NY3W9GQ.jpg,Home
Apparel/B00TH4LY9Q.jpg,Apparel
Apparel/B08CDV9KLK.jpg,Apparel
Apparel/B01M0ZUICN.jpg,Apparel
Home/B07GRSG4QZ.jpg,Home
Apparel/B09DR6JS7W.jpg,Apparel
Home/B07WRL38QC.jpg,Home
Electronics/B07DQP78TZ.jpg,Electronics
Electronics/B07HYQ4K87.jpg,Electronics
Home/B0BKD7GS4V.jpg,Home
Home/B00I4J8FUQ.jpg,Home
Electronics/B07HVHT2YC.jpg,Electronics
Electronics/B01CZW8B5G.jpg,Electronics
Electronics/B00BQYXEKW.jpg,Electronics
Electronics/B00GWXL3FA.jpg,Electronics
Electronics/B08BJKYK5M.jpg,Electronics
Home/B07SRS81GD.jpg,Home
Home/B07Z3GLKQ5.jpg,Home
Apparel/B01C7UWASK.jpg,Apparel
Apparel/B088HF81G2.jpg,Apparel
Apparel/B00DP3MA8O.jpg,Apparel
Electronics/B013HD3F7Q.jpg,Electronics
Electronics/B085MZVBH4.jpg,Electronics
Electronics/B01N14CY0B.jpg,Electronics
Home/B09HJX3CH5.jpg,Home
Electronics/B0BWHYWK4F.jpg,Electronics
Electronics/B078RMG6SL.jpg,Electronics
Apparel/B08422MRMW.jpg,Apparel
Apparel/B01LYGOV1V.jpg,Apparel
Home/B00YW0L9M2.jpg,Home
Electronics/B0BTP77MGQ.jpg,Electronics
Apparel/B01JNA40BM.jpg,Apparel
Apparel/B00W12FKPA.jpg,Apparel
Electronics/B09MFHCVNW.jpg,Electronics
Apparel/B07K633GZX.jpg,Apparel
Electronics/B0827NVT67.jpg,Electronics
Electronics/B00Z98KFT4.jpg,Electronics
Home/B07K3LSQDT.jpg,Home
Electronics/B011HXTPKE.jpg,Electronics
Apparel/B00X6PR6M6.jpg,Apparel
Electronics/B0077CDC22.jpg,Electronics
Electronics/B08F4DL5P1.jpg,Electronics
Home/B09Q87VM17.jpg,Home
Home/B08PPB58MS.jpg,Home
Home/B0BWLFG8XV.jpg,Home
Home/B00T7UYSU2.jpg,Home
Apparel/B071ZGFQ2B.jpg,Apparel
Home/B004AE2HNA.jpg,Home
Apparel/B0B6FZFKC5.jpg,Apparel
Home/B07P54FZJ1.jpg,Home
Apparel/B098KBZ87X.jpg,Apparel
Home/B09C5FT412.jpg,Home
Electronics/B09CTKZGJ6.jpg,Electronics
Electronics/B08L7P8F5C.jpg,Electronics
Apparel/B09C1FWW28.jpg,Apparel
Home/B00GY1T3CU.jpg,Home
Home/B0BB5W43S7.jpg,Home
Apparel/B01N48RFQA.jpg,Apparel
Apparel/B00WL9XY0G.jpg,Apparel
Apparel/B076HJ3YFZ.jpg,Apparel
Apparel/B01MTRV6PL.jpg,Apparel
Apparel/B01LPO7AJI.jpg,Apparel
Home/B07XSNS186.jpg,Home
Electronics/B008HAO0DS.jpg,Electronics
Apparel/B01M4QYKR8.jpg,Apparel
Electronics/B00348U2VM.jpg,Electronics
Home/B0049VJ0DE.jpg,Home
Home/B07QBL1NHM.jpg,Home
Home/B07G9578YB.jpg,Home
Apparel/B0153EPSPY.jpg,Apparel
Apparel/B098L887WM.jpg,Apparel
Apparel/B089R4KYF8.jpg,Apparel
Electronics/B001NOVL00.jpg,Electronics
Electronics/B07MVX2QJ1.jpg,Electronics
Apparel/B01BXEJRPA.jpg,Apparel
Home/B0BGL12CZ6.jpg,Home
Apparel/B076NRN5CT.jpg,Apparel
Electronics/B00OR0XZTM.jpg,Electronics
Apparel/B08Q34SLFN.jpg,Apparel
Apparel/B01LCL1FWC.jpg,Apparel
Apparel/B08DQW7S7W.jpg,Apparel
Electronics/B00W6ZX0HM.jpg,Electronics
Apparel/B01MYDEK92.jpg,Apparel
Apparel/B094VJ635W.jpg,Apparel
Apparel/B07Y1X4GFR.jpg,Apparel
Apparel/B01MSMJLYW.jpg,Apparel
Home/B08T3G4891.jpg,Home
Home/B001CELZ66.jpg,Home
Electronics/B01HMJAIYY.jpg,Electronics
Home/B08HPTW6PD.jpg,Home
Electronics/B09NRN65PW.jpg,Electronics
Apparel/B08YZ7F6WH.jpg,Apparel
Home/B01CTV9YS6.jpg,Home
Apparel/B007X676YW.jpg,Apparel
Apparel/B00O2PVYHW.jpg,Apparel
Apparel/B08LYTW5VS.jpg,Apparel
Home/B076QFYR1G.jpg,Home
Apparel/B08R7BLQFL.jpg,Apparel
Apparel/B07XDLJT66.jpg,Apparel
Apparel/B08HH8NWPD.jpg,Apparel
Apparel/B08SW55Q42.jpg,Apparel
Electronics/B08HJRHBK1.jpg,Electronics
Home/B09S37LQZ5.jpg,Home
Home/B07DMV3X8V.jpg,Home
Electronics/B07ZY6XMT7.jpg,Electronics
Home/B001D6WH9C.jpg,Home
Apparel/B092WCJ64D.jpg,Apparel
Home/B087Z67SJJ.jpg,Home
Home/B08JGKLP3P.jpg,Home
Home/B0BD8VDJ81.jpg,Home
Home/B09SX4RX53.jpg,Home
Apparel/B00GXGH2LA.jpg,Apparel
Electronics/B00NJNFW1C.jpg,Electronics
Home/B091YXPDX6.jpg,Home
Apparel/B00CQ5SIXI.jpg,Apparel
Apparel/B08NDV674S.jpg,Apparel
Apparel/B01MA1TSNJ.jpg,Apparel
Electronics/B003XFUX1K.jpg,Electronics
Home/B000CESX1C.jpg,Home
Electronics/B00OW3A6LY.jpg,Electronics
Electronics/B09X8DYYPB.jpg,Electronics
Electronics/B0B492CN7L.jpg,Electronics
Electronics/B00061UTV8.jpg,Electronics
Home/B09CTS9LSR.jpg,Home
Apparel/B08SJ4F5J5.jpg,Apparel
Home/B09MGP3WFR.jpg,Home
Apparel/B0749JQ4N7.jpg,Apparel
Electronics/B008H7SWJ4.jpg,Electronics
Home/B00KV423M8.jpg,Home
Home/B0B1Z2M8CG.jpg,Home
Apparel/B0786RNZ79.jpg,Apparel
Apparel/B09V4N7Q2J.jpg,Apparel
Home/B082RDHJFS.jpg,Home
Home/B00KI0ZW5K.jpg,Home
Electronics/B07RS43MJR.jpg,Electronics
Electronics/B07PQG16VG.jpg,Electronics
Electronics/B0C336NZ5M.jpg,Electronics
Apparel/B06XV7LDFP.jpg,Apparel
Apparel/B08DNB6T5W.jpg,Apparel
Electronics/B093743Y1Z.jpg,Electronics
Electronics/B076BS11CX.jpg,Electronics
Home/B07TJQK2SH.jpg,Home
Electronics/B002XHBR8C.jpg,Electronics
Electronics/B08LS9ZSC3.jpg,Electronics
Apparel/B014W1KK6Q.jpg,Apparel
Electronics/B07MX1X7N9.jpg,Electronics
Electronics/B016UIB30G.jpg,Electronics
Apparel/B09439N6J1.jpg,Apparel
Home/B00SHINQOO.jpg,Home
Electronics/B07SLH23D4.jpg,Electronics
Home/B0755T1W9K.jpg,Home
Apparel/B00IJQD2IE.jpg,Apparel
Home/B08DTSF126.jpg,Home
Home/B073V33R3B.jpg,Home
Electronics/B004V2OU0O.jpg,Electronics
Electronics/B07FK2BG8S.jpg,Electronics
Home/B001CJBNT0.jpg,Home
Home/B0751C42N5.jpg,Home
Electronics/B08D6ZN2ZZ.jpg,Electronics
Home/B07FNM3SQP.jpg,Home
Electronics/B082ZL9CPP.jpg,Electronics
Apparel/B01A1RF6VE.jpg,Apparel
Electronics/B0C7BDST52.jpg,Electronics
Home/B077673TCG.jpg,Home
Electronics/B09F9Y8WJK.jpg,Electronics
Electronics/B0026MRVX4.jpg,Electronics
Apparel/B07FBBGB5X.jpg,Apparel
Electronics/B0094NLNAU.jpg,Electronics
Apparel/B07ZX47CZM.jpg,Apparel
Electronics/B079396XVS.jpg,Electronics
Electronics/B01G1BWO8W.jpg,Electronics
Electronics/B07ZQ1MJRM.jpg,Electronics
Apparel/B07R6RMS2T.jpg,Apparel
Electronics/B001942G9E.jpg,Electronics
Home/B08D9JJJKR.jpg,Home
Electronics/B07WRG24ZQ.jpg,Electronics
Electronics/B00XIOYBQY.jpg,Electronics
Home/B0B9MZPZ4J.jpg,Home
Electronics/B00006JPHW.jpg,Electronics
Electronics/B00QNYV61Y.jpg,Electronics
Home/B085L8LHNR.jpg,Home
Apparel/B07YDDSX5L.jpg,Apparel
Home/B0793426MX.jpg,Home
Apparel/B07K69B3BF.jpg,Apparel
Home/B0BZRY98GY.jpg,Home
Electronics/B075968L72.jpg,Electronics
Apparel/B07WKW72CV.jpg,Apparel
Electronics/B000V97W8S.jpg,Electronics
Apparel/B016BAJFUS.jpg,Apparel
Electronics/B07CCKTK2J.jpg,Electronics
Electronics/B06XF3W5SF.jpg,Electronics
Electronics/B00C3R16O2.jpg,Electronics
Electronics/B00S749IQ8.jpg,Electronics
Apparel/B00TUSQXV8.jpg,Apparel
Home/B01LZ0XL2F.jpg,Home
Apparel/B09CL5DWB8.jpg,Apparel
Apparel/B08DLSDXV4.jpg,Apparel
Home/B07CRR2HW2.jpg,Home
Electronics/B01N4VAJ1J.jpg,Electronics
Apparel/B07DB6J3G8.jpg,Apparel
Electronics/B08DXLZGK2.jpg,Electronics
Home/B07DPFM38N.jpg,Home
Apparel/B00UXJNZM8.jpg,Apparel
Home/B07KS3Z6Y3.jpg,Home
Apparel/B07JFS5SFH.jpg,Apparel
Electronics/B06XCFD239.jpg,Electronics
Apparel/B010C1EY7Q.jpg,Apparel
Home/B08D11BP2W.jpg,Home
Home/B007Z5K9BS.jpg,Home
Electronics/B00362YGWM.jpg,Electronics
Home/B01M8OAAV6.jpg,Home
Electronics/B0BDYKJH86.jpg,Electronics
Home/B08D7FLYG9.jpg,Home
Home/B08RS577B9.jpg,Home
Apparel/B07MHMMQJS.jpg,Apparel
Electronics/B000SEXBO0.jpg,Electronics
Electronics/B07PVSKWXJ.jpg,Electronics
Apparel/B07ND3DQJ6.jpg,Apparel
Home/B08R639FYS.jpg,Home
Home/B08KSC3DS7.jpg,Home
Home/B08SBGP45Q.jpg,Home
Home/B0B99H96Y8.jpg,Home
Home/B07LBMGPSD.jpg,Home
Electronics/B0BD3CZ33S.jpg,Electronics
Home/B085LT2LQB.jpg,Home
Apparel/B017BUDASK.jpg,Apparel
Home/B07XC31BG3.jpg,Home
Apparel/B07WJF5VW9.jpg,Apparel
Apparel/B008DJUIRA.jpg,Apparel
Home/B08K2WY914.jpg,Home
Electronics/B00VO7VOUI.jpg,Electronics
Home/B01N5YB8R2.jpg,Home
Electronics/B07GXNGWGV.jpg,Electronics
Electronics/B0825H4T77.jpg,Electronics
Electronics/B0B7JFLD6Z.jpg,Electronics
Apparel/B097SCZH6H.jpg,Apparel
Electronics/B08KD52C6X.jpg,Electronics
Electronics/B08CR4VL3X.jpg,Electronics
Home/B0BV8N6QBX.jpg,Home
Apparel/B08QVJ38QH.jpg,Apparel
Home/B09XRJNV4J.jpg,Home
Home/B09QY1NTQ3.jpg,Home
Home/B06XXGJQG3.jpg,Home
Electronics/B08D6TP7XT.jpg,Electronics
Electronics/B08SCL85G2.jpg,Electronics
Home/B0914PD42W.jpg,Home
Electronics/B00DL4BMMC.jpg,Electronics
Home/B01DQGTZKU.jpg,Home
Home/B0B71N22DX.jpg,Home
Home/B0017T6R9Q.jpg,Home
Apparel/B07TCYK7NM.jpg,Apparel
Electronics/B08114CWF7.jpg,Electronics
Home/B0B5HN9H1R.jpg,Home
Electronics/B00004T2LR.jpg,Electronics
Apparel/B01LBZV0UQ.jpg,Apparel
Home/B08P79TF4C.jpg,Home
Electronics/B00LWIEE1U.jpg,Electronics
Apparel/B06XXB4LDP.jpg,Apparel
Home/B01NASXLUL.jpg,Home
Electronics/B0024NKGQE.jpg,Electronics
Electronics/B079G8WB9D.jpg,Electronics
Home/B09H7CTN2R.jpg,Home
Apparel/B00JXFY8S8.jpg,Apparel
Apparel/B01EYTNHM0.jpg,Apparel
Apparel/B09K6BY479.jpg,Apparel
Apparel/B099NF3DP1.jpg,Apparel
Apparel/B07YBJM6X8.jpg,Apparel
Electronics/B00TKR46AY.jpg,Electronics
Home/B07XRH8QNZ.jpg,Home
Apparel/B01D48K4DW.jpg,Apparel
Electronics/B09HWRB5ZJ.jpg,Electronics
Home/B01E9FOM4Q.jpg,Home
Electronics/B07FSJZ5XQ.jpg,Electronics
Electronics/B000EOXK5O.jpg,Electronics
Electronics/B01MRTSC8I.jpg,Electronics
Apparel/B06Y291RRC.jpg,Apparel
Home/B00YWCB1FK.jpg,Home
Electronics/B00Z7RZMAO.jpg,Electronics
Home/B09V7H9MTJ.jpg,Home
Apparel/B0BG4RRVMQ.jpg,Apparel
Electronics/B09KQ2WW5X.jpg,Electronics
Home/B07CGB6647.jpg,Home
Electronics/B00VHWBDW4.jpg,Electronics
Electronics/B09C5WH2RF.jpg,Electronics
Home/B0093U8MD0.jpg,Home
Home/B0B2WB8SCX.jpg,Home
Electronics/B0C2TJG2GQ.jpg,Electronics
Home/B09KT2HQ4W.jpg,Home
Home/B08N4BV7TW.jpg,Home
Apparel/B07PJJZD5B.jpg,Apparel
Home/B07WCYVN2Q.jpg,Home
Home/B08KSQWPLX.jpg,Home
Apparel/B08D3D65GX.jpg,Apparel
Electronics/B07DF6RCHK.jpg,Electronics
Electronics/B01DNRI7M4.jpg,Electronics
Electronics/B087YY93X1.jpg,Electronics
Home/B083F4W4L2.jpg,Home
Apparel/B081VHX362.jpg,Apparel
Apparel/B06XKF27W2.jpg,Apparel
Apparel/B07ZRZRC8S.jpg,Apparel
Electronics/B07NWCWYB6.jpg,Electronics
Electronics/B00M8KQPOU.jpg,Electronics
Apparel/B00O0Z9886.jpg,Apparel
Electronics/B01L3IT29M.jpg,Electronics
Electronics/B077N979P6.jpg,Electronics
Electronics/B08T176GVM.jpg,Electronics
Home/B072J4B2ZS.jpg,Home
Apparel/B01NBF0GWD.jpg,Apparel
Electronics/B00BNANI46.jpg,Electronics
Electronics/B00DMWC7J0.jpg,Electronics
Apparel/B092MMGGPL.jpg,Apparel
Home/B000UBFV80.jpg,Home
Apparel/B07544T257.jpg,Apparel
Apparel/B091DPQTZF.jpg,Apparel
Home/B000VWH7YO.jpg,Home
Home/B0000BY8RN.jpg,Home
Electronics/B085QMRL4W.jpg,Electronics
Home/B08LZT3L6X.jpg,Home
Home/B009TAK4UI.jpg,Home
Electronics/B012BBEASI.jpg,Electronics
Apparel/B00QHQM5EA.jpg,Apparel
Apparel/B07RV4TR1N.jpg,Apparel
Electronics/B071HW5X3C.jpg,Electronics
Apparel/B07BDJB8H9.jpg,Apparel
Home/B001VSTBNC.jpg,Home
Apparel/B00L8ZRWFC.jpg,Apparel
Electronics/B098K4VBZY.jpg,Electronics
Apparel/B005LPSVMS.jpg,Apparel
Home/B08MZZJKL7.jpg,Home
Home/B014DNPGAI.jpg,Home
Apparel/B08GFJGT5Y.jpg,Apparel
Apparel/B01FXN851Y.jpg,Apparel
Home/B01HO60LTM.jpg,Home
Apparel/B096ZD87DL.jpg,Apparel
Home/B08RN1JQVR.jpg,Home
Electronics/B09YYR1YKY.jpg,Electronics
Home/B004LZFW30.jpg,Home
Apparel/B081S9ZMWP.jpg,Apparel
Electronics/B086W9752D.jpg,Electronics
Apparel/B01M74B7FK.jpg,Apparel
Home/B017WBSOGG.jpg,Home
Apparel/B018J4PH8S.jpg,Apparel
Electronics/B075CYGW17.jpg,Electronics
Electronics/B000TTCG8Q.jpg,Electronics
Home/B07P9HCYB5.jpg,Home
Home/B07X5ST6L9.jpg,Home
Home/B08HGRTM2V.jpg,Home
Apparel/B074J3DDTM.jpg,Apparel
Home/B0B2J5S485.jpg,Home
Electronics/B07ZFFZG49.jpg,Electronics
Electronics/B01M7VVCSK.jpg,Electronics
Apparel/B07HQ9X9RY.jpg,Apparel
Home/B07RPCQLZ9.jpg,Home
Home/B011VM27YW.jpg,Home
Electronics/B07QLBGGM4.jpg,Electronics
Home/B0B1KZ9TN3.jpg,Home
Apparel/B07CT873F4.jpg,Apparel
Electronics/B083G8894F.jpg,Electronics
Home/B00XOQ20ZK.jpg,Home
Apparel/B09DYRLJ1F.jpg,Apparel
Electronics/B084WXV2V1.jpg,Electronics
Electronics/B01INJ7KMK.jpg,Electronics
Home/B0964TFFRM.jpg,Home
Home/B09CYW9YJ3.jpg,Home
Home/B015E978R4.jpg,Home
Apparel/B00GP3VTP6.jpg,Apparel
Home/B00EAZJEGM.jpg,Home
Electronics/B007UMNWFG.jpg,Electronics
Home/B00Y13LGVE.jpg,Home
Home/B07M5BQP6P.jpg,Home
Home/B08GNRNLMD.jpg,Home
Apparel/B088ZYFQBG.jpg,Apparel
Home/B00NSXZ290.jpg,Home
Electronics/B08ZS27B2X.jpg,Electronics
Apparel/B087KZPH8F.jpg,Apparel
Home/B00B4MPZN0.jpg,Home
Home/B07ZV5YX7Y.jpg,Home
Electronics/B0028W204C.jpg,Electronics
Home/B017N3CZU4.jpg,Home
Apparel/B07P6TRNLZ.jpg,Apparel
Apparel/B01MDKNH83.jpg,Apparel
Home/B07B6LVXWQ.jpg,Home
Apparel/B01N2BAO34.jpg,Apparel
Home/B00BIY13TE.jpg,Home
Home/B00UTVSOW6.jpg,Home
Home/B0B1QVJJ7M.jpg,Home
Electronics/B005NCPSNO.jpg,Electronics
Apparel/B00Q7NT186.jpg,Apparel
Home/B08JGRF535.jpg,Home
Apparel/B0915LS7MK.jpg,Apparel
Apparel/B09BLS1NSF.jpg,Apparel
Electronics/B09BX3FTCC.jpg,Electronics
Home/B00C8FGBUS.jpg,Home
Electronics/B00K5K1PQI.jpg,Electronics
Electronics/B003UNF0K4.jpg,Electronics
Home/B07337YKFF.jpg,Home
Home/B09VDFP789.jpg,Home
Apparel/B078PYL8ZR.jpg,Apparel
Apparel/B07CSYY3X9.jpg,Apparel
Electronics/B0916F2TWZ.jpg,Electronics
Electronics/B00MBDUG2Q.jpg,Electronics
Apparel/B01GKLU5NE.jpg,Apparel
Home/B00WZ528KS.jpg,Home
Electronics/B015J5H5E4.jpg,Electronics
Home/B0BM4V2SNF.jpg,Home
Electronics/B00BGYQXUA.jpg,Electronics
Electronics/B07YZ7GW1S.jpg,Electronics
Electronics/B00IYPKG7A.jpg,Electronics
Electronics/B073WFJRG4.jpg,Electronics
Home/B01KLUFTB8.jpg,Home
Electronics/B0009PY8EU.jpg,Electronics
Home/B08LNVSW8M.jpg,Home
Electronics/B00KD62FJK.jpg,Electronics
Electronics/B0BG8STKVQ.jpg,Electronics
Electronics/B07CXHCTQV.jpg,Electronics
Home/B0069OND3W.jpg,Home
Apparel/B07BZ354QZ.jpg,Apparel
Apparel/B07765C4NY.jpg,Apparel
Electronics/B08YNJR493.jpg,Electronics
Electronics/B019JC9AZU.jpg,Electronics
Electronics/B00INVDBCC.jpg,Electronics
Apparel/B094NL31NX.jpg,Apparel
Home/B09312MBTF.jpg,Home
Electronics/B01H697172.jpg,Electronics
Electronics/B08KG743WN.jpg,Electronics
Apparel/B004BN6KMY.jpg,Apparel
Apparel/B00VW8XV0K.jpg,Apparel
Apparel/B01ABVCACI.jpg,Apparel
Apparel/B07GDLFJWB.jpg,Apparel
Apparel/B07DGYC914.jpg,Apparel
Apparel/B09791TBHZ.jpg,Apparel
Electronics/B003GDT8S8.jpg,Electronics
Home/B0B5LZZLPM.jpg,Home
Electronics/B07FCCBWRS.jpg,Electronics
Home/B07C571SKF.jpg,Home
Electronics/B07255BCBR.jpg,Electronics
Apparel/B012U35K8Q.jpg,Apparel
Electronics/B00180TDLI.jpg,Electronics
Home/B00E938YFC.jpg,Home
Home/B08GLNR32K.jpg,Home
Apparel/B07KBY2P6P.jpg,Apparel
Home/B08RYL8S2Y.jpg,Home
Apparel/B07D526K8L.jpg,Apparel
Home/B087TW31GM.jpg,Home
Apparel/B08CBCDP2Q.jpg,Apparel
Electronics/B00ZEJK282.jpg,Electronics
Apparel/B07929F1GD.jpg,Apparel
Apparel/B01LYI5I5A.jpg,Apparel
Apparel/B073RDQM6H.jpg,Apparel
Home/B09YRM3L64.jpg,Home
Electronics/B002LVUX1W.jpg,Electronics
Apparel/B073J7Q96N.jpg,Apparel
Home/B07TWBJH9B.jpg,Home
Electronics/B01DSNXPS4.jpg,Electronics
Electronics/B07F324TGY.jpg,Electronics
Home/B00A6GTMMU.jpg,Home
Apparel/B076DHM1TL.jpg,Apparel
Home/B099Q954BH.jpg,Home
Apparel/B08Y6CM8LN.jpg,Apparel
Home/B01N8STL19.jpg,Home
Electronics/B08TWPS4WL.jpg,Electronics
Electronics/B079GR96PB.jpg,Electronics
Home/B07MK8WWKJ.jpg,Home
Apparel/B07CHHSWYY.jpg,Apparel
Electronics/B0BW4GSD5Y.jpg,Electronics
Apparel/B0871GS4LJ.jpg,Apparel
Apparel/B076Z5QD6M.jpg,Apparel
Home/B0BF5JWZHC.jpg,Home
Home/B00BLCQX0C.jpg,Home
Apparel/B0719QHNR4.jpg,Apparel
Apparel/B07JQ72B9R.jpg,Apparel
Apparel/B07PQ4C6WN.jpg,Apparel
Home/B085CNJSW9.jpg,Home
Electronics/B01B2D411W.jpg,Electronics
Apparel/B018WY63CO.jpg,Apparel
Electronics/B07H8M76VP.jpg,Electronics
Electronics/B07NWGQ5N8.jpg,Electronics
Home/B07NZ8YLZG.jpg,Home
Electronics/B06X3VMK2H.jpg,Electronics
Apparel/B094MNGJVH.jpg,Apparel
Apparel/B0172AK0UK.jpg,Apparel
Apparel/B08N4836G1.jpg,Apparel
Home/B09K6SPDZ9.jpg,Home
Electronics/B09L6ZBSRV.jpg,Electronics
Apparel/B09QGR59HX.jpg,Apparel
Electronics/B09WR1JDYV.jpg,Electronics
Home/B01GOBFYFY.jpg,Home
Electronics/B0837JPZ14.jpg,Electronics
Apparel/B083J2MYWZ.jpg,Apparel
Home/B009G46QKE.jpg,Home
Apparel/B07YCVKQK4.jpg,Apparel
Home/B00CE5DO5W.jpg,Home
Electronics/B01N37NS92.jpg,Electronics
Home/B01F27K6L8.jpg,Home
Electronics/B09KRL8H71.jpg,Electronics
Home/B08DKWCNYS.jpg,Home
Home/B00OBZ9FKG.jpg,Home
Apparel/B00DJ9O8ZW.jpg,Apparel
Electronics/B07QQGY2P3.jpg,Electronics
Home/B06XT6DVR5.jpg,Home
Apparel/B06X9G8NTP.jpg,Apparel
Electronics/B08R3K8JY5.jpg,Electronics
Home/B08GM9KKDG.jpg,Home
Apparel/B079CGJRBV.jpg,Apparel
Apparel/B073ZV3BDL.jpg,Apparel
Home/B06XC5WFTF.jpg,Home
Home/B07CM71N1V.jpg,Home
Electronics/B07RPM2MK1.jpg,Electronics
Electronics/B08LNWPYPS.jpg,Electronics
Electronics/B01MDTNM4L.jpg,Electronics
Apparel/B09CLB11KJ.jpg,Apparel
Home/B0B63R2MG3.jpg,Home
Electronics/B086R1FRFM.jpg,Electronics
Home/B08LFYQ347.jpg,Home
Apparel/B079B3VMML.jpg,Apparel
Home/B00ODEYGRC.jpg,Home
Home/B00196SS0I.jpg,Home
Home/B01G92DWM0.jpg,Home
Home/B0BNGF92MN.jpg,Home
Electronics/B001QZ8Z8W.jpg,Electronics
Apparel/B07GJLGJJ3.jpg,Apparel
Apparel/B08JMC4ZK5.jpg,Apparel
Electronics/B00KVW6KQ0.jpg,Electronics
Electronics/B00N20BAVS.jpg,Electronics
Home/B07YT3V6GT.jpg,Home
Electronics/B01EUM31D6.jpg,Electronics
Home/B08X368PLL.jpg,Home
Home/B00D6NYQ2Q.jpg,Home
Apparel/B088JK7Z55.jpg,Apparel
Electronics/B07GLYQ6DY.jpg,Electronics
Home/B00H03Q23E.jpg,Home
Electronics/B0092KGLWK.jpg,Electronics
Home/B00T8AGUY8.jpg,Home
Electronics/B07386CQZX.jpg,Electronics
Apparel/B07NS19LHK.jpg,Apparel
Electronics/B072HQKM1K.jpg,Electronics
Apparel/B09B12P2NP.jpg,Apparel
Apparel/B01DDCGS2U.jpg,Apparel
Apparel/B07MBDTFPD.jpg,Apparel
Electronics/B088FXF17R.jpg,Electronics
Home/B081NC3R2J.jpg,Home
Apparel/B08LVWKJR1.jpg,Apparel
Electronics/B00VFYT68C.jpg,Electronics
Apparel/B09C588W2Q.jpg,Apparel
Apparel/B076LS6R6T.jpg,Apparel
Home/B012Y35YOW.jpg,Home
Apparel/B07MHKJ5YJ.jpg,Apparel
Home/B0BPGDCXGQ.jpg,Home
Apparel/B09BHM4VPL.jpg,Apparel
Home/B00VQNFI6G.jpg,Home
Home/B07TG9STBF.jpg,Home
Apparel/B01GU28JVS.jpg,Apparel
Electronics/B01NGYWFDW.jpg,Electronics
Apparel/B01N0O02S0.jpg,Apparel
Electronics/B08VDF7TMC.jpg,Electronics
Electronics/B00KZCPEDQ.jpg,Electronics
Home/B06XCKGSLW.jpg,Home
Home/B0837Q34WF.jpg,Home
Apparel/B0739V1VD7.jpg,Apparel
Home/B0B2591W85.jpg,Home
Electronics/B00D49WMDW.jpg,Electronics
Home/B00BP94MTK.jpg,Home
Home/B07D636ZQ8.jpg,Home
Home/B07DN12S8Y.jpg,Home
Apparel/B08T16ZPNZ.jpg,Apparel
Electronics/B01KO0TVIM.jpg,Electronics
Home/B08R8R5D74.jpg,Home
Apparel/B06XHH1HQV.jpg,Apparel
Home/B07J6SCPQW.jpg,Home
Apparel/B07BMN5KGT.jpg,Apparel
Home/B09M9G6GK4.jpg,Home
Electronics/B00UUENWMY.jpg,Electronics
Home/B08MWC6LXB.jpg,Home
Electronics/B0C2XV1C38.jpg,Electronics
Apparel/B08JY7V6QF.jpg,Apparel
Electronics/B00Z9RZX7E.jpg,Electronics
Electronics/B085XLTDH8.jpg,Electronics
Apparel/B00OV603TC.jpg,Apparel
Electronics/B00093IPM8.jpg,Electronics
Home/B06ZZ2H199.jpg,Home
Home/B0941MNL6T.jpg,Home
Home/B00A7S0F78.jpg,Home
Apparel/B08HHYGDKR.jpg,Apparel
Home/B09QPC6XKS.jpg,Home
Electronics/B0B5WM6PXX.jpg,Electronics
Apparel/B07R7N59RP.jpg,Apparel
Home/B0885VZL6Q.jpg,Home
Apparel/B08DKGYVF3.jpg,Apparel
Apparel/B076P4C2YK.jpg,Apparel
Apparel/B07KKFJWW7.jpg,Apparel
Apparel/B003WXLZFQ.jpg,Apparel
Home/B07FWM8WLK.jpg,Home
Electronics/B00KIMW2T2.jpg,Electronics
Apparel/B087225CKP.jpg,Apparel
Electronics/B089YGXM3D.jpg,Electronics
Home/B075XBTSBQ.jpg,Home
Apparel/B08L7GDMZC.jpg,Apparel
Home/B08VJ5YHPG.jpg,Home
Apparel/B08CX16ZVP.jpg,Apparel
Home/B0024GTB76.jpg,Home
Electronics/B08Y6FFFM7.jpg,Electronics
Apparel/B076H48FC8.jpg,Apparel
Electronics/B007Z84DL2.jpg,Electronics
Electronics/B07FZZCHC5.jpg,Electronics
Apparel/B07TBDCZ1F.jpg,Apparel
Apparel/B08BHY59MQ.jpg,Apparel
Home/B07JLZ396Y.jpg,Home
Electronics/B004V4GYHO.jpg,Electronics
Home/B0B5MMCNSC.jpg,Home
Home/B00FAV6F3A.jpg,Home
Electronics/B0816YQ9BQ.jpg,Electronics
Electronics/B004HWV8Y4.jpg,Electronics
Apparel/B09KYFGMVR.jpg,Apparel
Electronics/B073PNXMJ6.jpg,Electronics
Apparel/B0716LR6TR.jpg,Apparel
Apparel/B09Y874X3P.jpg,Apparel
Home/B00ALYINVS.jpg,Home
Electronics/B07MKNKX4Y.jpg,Electronics
Apparel/B08GJTV1NZ.jpg,Apparel
Apparel/B07S9Y6DHZ.jpg,Apparel
Electronics/B08TQF2G5P.jpg,Electronics
Electronics/B01AUHO7YM.jpg,Electronics
Home/B08B78PFWY.jpg,Home
Electronics/B00NLETZ6C.jpg,Electronics
Apparel/B00CM8R0OM.jpg,Apparel
Apparel/B078GQL8R5.jpg,Apparel
Home/B0965S8KHM.jpg,Home
Home/B0B9Y9BBTQ.jpg,Home
Apparel/B08Q7ZC8J6.jpg,Apparel
Home/B07GKYF9L1.jpg,Home
Home/B07D7JFCH2.jpg,Home
Apparel/B0143KQKGU.jpg,Apparel
Home/B07BVTYVHW.jpg,Home
Apparel/B07DXWNHWY.jpg,Apparel
Home/B09RTPX5KF.jpg,Home
Home/B0BHRWLKB6.jpg,Home
Electronics/B07QPPCRN7.jpg,Electronics
Electronics/B0BTBYGL9C.jpg,Electronics
Home/B09H4M6JWS.jpg,Home
Home/B08FHZV7LN.jpg,Home
Electronics/B0079TOG4Q.jpg,Electronics
Apparel/B0120OFMLA.jpg,Apparel
Home/B081T51MT4.jpg,Home
Home/B079PYKRXZ.jpg,Home
Electronics/B08ZSBZCWY.jpg,Electronics
Apparel/B0989Y7G7Y.jpg,Apparel
Electronics/B00CMC5LY4.jpg,Electronics
Apparel/B08X6R61J1.jpg,Apparel
Apparel/B07XRJFYJW.jpg,Apparel
Home/B0177VPJC8.jpg,Home
Home/B005KT7NLA.jpg,Home
Electronics/B08KGT3VDM.jpg,Electronics
Home/B09PVBMJDK.jpg,Home
Home/B098SV24DF.jpg,Home
Apparel/B001OTDQNO.jpg,Apparel
Electronics/B07QT3DR58.jpg,Electronics
Electronics/B071YMLBMW.jpg,Electronics
Home/B001TUTRB8.jpg,Home
Apparel/B08CL3SQP8.jpg,Apparel
Electronics/B0784WV2DS.jpg,Electronics
Home/B0BHK6SX5T.jpg,Home
Home/B0001594FQ.jpg,Home
Home/B0173I4PTS.jpg,Home
Electronics/B001MQ30ZS.jpg,Electronics
Electronics/B016YK2HZK.jpg,Electronics
Electronics/B07XXM75QN.jpg,Electronics
Home/B09G6GFCM7.jpg,Home
Apparel/B09JSHDDWR.jpg,Apparel
Home/B015MSG9OK.jpg,Home
Apparel/B01GLPT3YG.jpg,Apparel
Electronics/B01LACKE7A.jpg,Electronics
Home/B07D3PRG81.jpg,Home
Home/B07C6XM1WS.jpg,Home
Apparel/B08D8F1JGT.jpg,Apparel
Apparel/B00UOYV5OC.jpg,Apparel
Apparel/B07VT47Y8D.jpg,Apparel
Electronics/B005IQGR8A.jpg,Electronics
Apparel/B077Q61VJX.jpg,Apparel
Electronics/B00QXIJ6S0.jpg,Electronics
Electronics/B00PFICUZ0.jpg,Electronics
Apparel/B00KVMZKB6.jpg,Apparel
Electronics/B0014DOFN0.jpg,Electronics
Home/B079VQQ9Z2.jpg,Home
Electronics/B00CDZM1ZC.jpg,Electronics
Home/B088CYXKC9.jpg,Home
Electronics/B00WTQWX1M.jpg,Electronics
Home/B0094DSRZO.jpg,Home
Apparel/B00A228DG4.jpg,Apparel
Home/B00M45THPI.jpg,Home
Electronics/B00UMVVU8S.jpg,Electronics
Home/B01AASVWEO.jpg,Home
Electronics/B07W87M589.jpg,Electronics
Apparel/B07XYQ91R1.jpg,Apparel
Apparel/B09VXXTG7T.jpg,Apparel
Home/B075TY9SSN.jpg,Home
Apparel/B09NB88P5F.jpg,Apparel
Home/B007FD82C8.jpg,Home
Electronics/B077HHYVQ2.jpg,Electronics
Home/B08PFYVQJL.jpg,Home
Apparel/B09XPCRQDR.jpg,Apparel
Electronics/B085XJVQR6.jpg,Electronics
Home/B09NCTSVXC.jpg,Home
Electronics/B01MR3AJ31.jpg,Electronics
Home/B01JANCB5O.jpg,Home
Apparel/B0727XLWN8.jpg,Apparel
Home/B09C1HTWK7.jpg,Home
Home/B08JZHPB95.jpg,Home
Electronics/B003DNSJPE.jpg,Electronics
Apparel/B075Q6491Y.jpg,Apparel
Electronics/B086FGL1HL.jpg,Electronics
Home/B09BFLHD7F.jpg,Home
Home/B0B6382W3Z.jpg,Home
Electronics/B01CE8L59U.jpg,Electronics
Electronics/B00NJVRTHE.jpg,Electronics
Electronics/B00FD2V7NE.jpg,Electronics
Apparel/B0881NZ93B.jpg,Apparel
Electronics/B0BYVW71JP.jpg,Electronics
Home/B07G1YYC3F.jpg,Home
Apparel/B0756RGFC8.jpg,Apparel
Home/B00ZCGNZ7W.jpg,Home
Home/B001H4DOBA.jpg,Home
Electronics/B07KDGNGQ9.jpg,Electronics
Apparel/B06VW2SZF3.jpg,Apparel
Electronics/B07LH93PFM.jpg,Electronics
Home/B004JK200U.jpg,Home
Apparel/B07HFQVLD6.jpg,Apparel
Electronics/B00JQOQP64.jpg,Electronics
Home/B08ZDL8475.jpg,Home
Apparel/B01D2VID02.jpg,Apparel
Apparel/B07G57YKS3.jpg,Apparel
Apparel/B0757FPYWB.jpg,Apparel
Home/B016KMQ460.jpg,Home
Apparel/B08GPRJ2VD.jpg,Apparel
Apparel/B07MXB4QDX.jpg,Apparel
Electronics/B08HN1R1NN.jpg,Electronics
Home/B08GC59SBH.jpg,Home
Electronics/B07YVPVNBS.jpg,Electronics
Electronics/B01M4Q76IE.jpg,Electronics
Apparel/B07Y8CRV6P.jpg,Apparel
Electronics/B07NPSRR6N.jpg,Electronics
Electronics/B07M5H7PFW.jpg,Electronics
Apparel/B06W5QNFR3.jpg,Apparel
Apparel/B07H69PGBR.jpg,Apparel
Apparel/B08XTGYSDR.jpg,Apparel
Home/B09LQCTBRG.jpg,Home
Home/B07K6XGPYR.jpg,Home
Electronics/B005TCJJ9M.jpg,Electronics
Electronics/B07GX1YBGM.jpg,Electronics
Home/B09539HQB7.jpg,Home
Apparel/B07BH97V14.jpg,Apparel
Home/B007MNKBHU.jpg,Home
Apparel/B0BNW81VXY.jpg,Apparel
Home/B078NLJFJB.jpg,Home
Apparel/B082VC2ZS1.jpg,Apparel
Apparel/B07GRQXV5M.jpg,Apparel
Home/B07F38C3MW.jpg,Home
Electronics/B013OUU4KS.jpg,Electronics
Apparel/B0BG7BCVBL.jpg,Apparel
Electronics/B00AYNY0HM.jpg,Electronics
Home/B08RK3XZV5.jpg,Home
Apparel/B01F473J42.jpg,Apparel
Electronics/B0B9WFNWTV.jpg,Electronics
Apparel/B083WCQRRM.jpg,Apparel
Home/B093FPLMVY.jpg,Home
Home/B08NVQ5HSL.jpg,Home
Electronics/B08FD8YFG2.jpg,Electronics
Electronics/B0BTNQQZF1.jpg,Electronics
Home/B088SZYKGH.jpg,Home
Home/B0BTKSRYD4.jpg,Home
Home/B007LDM368.jpg,Home
Apparel/B00L4CQFPW.jpg,Apparel
Apparel/B00S6JB23Q.jpg,Apparel
Apparel/B01HUOHVBY.jpg,Apparel
Apparel/B08135NMSD.jpg,Apparel
Electronics/B00117032Q.jpg,Electronics
Home/B0C62F2N9G.jpg,Home
Home/B00IPQCLDA.jpg,Home
Apparel/B07YC4L2XW.jpg,Apparel
Electronics/B00684LEU2.jpg,Electronics
Electronics/B0B5GXBBPN.jpg,Electronics
Apparel/B0B6H7NCVH.jpg,Apparel
Apparel/B0732L3F18.jpg,Apparel
Home/B00T5VLBPS.jpg,Home
Electronics/B077YGVXJ2.jpg,Electronics
Apparel/B01D94NVI6.jpg,Apparel
Apparel/B07VGHDDYG.jpg,Apparel
Electronics/B00DMLZ266.jpg,Electronics
Electronics/B093TRWLZ3.jpg,Electronics
Electronics/B079DW6L2S.jpg,Electronics
Home/B0042D7SV0.jpg,Home
Electronics/B08P4NKMHY.jpg,Electronics
Home/B0070Y8D0S.jpg,Home
Electronics/B008G4ESOQ.jpg,Electronics
Electronics/B00UF9A2VI.jpg,Electronics
Home/B08DHNPGR9.jpg,Home
Apparel/B08VN32TN4.jpg,Apparel
Electronics/B08CVBZ1RN.jpg,Electronics
Electronics/B0045E70QY.jpg,Electronics
Home/B07VS5W3W5.jpg,Home
Electronics/B06Y6MWZ9V.jpg,Electronics
Apparel/B085P24RQ5.jpg,Apparel
Electronics/B07KW61SRL.jpg,Electronics
Electronics/B08BFQ3W6M.jpg,Electronics
Apparel/B00EHUURIE.jpg,Apparel
Electronics/B09G6HTKRH.jpg,Electronics
Home/B092SGT9MN.jpg,Home
Apparel/B00ITWJCIM.jpg,Apparel
Electronics/B004T39GDQ.jpg,Electronics
Apparel/B079SRJ6L9.jpg,Apparel
Electronics/B08RX54BKT.jpg,Electronics
Home/B01DYSGO18.jpg,Home
Electronics/B08B5TNBQ3.jpg,Electronics
Home/B0BK3HFM2F.jpg,Home
Home/B08QZ44C8V.jpg,Home
Home/B082LJRFK6.jpg,Home
Home/B08B367LPP.jpg,Home
Home/B07S1MPXLM.jpg,Home
Home/B09JYGN4LL.jpg,Home
Electronics/B01HHT7QLC.jpg,Electronics
Apparel/B07LHJKHN8.jpg,Apparel
Apparel/B07PDW4GS1.jpg,Apparel
Apparel/B0751JRH46.jpg,Apparel
Electronics/B07GFP5JRX.jpg,Electronics
Home/B01DTHDJYE.jpg,Home
Home/B07J288FR8.jpg,Home
Electronics/B072VXYCRZ.jpg,Electronics
Home/B008Y64WSI.jpg,Home
Electronics/B08KQD1MSZ.jpg,Electronics
Electronics/B015E3NHZC.jpg,Electronics
Electronics/B09ZLTTRFP.jpg,Electronics
Electronics/B0007LKVEM.jpg,Electronics
Apparel/B07V1NYC7T.jpg,Apparel
Apparel/B091681GD9.jpg,Apparel
Electronics/B00WXAYCCM.jpg,Electronics
Electronics/B07SWSRNN6.jpg,Electronics
Electronics/B0099RPHC6.jpg,Electronics
Home/B085RYN6L3.jpg,Home
Apparel/B08CKKQ72R.jpg,Apparel
Home/B08PCY2N7R.jpg,Home
Home/B09KGJW5FR.jpg,Home
Electronics/B00CW4GEH0.jpg,Electronics
Home/B0B5WY1LQS.jpg,Home
Electronics/B07C8H27JY.jpg,Electronics
Apparel/B09YVZ2PHC.jpg,Apparel
Electronics/B0071UEUQM.jpg,Electronics
Apparel/B07XYNCHBQ.jpg,Apparel
Apparel/B00RHT84FA.jpg,Apparel
Apparel/B07V287ZR5.jpg,Apparel
Electronics/B01L5HA272.jpg,Electronics
Home/B095M1LQ46.jpg,Home
Home/B081DNGJVK.jpg,Home
Electronics/B0044T2SOE.jpg,Electronics
Apparel/B0B4J5CBR9.jpg,Apparel
Apparel/B07K19D782.jpg,Apparel
Home/B09RGXTXZR.jpg,Home
Electronics/B07DP7DK9M.jpg,Electronics
Electronics/B000T336MC.jpg,Electronics
Home/B01FN8LZGG.jpg,Home
Electronics/B00H4GP4MM.jpg,Electronics
Electronics/B09R9NPQSX.jpg,Electronics
Apparel/B01G48EE3K.jpg,Apparel
Apparel/B076BTBCK3.jpg,Apparel
Home/B07676QJ3R.jpg,Home
Apparel/B00YG59LFK.jpg,Apparel
Home/B073RMNP3T.jpg,Home
Apparel/B072PRQ9XJ.jpg,Apparel
Home/B07B4P857V.jpg,Home
Home/B09LDCK1H2.jpg,Home
Apparel/B01E5CUK6W.jpg,Apparel
Home/B08687WSS2.jpg,Home
Apparel/B08PBJ583X.jpg,Apparel
Home/B0BBZHBWF8.jpg,Home
Apparel/B07XWB8X91.jpg,Apparel
Home/B01I1YFFUG.jpg,Home
Home/B00CBJ7TBG.jpg,Home
Home/B09FLWBQ9Z.jpg,Home
Apparel/B08X2987QV.jpg,Apparel
Home/B09N9YWRLR.jpg,Home
Home/B00KQOQKFO.jpg,Home
Home/B01COATPGI.jpg,Home
Apparel/B07QMTMXMM.jpg,Apparel
Electronics/B083WDS7FQ.jpg,Electronics
Home/B07TTS6Y6K.jpg,Home
Electronics/B07GWJR7WM.jpg,Electronics
Electronics/B0716WDSGK.jpg,Electronics
Electronics/B07Y2SVNSV.jpg,Electronics
Home/B075PWD9CJ.jpg,Home
Electronics/B01M7SHP0M.jpg,Electronics
Apparel/B0769LJCYX.jpg,Apparel
Apparel/B07WC731XD.jpg,Apparel
Apparel/B073ZBH958.jpg,Apparel
Electronics/B08BLGLPJH.jpg,Electronics
Apparel/B08HGLFRRP.jpg,Apparel
Home/B08DR37CB3.jpg,Home
Electronics/B0071PWKLY.jpg,Electronics
Home/B0BQB7NPHF.jpg,Home
Electronics/B0045UB4YC.jpg,Electronics
Home/B09QXFFM1F.jpg,Home
Home/B088BDMP91.jpg,Home
Home/B07Q42M9BR.jpg,Home
Home/B07G76SSK8.jpg,Home
Apparel/B07TN5J1VS.jpg,Apparel
Home/B001ECL6WE.jpg,Home
Home/B0184WEVDC.jpg,Home
Home/B00MZJ497Y.jpg,Home
Electronics/B087GKN17H.jpg,Electronics
Electronics/B08KZPF37M.jpg,Electronics
Home/B002S88KYU.jpg,Home
Electronics/B09NR1KJRH.jpg,Electronics
Apparel/B09T2B3WT3.jpg,Apparel
Electronics/B09S8CXRBJ.jpg,Electronics
Apparel/B01MXKWFXP.jpg,Apparel
Home/B079MSFW3T.jpg,Home
Apparel/B00JB4TII6.jpg,Apparel
Apparel/B091DMQW6B.jpg,Apparel
Apparel/B07934W4RW.jpg,Apparel
Apparel/B01EKGW23W.jpg,Apparel
Electronics/B078YJQFH5.jpg,Electronics
Apparel/B08M3SQZHR.jpg,Apparel
Home/B09XFF8SPJ.jpg,Home
Home/B085VFRJ1K.jpg,Home
Electronics/B09BXTKWQJ.jpg,Electronics
Apparel/B07PQCCBR4.jpg,Apparel
Electronics/B003HFTNLW.jpg,Electronics
Home/B09S2Z57SG.jpg,Home
Electronics/B009KT9WAG.jpg,Electronics
Electronics/B09N6VYD9X.jpg,Electronics
Apparel/B08KDK1PPM.jpg,Apparel
Electronics/B01J8VTQL0.jpg,Electronics
Electronics/B08Y6D1ZDP.jpg,Electronics
Electronics/B0B19FT2FL.jpg,Electronics
Electronics/B0777RY75V.jpg,Electronics
Electronics/B00JOB5182.jpg,Electronics
Electronics/B009HP42J4.jpg,Electronics
Apparel/B07JHMHCSH.jpg,Apparel
Home/B08ZXYCH5M.jpg,Home
Electronics/B08D3KRSCL.jpg,Electronics
Electronics/B013WFYTX8.jpg,Electronics
Electronics/B001VDX78W.jpg,Electronics
Home/B01M719PJ4.jpg,Home
Electronics/B003FJDR0I.jpg,Electronics
Apparel/B0B4K2NM3M.jpg,Apparel
Apparel/B079YF3K8T.jpg,Apparel
Apparel/B09CPZVFTX.jpg,Apparel
Apparel/B012HL5AAO.jpg,Apparel
Apparel/B08258WPL8.jpg,Apparel
Apparel/B014XBH7NE.jpg,Apparel
Apparel/B08LQTV876.jpg,Apparel
Apparel/B08BK52SQB.jpg,Apparel
Home/B07MZ41PYV.jpg,Home
Apparel/B07B67V93V.jpg,Apparel
Electronics/B000WFOY6E.jpg,Electronics
Electronics/B09Z29NTPY.jpg,Electronics
Electronics/B01MXIY9QY.jpg,Electronics
Electronics/B074BTTDPX.jpg,Electronics
Electronics/B00QT0YZME.jpg,Electronics
Home/B07BDJNZXP.jpg,Home
Home/B07GX735ZM.jpg,Home
Home/B0017D0F3Q.jpg,Home
Apparel/B08Q7G5JGS.jpg,Apparel
Home/B07ZWP78GH.jpg,Home
Electronics/B005TF53A8.jpg,Electronics
Apparel/B088M3S7T7.jpg,Apparel
Electronics/B081JK4X14.jpg,Electronics
Home/B0BR8PX4KL.jpg,Home
Home/B01NAR9HUY.jpg,Home
Apparel/B01MU4PLJQ.jpg,Apparel
Electronics/B0C7QV3J1J.jpg,Electronics
Home/B07X8VCV6H.jpg,Home
Apparel/B0BJXZH28Y.jpg,Apparel
Apparel/B07K7HPN1L.jpg,Apparel
Home/B00JK2LJ5E.jpg,Home
Home/B0BV67S75R.jpg,Home
Home/B09G6RNQ98.jpg,Home
Home/B097FZSXQX.jpg,Home
Electronics/B004L0T4UM.jpg,Electronics
Electronics/B078TN383D.jpg,Electronics
Electronics/B09ZPHRRMX.jpg,Electronics
Electronics/B07RL92L9D.jpg,Electronics
Electronics/B01CIJGV4E.jpg,Electronics
Electronics/B000LOYLWS.jpg,Electronics
Home/B08L6SSGVH.jpg,Home
Home/B0066KOT82.jpg,Home
Electronics/B002MUCC7K.jpg,Electronics
Home/B0BX2LHZGL.jpg,Home
Home/B0B38T555C.jpg,Home
Electronics/B009ZWQ09E.jpg,Electronics
Home/B08KT98NR5.jpg,Home
Electronics/B089656G58.jpg,Electronics
Home/B0BD55FVXJ.jpg,Home
Apparel/B07QBN85KL.jpg,Apparel
Apparel/B07V2P4B6Z.jpg,Apparel
Home/B07MB9J69J.jpg,Home
Home/B01GA5U0E4.jpg,Home
Electronics/B00WUD2YCW.jpg,Electronics
Electronics/B07RYKXRVJ.jpg,Electronics
Home/B07SZ9DDYF.jpg,Home
Electronics/B0191I4GGK.jpg,Electronics
Home/B00CIULG7G.jpg,Home
Electronics/B000GAWY44.jpg,Electronics
Apparel/B00KB48OQ2.jpg,Apparel
Electronics/B00001X4Z5.jpg,Electronics
Home/B0161O9TA0.jpg,Home
Electronics/B07TVS62MT.jpg,Electronics
Home/B002R0940I.jpg,Home
Home/B073FT9YTV.jpg,Home
Electronics/B079HG7LYY.jpg,Electronics
Apparel/B09LCFZS19.jpg,Apparel
Electronics/B09D8XX26H.jpg,Electronics
Electronics/B00SIJIW78.jpg,Electronics
Home/B076V9C3CD.jpg,Home
Electronics/B004W6OU4K.jpg,Electronics
Electronics/B089GNJP5B.jpg,Electronics
Home/B09GJG1KMS.jpg,Home
Home/B00G4G5CDE.jpg,Home
Home/B01N0340LA.jpg,Home
Home/B0B4ZNL1RK.jpg,Home
Apparel/B09TDCJT72.jpg,Apparel
Apparel/B07518WJMD.jpg,Apparel
Electronics/B07PM2FH3K.jpg,Electronics
Home/B08FC2S26H.jpg,Home
Home/B008OW24K0.jpg,Home
Apparel/B01B8XTO68.jpg,Apparel
Electronics/B003S6X85M.jpg,Electronics
Electronics/B09W8DVX18.jpg,Electronics
Electronics/B0823S8LX9.jpg,Electronics
Home/B00VZ5HO8K.jpg,Home
Apparel/B0069RSMXK.jpg,Apparel
Electronics/B076LXGWH2.jpg,Electronics
Electronics/B0B149QLHZ.jpg,Electronics
Electronics/B0754YB68J.jpg,Electronics
Apparel/B06XT3WVHW.jpg,Apparel
Apparel/B095YRYM7W.jpg,Apparel
Home/B0848JZ5WX.jpg,Home
Electronics/B000F4VL9K.jpg,Electronics
Home/B0BLV3QGV4.jpg,Home
Home/B08BTG6SW9.jpg,Home
Electronics/B01LXXFDJS.jpg,Electronics
Electronics/B06XG4S79W.jpg,Electronics
Electronics/B09ZD9GRQ1.jpg,Electronics
Home/B00R0UJ0JK.jpg,Home
Apparel/B01C00VARY.jpg,Apparel
Apparel/B08BC84TD6.jpg,Apparel
Electronics/B07TXGLXKR.jpg,Electronics
Electronics/B082J7DHDT.jpg,Electronics
Home/B08FCR4HRZ.jpg,Home
Electronics/B096M6G6WB.jpg,Electronics
Apparel/B01E71I27U.jpg,Apparel
Apparel/B0928B5LYR.jpg,Apparel
Apparel/B009WBREAC.jpg,Apparel
Electronics/B0C7RJFLZ5.jpg,Electronics
Home/B07F1ZVL6R.jpg,Home
Home/B08MQ922X2.jpg,Home
Electronics/B007RFA7FE.jpg,Electronics
Apparel/B01EWF8L9K.jpg,Apparel
Home/B00TQ6AXF6.jpg,Home
Electronics/B09ZNWQ42Q.jpg,Electronics
Electronics/B00GPGDZ9G.jpg,Electronics
Electronics/B00WUFLORG.jpg,Electronics
Apparel/B09B3K31SX.jpg,Apparel
Apparel/B07WV4YMKD.jpg,Apparel
Electronics/B095QP8GJ6.jpg,Electronics
Electronics/B08G8W777L.jpg,Electronics
Electronics/B07B4P54V7.jpg,Electronics
Home/B07DPNPPJ7.jpg,Home
Apparel/B08N6J1QLR.jpg,Apparel
Apparel/B085Z7X3F3.jpg,Apparel
Electronics/B09WL1MFN4.jpg,Electronics
Apparel/B0713RH3NL.jpg,Apparel
Apparel/B07BR37QSF.jpg,Apparel
Electronics/B0C576DX18.jpg,Electronics
Home/B09PNHZ2K6.jpg,Home
Electronics/B00D4TMXW2.jpg,Electronics
Home/B0814HFW61.jpg,Home
Home/B06XHM9HJW.jpg,Home
Apparel/B00VGR2UKY.jpg,Apparel
Electronics/B00IZ088OM.jpg,Electronics
Home/B089SGZVBQ.jpg,Home
Home/B0B9M6NWQH.jpg,Home
Home/B08DP1YFQF.jpg,Home
Apparel/B091564WV7.jpg,Apparel
Apparel/B08P5YD5FP.jpg,Apparel
Apparel/B07K5DC969.jpg,Apparel
Home/B07MX79884.jpg,Home
Apparel/B012T9X19Q.jpg,Apparel
Home/B07R6P4RYC.jpg,Home
Home/B08KGQ4GL8.jpg,Home
Home/B09RWLZNF4.jpg,Home
Home/B012HAKHXK.jpg,Home
Electronics/B07H4GJR2W.jpg,Electronics
Home/B00M16JRIC.jpg,Home
Home/B00SUG3OEA.jpg,Home
Electronics/B07K5C243S.jpg,Electronics
Electronics/B09JWM8FDF.jpg,Electronics
Electronics/B0141L0LBQ.jpg,Electronics
Apparel/B09B4N9LYC.jpg,Apparel
Home/B095S4BZ5Z.jpg,Home
Home/B0B6VZPV3T.jpg,Home
Electronics/B09H4FR9TR.jpg,Electronics
Electronics/B00P6IPA88.jpg,Electronics
Electronics/B01M7Q3RPV.jpg,Electronics
Home/B07GDFC1JZ.jpg,Home
Electronics/B09NMQK6Y2.jpg,Electronics
Electronics/B075T1GQT4.jpg,Electronics
Home/B0B1TN7WFT.jpg,Home
Apparel/B07DF9M5NT.jpg,Apparel
Home/B07W9KLM8L.jpg,Home
Apparel/B07QK86C93.jpg,Apparel
Home/B083NHZ4XB.jpg,Home
Home/B09SWJN88Y.jpg,Home
Home/B0BFQZWL57.jpg,Home
Electronics/B091PN6QJ7.jpg,Electronics
Electronics/B006XGG39C.jpg,Electronics
Home/B08XVFMFXJ.jpg,Home
Home/B00MANZD98.jpg,Home
Electronics/B0C6YQW59Z.jpg,Electronics
Electronics/B00Q8J2XO8.jpg,Electronics
Electronics/B00UWAYSCY.jpg,Electronics
Apparel/B01N47BU30.jpg,Apparel
Home/B0BC677FT5.jpg,Home
Apparel/B07ZCTVS79.jpg,Apparel
Apparel/B09G9T8SJR.jpg,Apparel
Home/B08QV1SMDN.jpg,Home
Apparel/B071SCHR42.jpg,Apparel
Apparel/B079ZBX45H.jpg,Apparel
Apparel/B015YGI7R2.jpg,Apparel
Electronics/B08LVJ5B3R.jpg,Electronics
Apparel/B08TWXSK1H.jpg,Apparel
Home/B08K2P5L11.jpg,Home
Apparel/B01E6GYFB8.jpg,Apparel
Apparel/B084JPVRBJ.jpg,Apparel
Electronics/B07Z6PVDGQ.jpg,Electronics
Home/B08H6ZLZL6.jpg,Home
Home/B0947R2DVV.jpg,Home
Home/B0742TJRBN.jpg,Home
Home/B07N5V6P9S.jpg,Home
Apparel/B013J3ZOQY.jpg,Apparel
Home/B00NO3P564.jpg,Home
Home/B09KCK8CZM.jpg,Home
Apparel/B07VFCNQSR.jpg,Apparel
Electronics/B091Y5WDSZ.jpg,Electronics
Electronics/B076423ZKZ.jpg,Electronics
Apparel/B07CLL8B2B.jpg,Apparel
Home/B01760ZULK.jpg,Home
Apparel/B072J88RGY.jpg,Apparel
Electronics/B0B14FTL7F.jpg,Electronics
Home/B083JX98NR.jpg,Home
Apparel/B071NWH8BF.jpg,Apparel
Electronics/B01MRXWGVT.jpg,Electronics
Apparel/B0837MZFXM.jpg,Apparel
Electronics/B09MZR514P.jpg,Electronics
Electronics/B0046ZG2VG.jpg,Electronics
Apparel/B075QNQSFY.jpg,Apparel
Apparel/B07487C5XG.jpg,Apparel
Electronics/B003HLZENM.jpg,Electronics
Home/B0B8MMPJ5R.jpg,Home
Home/B083YRQVM3.jpg,Home
Home/B088NW79LY.jpg,Home
Electronics/B00LMI0PP4.jpg,Electronics
Apparel/B07XP3HX2T.jpg,Apparel
Home/B09J28D4R7.jpg,Home
Apparel/B07HBBBZMH.jpg,Apparel
Home/B08DM3WQNL.jpg,Home
Electronics/B002TSWTAA.jpg,Electronics
Electronics/B07BB42X46.jpg,Electronics
Electronics/B00ICJ811Q.jpg,Electronics
Electronics/B01N36GH0I.jpg,Electronics
Apparel/B01LQ9YZ1S.jpg,Apparel
Electronics/B08LV3HS56.jpg,Electronics
Apparel/B00KU3MQ86.jpg,Apparel
Home/B0000DYI9N.jpg,Home
Electronics/B07VN79WT4.jpg,Electronics
Electronics/B00017LRRW.jpg,Electronics
Electronics/B07CYR5Q63.jpg,Electronics
Apparel/B077H7ZKNY.jpg,Apparel
Electronics/B09YN9V6K2.jpg,Electronics
Apparel/B09QGVN6HC.jpg,Apparel
Home/B00LTDJ1Q6.jpg,Home
Electronics/B06XXVMT63.jpg,Electronics
Home/B09ZDTDSC6.jpg,Home
Apparel/B08LSNY281.jpg,Apparel
Apparel/B00VSIEIJC.jpg,Apparel
Electronics/B00OY0U1X8.jpg,Electronics
Electronics/B00P2WFUS8.jpg,Electronics
Electronics/B07P96R5QH.jpg,Electronics
Apparel/B08FDYSFFS.jpg,Apparel
Home/B089VS98DC.jpg,Home
Home/B008NFQ9BS.jpg,Home
Home/B0083RTULM.jpg,Home
Home/B07WT9VDM8.jpg,Home
Home/B0B3SQWRTF.jpg,Home
Apparel/B00NLL3BMY.jpg,Apparel
Apparel/B07PFFVQTK.jpg,Apparel
Electronics/B00007DTC6.jpg,Electronics
Apparel/B01MQT2PQJ.jpg,Apparel
Apparel/B009HUMLJM.jpg,Apparel
Home/B017SNBOTW.jpg,Home
Electronics/B00B87P44G.jpg,Electronics
Home/B000ETNTDM.jpg,Home
Apparel/B00X3IVB7M.jpg,Apparel
Home/B09JVCF82P.jpg,Home
Electronics/B015FBACNS.jpg,Electronics
Home/B093GHW57Q.jpg,Home
Electronics/B07MY4KWFM.jpg,Electronics
Apparel/B01C291WAI.jpg,Apparel
Home/B09PQHPXF4.jpg,Home
Home/B08GBPKTRB.jpg,Home
Home/B07YZQ8QV2.jpg,Home
Electronics/B00VZ516OI.jpg,Electronics
Home/B09KYJ1MLH.jpg,Home
Electronics/B07C5WKG3R.jpg,Electronics
Home/B01FDEVQW8.jpg,Home
Home/B0B358VSD9.jpg,Home
Electronics/B004O39FWS.jpg,Electronics
Apparel/B00TR1K4V8.jpg,Apparel
Home/B08X13BN59.jpg,Home
Home/B08YPCH8V4.jpg,Home
Electronics/B07QXGL5JD.jpg,Electronics
Home/B01BVUD2LQ.jpg,Home
Home/B000MF467Q.jpg,Home
Home/B07P6P9LJC.jpg,Home
Apparel/B08MC5DMJ1.jpg,Apparel
Apparel/B09QSC65CD.jpg,Apparel
Electronics/B075QB95V7.jpg,Electronics
Home/B095JQWKCQ.jpg,Home
Electronics/B087WM2WVF.jpg,Electronics
Home/B0007U9BKS.jpg,Home
Electronics/B0BJ39KGN6.jpg,Electronics
Home/B09FGPH2N8.jpg,Home
Electronics/B06XWZZY7X.jpg,Electronics
Apparel/B075M4GS3B.jpg,Apparel
Apparel/B0B652NG3Z.jpg,Apparel
Home/B08BYGWNR5.jpg,Home
Apparel/B073ZKJQ7Z.jpg,Apparel
Home/B075CX3FLV.jpg,Home
Electronics/B00M049W8K.jpg,Electronics
Electronics/B000BD31ZC.jpg,Electronics
Apparel/B008I04PBO.jpg,Apparel
Apparel/B07MMNNNFV.jpg,Apparel
Home/B00DZST1XG.jpg,Home
Apparel/B01JZDJ5D0.jpg,Apparel
Home/B09MYS9Z4X.jpg,Home
Electronics/B0B1PJTV1Y.jpg,Electronics
Home/B0B6RBZJBP.jpg,Home
Electronics/B0084K0XUU.jpg,Electronics
Home/5634000076.jpg,Home
Home/B082X8865Q.jpg,Home
Electronics/B0BJDR19FM.jpg,Electronics
Apparel/B09CT6WN7G.jpg,Apparel
Electronics/B00FOU3KYE.jpg,Electronics
Home/B08TGCPBJK.jpg,Home
Home/B01LWXBSVC.jpg,Home
Apparel/B07HCFZB29.jpg,Apparel
Apparel/B092898LJ9.jpg,Apparel
Home/B09BM8XVBV.jpg,Home
Electronics/B07VYGRY31.jpg,Electronics
Home/B005EGKJYM.jpg,Home
Electronics/B09JNXMRCH.jpg,Electronics
Home/B08WDRGBMR.jpg,Home
Electronics/B0BRXJ655D.jpg,Electronics
Home/B09NDRQ192.jpg,Home
Electronics/B0896XNSD2.jpg,Electronics
Apparel/B086KQQQK3.jpg,Apparel
Electronics/B01AGYI9AW.jpg,Electronics
Apparel/B01C7PFV4A.jpg,Apparel
Electronics/B01N2VAT6F.jpg,Electronics
Home/B08DRBNTBP.jpg,Home
Home/B08CFSV5ZV.jpg,Home
Apparel/B088PMZ14T.jpg,Apparel
Home/B07FJ89TYR.jpg,Home
Electronics/B07X214N1Z.jpg,Electronics
Home/B08CY3C66Q.jpg,Home
Home/B07HRFS7KT.jpg,Home
Apparel/B08VNTQ3H8.jpg,Apparel
Home/B01634JKBQ.jpg,Home
Home/B008YWE566.jpg,Home
Electronics/B08Z3TFJBY.jpg,Electronics
Electronics/B08F58R79P.jpg,Electronics
Electronics/B07GZLCQ64.jpg,Electronics
Electronics/B009AEMMF8.jpg,Electronics
Home/B074Q73DVL.jpg,Home
Home/B000VV02QA.jpg,Home
Home/B07TXXJHKH.jpg,Home
Apparel/B071NVNK67.jpg,Apparel
Apparel/B07JPC4NN5.jpg,Apparel
Home/B00JQF4FOM.jpg,Home
Electronics/B00005T3IU.jpg,Electronics
Electronics/B08ZMXNDHW.jpg,Electronics
Electronics/B00SMVNSXK.jpg,Electronics
Home/B0057PPY1I.jpg,Home
Electronics/B0043CJTLM.jpg,Electronics
Electronics/B073Q8XZ4S.jpg,Electronics
Home/B0BKQ8W7GL.jpg,Home
Apparel/B0B6G2YHJ1.jpg,Apparel
Electronics/B092BC7CBV.jpg,Electronics
Apparel/B06XT3QVGV.jpg,Apparel
Apparel/B01DI9B50S.jpg,Apparel
Electronics/B09DP5GK8P.jpg,Electronics
Home/B07HK2T9VH.jpg,Home
Electronics/B09XDY4NZH.jpg,Electronics
Apparel/B0B1QZBTJ7.jpg,Apparel
Home/B09BP5KC4M.jpg,Home
Home/B00997NLVA.jpg,Home
Apparel/B07N4LN5G1.jpg,Apparel
Home/B07941XYFS.jpg,Home
Home/B0BZLBZQXJ.jpg,Home
Home/B07QYCKQ1J.jpg,Home
Apparel/B00SXASX7G.jpg,Apparel
Apparel/B006P5U2PW.jpg,Apparel
Home/B08TTD8J32.jpg,Home
Electronics/B0C5HRN6Q9.jpg,Electronics
Electronics/B0BM3G213G.jpg,Electronics
Electronics/B07QLPBN6C.jpg,Electronics
Apparel/B07W5YFNQV.jpg,Apparel
Home/B001ELL03A.jpg,Home
Apparel/B01BWXBGIS.jpg,Apparel
Home/B001GQ8XYW.jpg,Home
Apparel/B07VJK7BK4.jpg,Apparel
Electronics/B0BD2C29MQ.jpg,Electronics
Home/B01ERR1672.jpg,Home
Apparel/B093MFZJLT.jpg,Apparel
Home/B07DMR8B6B.jpg,Home
Apparel/B07WVZBLFS.jpg,Apparel
Apparel/B07S8T7H7Q.jpg,Apparel
Electronics/B00OMUDUV0.jpg,Electronics
Electronics/B0BSF9NZ3V.jpg,Electronics
Apparel/B081J299ZL.jpg,Apparel
Electronics/B0BVM71KNG.jpg,Electronics
Electronics/B0BZD8Q87G.jpg,Electronics
Home/B06ZZHVXGK.jpg,Home
Apparel/B074KX4QJN.jpg,Apparel
Electronics/B00307XWT6.jpg,Electronics
Home/B09BC55747.jpg,Home
Electronics/B01CEX500U.jpg,Electronics
Home/B0BNVQ28VH.jpg,Home
Home/B07TRPYHYC.jpg,Home
Apparel/B01NCIVVJ6.jpg,Apparel
Electronics/B013SO9RQW.jpg,Electronics
Electronics/B07TKKSFF8.jpg,Electronics
Apparel/B07PJM392J.jpg,Apparel
Electronics/B01LZ8Y3E1.jpg,Electronics
Home/B00MEGGYB2.jpg,Home
Electronics/B07SQB7BD3.jpg,Electronics
Apparel/B01F6MVRDU.jpg,Apparel
Apparel/B07VQZMV2D.jpg,Apparel
Home/B097BB1SB4.jpg,Home
Apparel/B07H7VN2NG.jpg,Apparel
Electronics/B00COBEOIM.jpg,Electronics
Electronics/B09XCDG8MH.jpg,Electronics
Electronics/B07M6MWDFK.jpg,Electronics
Apparel/B000HDJA38.jpg,Apparel
Electronics/B09GDC71SP.jpg,Electronics
Home/B07L4H9FF2.jpg,Home
Apparel/B09D9GMNKT.jpg,Apparel
Electronics/B07XSL6611.jpg,Electronics
Electronics/B0972X1RZM.jpg,Electronics
Apparel/B01MCQ8QM3.jpg,Apparel
Electronics/B07GTQ561L.jpg,Electronics
Apparel/B07F213CVH.jpg,Apparel
Electronics/B004B8VC22.jpg,Electronics
Electronics/B0002AHS44.jpg,Electronics
Apparel/B09DK8JN1X.jpg,Apparel
Apparel/B01E5CU7E2.jpg,Apparel
Electronics/B08B7RWXPS.jpg,Electronics
Apparel/B07VT73JNZ.jpg,Apparel
Electronics/B00ARJNJZW.jpg,Electronics
Electronics/B00T00FUN8.jpg,Electronics
Apparel/B08MD2BBPY.jpg,Apparel
Electronics/B00NC5AIIY.jpg,Electronics
Home/B08B8VN94G.jpg,Home
Electronics/B08H845HHT.jpg,Electronics
Apparel/B071CYBS31.jpg,Apparel
Electronics/B000E7VLRU.jpg,Electronics
Electronics/B01LRZ5E7K.jpg,Electronics
Electronics/B00NFT3OOC.jpg,Electronics
Electronics/B089B613Q4.jpg,Electronics
Electronics/B003LBEC4A.jpg,Electronics
Electronics/B00EEOSZK0.jpg,Electronics
Apparel/B09TVHD7R4.jpg,Apparel
Electronics/B00ZOJGVQY.jpg,Electronics
Apparel/B01JSW0DU2.jpg,Apparel
Apparel/B07NMC7WSY.jpg,Apparel
Electronics/B00IYOSIH6.jpg,Electronics
Apparel/B07DW2CJ56.jpg,Apparel
Home/B093Y5TLMP.jpg,Home
Apparel/B07CTGLTMB.jpg,Apparel
Electronics/B08KJSRJJ7.jpg,Electronics
Electronics/B08HPHRXDT.jpg,Electronics
Apparel/B09C8W1V9H.jpg,Apparel
Electronics/B01IV9O2GO.jpg,Electronics
Electronics/B016QD807O.jpg,Electronics
Electronics/B09PWZK39R.jpg,Electronics
Apparel/B07WZQZX9F.jpg,Apparel
Apparel/B077LHJGDP.jpg,Apparel
Electronics/B07CMSYKGT.jpg,Electronics
Electronics/B0BNTSVNJY.jpg,Electronics
Apparel/B07D24YB48.jpg,Apparel
Electronics/B09DNX23B4.jpg,Electronics
Home/B076PX4SKJ.jpg,Home
Home/B0B8BMB51V.jpg,Home
Home/B07B6RCH4X.jpg,Home
Apparel/B01GVCX7M8.jpg,Apparel
Electronics/B00DVHWZ70.jpg,Electronics
Apparel/B07SBP12R3.jpg,Apparel
Electronics/B016NV2G9M.jpg,Electronics
Home/B0C6K1BH7D.jpg,Home
Electronics/B083SBRXP6.jpg,Electronics
Home/B06XDV9X42.jpg,Home
Apparel/B076HPWJ2W.jpg,Apparel
Apparel/B06Y2VDBMZ.jpg,Apparel
Home/B08N4LMW5R.jpg,Home
Electronics/B0154HCMHC.jpg,Electronics
Apparel/B079BGXJ95.jpg,Apparel
Apparel/B085195LNX.jpg,Apparel
Home/B09D98FB68.jpg,Home
Home/B01N5NEFD4.jpg,Home
Home/B0BDRWKTN1.jpg,Home
Electronics/B019JK6UTG.jpg,Electronics
Apparel/B075398864.jpg,Apparel
Electronics/B0041O8BI4.jpg,Electronics
Home/B0BFXGBZ25.jpg,Home
Electronics/B07QJTSPDQ.jpg,Electronics
Electronics/B07ZG4LYVN.jpg,Electronics
Home/B0BR27ZNGT.jpg,Home
Electronics/B01D9I4GNG.jpg,Electronics
Home/B00V3N91BW.jpg,Home
Electronics/B01N68K4FJ.jpg,Electronics
Electronics/B082FDXMZL.jpg,Electronics
Electronics/B015AF0N6A.jpg,Electronics
Apparel/B079TZSTZV.jpg,Apparel
Electronics/B007P8DKDE.jpg,Electronics
Apparel/B01EVXUYX4.jpg,Apparel
Apparel/B01779XGRU.jpg,Apparel
Electronics/B00L49J8OA.jpg,Electronics
Apparel/B07NF347J1.jpg,Apparel
Home/B08Z7SNL49.jpg,Home
Apparel/B01EOI5IJQ.jpg,Apparel
Home/B0B9GSSTHB.jpg,Home
Apparel/B08LL949DR.jpg,Apparel
Home/B01C7MTUYU.jpg,Home
Home/B07YBBYZ8N.jpg,Home
Electronics/B01F983KZO.jpg,Electronics
Home/B07BHGJD95.jpg,Home
Electronics/B004LBJFKA.jpg,Electronics
Home/B07FQVDMRQ.jpg,Home
Electronics/B07MXK3KCX.jpg,Electronics
Home/B0924L2Q2W.jpg,Home
Apparel/B08D74T1L1.jpg,Apparel
Home/1574891758.jpg,Home
Home/B07W8YWL19.jpg,Home
Apparel/B00JDQP7NM.jpg,Apparel
Home/B0BPJXTC11.jpg,Home
Home/B07MPY7K6J.jpg,Home
Apparel/B00ECJEBOG.jpg,Apparel
Home/B00MB53VQ2.jpg,Home
Electronics/B01B6197JG.jpg,Electronics
Home/B01MG2CYFP.jpg,Home
Home/B0896WVXRD.jpg,Home
Home/B0BNKD864G.jpg,Home
Home/B074T86QTL.jpg,Home
Home/B0B73S6QZM.jpg,Home
Electronics/B0B9RBNK33.jpg,Electronics
Home/B09KLSR2CB.jpg,Home
Electronics/B0BP7PDMWC.jpg,Electronics
Electronics/B07M9KCPZM.jpg,Electronics
Home/B01GU1ZLSI.jpg,Home
Home/B09W8Z8Z9W.jpg,Home
Electronics/B00495YFGC.jpg,Electronics
Home/B07YJPWR33.jpg,Home
Home/B06X6NDD7T.jpg,Home
Home/B0001IX0GC.jpg,Home
Apparel/B00XC6GHRY.jpg,Apparel
Apparel/B01LYLQS9C.jpg,Apparel
Apparel/B0828MRQX8.jpg,Apparel
Home/B08MX7RKFN.jpg,Home
Electronics/B00NOG716S.jpg,Electronics
Home/B014I5K2NC.jpg,Home
Apparel/B07SPYY1D8.jpg,Apparel
Home/B07GSH49RJ.jpg,Home
Electronics/B01KHU2JLK.jpg,Electronics
Home/B08N13Z59T.jpg,Home
Apparel/B00QNECDMA.jpg,Apparel
Apparel/B01M1BNA1F.jpg,Apparel
Apparel/B07XJYQ7XC.jpg,Apparel
Apparel/B07PF6R5P6.jpg,Apparel
Home/B01KHVPNTO.jpg,Home
Home/B08B5XYGMK.jpg,Home
Apparel/B07R8SCLJD.jpg,Apparel
Home/B07FZ645B6.jpg,Home
Apparel/B01M1CST9J.jpg,Apparel
Apparel/B083YYK5CZ.jpg,Apparel
Apparel/B01A0L8KEQ.jpg,Apparel
Apparel/B07XB5DHK2.jpg,Apparel
Electronics/B07VZW75Q8.jpg,Electronics
Home/B004EPXKO0.jpg,Home
Apparel/B011IERZP4.jpg,Apparel
Home/B00KYCEZQO.jpg,Home
Electronics/B0C9FW1R89.jpg,Electronics
Home/B09TXLC9TS.jpg,Home
Apparel/B07RM2D12K.jpg,Apparel
Home/B093TCMYS6.jpg,Home
Home/B092QTPKX9.jpg,Home
Electronics/B0BCWND85M.jpg,Electronics
Apparel/B07DDD4M5T.jpg,Apparel
Apparel/B08GYB8BQ3.jpg,Apparel
Apparel/B07B2THKRL.jpg,Apparel
Apparel/B07XKVRS4B.jpg,Apparel
Apparel/B06X19CH8F.jpg,Apparel
Electronics/B00LPN418I.jpg,Electronics
Electronics/B0126RZZRW.jpg,Electronics
Electronics/B000233YXK.jpg,Electronics
Apparel/B005JBGDI8.jpg,Apparel
Electronics/B01GGBLNVQ.jpg,Electronics
Apparel/B076TD6D21.jpg,Apparel
Apparel/B01LX1GQNI.jpg,Apparel
Electronics/B00WUF2UEC.jpg,Electronics
Apparel/B01IDYI7Y0.jpg,Apparel
Apparel/B0794PTVH4.jpg,Apparel
Electronics/B00D4BAWDM.jpg,Electronics
Electronics/B008I64LEY.jpg,Electronics
Electronics/B09ZCYG8TS.jpg,Electronics
Home/B09CKDZ86R.jpg,Home
Home/B0847RFRMW.jpg,Home
Electronics/B00MCJQ6JG.jpg,Electronics
Electronics/B002TOOEDO.jpg,Electronics
Home/B07KWF6FQT.jpg,Home
Home/B005CCP83A.jpg,Home
Electronics/B003DPPGIU.jpg,Electronics
Home/B0991T199W.jpg,Home
Apparel/B09X5T5RN2.jpg,Apparel
Apparel/B07HG1RY1M.jpg,Apparel
Apparel/B07P78JCJL.jpg,Apparel
Electronics/B08K3R9V5B.jpg,Electronics
Home/B08NJ8D3RY.jpg,Home
Electronics/B06X6DHVJC.jpg,Electronics
Electronics/B08V1YTJSJ.jpg,Electronics
Apparel/B01N4BO1GO.jpg,Apparel
Apparel/B082XZD4W6.jpg,Apparel
Electronics/B01N8PQ4W9.jpg,Electronics
Electronics/B0BVBFPD2X.jpg,Electronics
Electronics/B072N28P5V.jpg,Electronics
Electronics/B07TRP9TZ2.jpg,Electronics
Apparel/B08N6ZVCVT.jpg,Apparel
Apparel/B06ZYG7861.jpg,Apparel
Apparel/B01IX5ZW4W.jpg,Apparel
Home/B0BQ656VSQ.jpg,Home
Electronics/B088HZY7Z1.jpg,Electronics
Apparel/B093VKCJLN.jpg,Apparel
Electronics/B003H3FNX6.jpg,Electronics
Home/B0B51H4ZTD.jpg,Home
Electronics/B000EDB1II.jpg,Electronics
Home/B09TR8D6GJ.jpg,Home
Apparel/B09KGYKB3B.jpg,Apparel
Electronics/B0044XTLCW.jpg,Electronics
Electronics/B08JYRM599.jpg,Electronics
Apparel/B017HQDE84.jpg,Apparel
Apparel/B09SHKR4D2.jpg,Apparel
Home/B08Q355L7M.jpg,Home
Home/B07KDN4XNL.jpg,Home
Electronics/B0BB7R2B3P.jpg,Electronics
Apparel/B098Q98HXC.jpg,Apparel
Electronics/B09HJVYBZC.jpg,Electronics
Home/B00M2L64OG.jpg,Home
Home/B09LZ3ZWLL.jpg,Home
Apparel/B00XAM54V0.jpg,Apparel
Home/B07T86DP71.jpg,Home
Apparel/B08KSPNKYY.jpg,Apparel
Home/B08GJ1BM9S.jpg,Home
Apparel/B079GXSYB9.jpg,Apparel
Electronics/B0157C15D6.jpg,Electronics
Electronics/B0061QO332.jpg,Electronics
Electronics/B07TWY4P2C.jpg,Electronics
Home/B0BTH8PB95.jpg,Home
Apparel/B091TJ2HT1.jpg,Apparel
Home/B07C48S86N.jpg,Home
Apparel/B07G44L1GH.jpg,Apparel
Home/B0C59NYS6R.jpg,Home
Home/B08ND723X2.jpg,Home
Electronics/B08GM1K3N2.jpg,Electronics
Apparel/B077YS6FC1.jpg,Apparel
Home/B07Y9Y21CR.jpg,Home
Apparel/B07LCKT1NB.jpg,Apparel
Electronics/B07D9HJHBN.jpg,Electronics
Home/B09TXLHP5T.jpg,Home
Apparel/B07PCLS955.jpg,Apparel
Home/B09MYWHFQH.jpg,Home
Electronics/B07XYVD2JQ.jpg,Electronics
Home/B09DCJ28RL.jpg,Home
Home/B0BPDV8CLP.jpg,Home
Apparel/B0839G6YW8.jpg,Apparel
Apparel/B07PGFC9Z7.jpg,Apparel
Electronics/B0797JP3QB.jpg,Electronics
Home/B00RT9KVEA.jpg,Home
Home/B07ZSDJ9TX.jpg,Home
Home/B078Z1QPCJ.jpg,Home
Home/B01HP6W0WC.jpg,Home
Apparel/B01GKIHLYS.jpg,Apparel
Apparel/B00PHCJP2U.jpg,Apparel
Home/B07VX9KNDZ.jpg,Home
Electronics/B00C5R88OQ.jpg,Electronics
Home/B0BGSSN6HN.jpg,Home
Apparel/B072YWW3LN.jpg,Apparel
Apparel/B07B42M8ZL.jpg,Apparel
Home/B07Y9GBNBZ.jpg,Home
Electronics/B06Y6LB9CB.jpg,Electronics
Home/B00ANV6G2M.jpg,Home
Home/B01DRA4XQG.jpg,Home
Apparel/B017O0NCW6.jpg,Apparel
Apparel/B01F3J1I2G.jpg,Apparel
Home/B09QX9W6RP.jpg,Home
Home/B07JFRNZVK.jpg,Home
Apparel/B08H21K1JZ.jpg,Apparel
Home/B07LCYQJJS.jpg,Home
Electronics/B004KUBY2O.jpg,Electronics
Electronics/B0B71GJFZM.jpg,Electronics
Apparel/B01ISYOTO2.jpg,Apparel
Home/B07KXLBXTW.jpg,Home
Electronics/B007A9U9UU.jpg,Electronics
Home/B01LZB6I08.jpg,Home
Home/B076CVTNK3.jpg,Home
Apparel/B097DRDSLW.jpg,Apparel
Electronics/B09KN9BSQF.jpg,Electronics
Electronics/B091G13K4M.jpg,Electronics
Apparel/B00J94DDUW.jpg,Apparel
Home/B004BJ3DLO.jpg,Home
Apparel/B00EE8DTC0.jpg,Apparel
Home/B094D9DZKN.jpg,Home
Apparel/B07DJ9FBWR.jpg,Apparel
Home/B0BJZZCS7R.jpg,Home
Electronics/B00ODQJMJM.jpg,Electronics
Home/B078MPWNCL.jpg,Home
Electronics/B00005JO39.jpg,Electronics
Electronics/B005B7ETRC.jpg,Electronics
Apparel/B07L9JZCMC.jpg,Apparel
Home/B07Z5SM71Q.jpg,Home
Home/B07HN9RQMJ.jpg,Home
Apparel/B09H6RW2GG.jpg,Apparel
Electronics/B00S5W6H16.jpg,Electronics
Home/B07578QXCW.jpg,Home
Electronics/B088LW8RD6.jpg,Electronics
Home/B08T9TNDL4.jpg,Home
Home/B0057XR4XG.jpg,Home
Apparel/B0833QXJQV.jpg,Apparel
Electronics/B078G8FQV6.jpg,Electronics
Electronics/B09YRLCC4N.jpg,Electronics
Apparel/B018J20UGY.jpg,Apparel
Apparel/B08LCVTYWT.jpg,Apparel
Home/B09BFML5XQ.jpg,Home
Electronics/B00157WSOS.jpg,Electronics
Electronics/B00CK8YQF0.jpg,Electronics
Home/B099SFGQTP.jpg,Home
Apparel/B01MAX35Y2.jpg,Apparel
Home/B002H01FRI.jpg,Home
Apparel/B095HPT7V3.jpg,Apparel
Electronics/B00J0XUB48.jpg,Electronics
Electronics/B005AK2X8W.jpg,Electronics
Apparel/B08K8Y796K.jpg,Apparel
Apparel/B096CLNR5K.jpg,Apparel
Home/B09RRD6W6X.jpg,Home
Home/B00OX3YBKU.jpg,Home
Electronics/B09BF1LW89.jpg,Electronics
Home/B074CH8J4B.jpg,Home
Home/B07YCWB3RN.jpg,Home
Home/B01MDUIK72.jpg,Home
Home/B07XCSQY8P.jpg,Home
Home/B0741WWFV7.jpg,Home
Apparel/B07H85RT5R.jpg,Apparel
Apparel/B00X6ZIX82.jpg,Apparel
Apparel/B01FXCLWVU.jpg,Apparel
Apparel/B073M2MCZ7.jpg,Apparel
Apparel/B0878DRMVP.jpg,Apparel
Electronics/B07TZLNNH3.jpg,Electronics
Apparel/B07QN8RWRY.jpg,Apparel
Electronics/B0002H4YQM.jpg,Electronics
Electronics/B07Z9ZY925.jpg,Electronics
Apparel/B07J448GQR.jpg,Apparel
Electronics/B0BB95JTZY.jpg,Electronics
Apparel/B095C7TQ5F.jpg,Apparel
Home/B010R9MV6E.jpg,Home
Electronics/B07H241RP2.jpg,Electronics
Apparel/B0782N7R1Y.jpg,Apparel
Apparel/B00LGTDL82.jpg,Apparel
Electronics/B09WHHFP17.jpg,Electronics
Apparel/B071Z2SS55.jpg,Apparel
Apparel/B09MMXZZHZ.jpg,Apparel
Electronics/B07BJ8ZRL5.jpg,Electronics
Home/B07788JB3Y.jpg,Home
Apparel/B085HQHN8R.jpg,Apparel
Apparel/B01B44L9WI.jpg,Apparel
Apparel/B07H5CGKH8.jpg,Apparel
Home/B09G2RQP76.jpg,Home
Electronics/B07F45L975.jpg,Electronics
Electronics/B071DXF2TK.jpg,Electronics
Electronics/B08YJYWQ49.jpg,Electronics
Home/B0BV1VQ3HY.jpg,Home
Electronics/B082WV5FF9.jpg,Electronics
Electronics/B00AR1HGSQ.jpg,Electronics
Apparel/B08G1RVJ96.jpg,Apparel
Electronics/B07JCNZSW3.jpg,Electronics
Home/B09FYVY2Q4.jpg,Home
Home/B086LLDHB7.jpg,Home
Apparel/B0BQ6Z9RR6.jpg,Apparel
Electronics/B08FD9S8XP.jpg,Electronics
Home/B003U4KZMG.jpg,Home
Home/B0BL1GZJD2.jpg,Home
Home/B00ZVEFU82.jpg,Home
Electronics/B07Y1QTN9S.jpg,Electronics
Home/B09T711LR4.jpg,Home
Electronics/B000O7AY7S.jpg,Electronics
Apparel/B087NW1V5K.jpg,Apparel
Home/B01M0GDZC0.jpg,Home
Apparel/B07D4N8L5F.jpg,Apparel
Home/B00RWXO2GQ.jpg,Home
Apparel/B07DVHSWLN.jpg,Apparel
Apparel/B075FLF651.jpg,Apparel
Apparel/B01N2WR2UF.jpg,Apparel
Electronics/B016CGSKBQ.jpg,Electronics
Apparel/B01COB8W52.jpg,Apparel
Apparel/B01DWZZDB0.jpg,Apparel
Electronics/B00AOH1AR6.jpg,Electronics
Electronics/B002MZZRUO.jpg,Electronics
Home/B0819WY7ZR.jpg,Home
Home/B087JX6426.jpg,Home
Home/B07CBG9C3D.jpg,Home
Home/B07F35MY1X.jpg,Home
Electronics/B00005NCWB.jpg,Electronics
Home/B002AV7I4I.jpg,Home
Home/B079TF2S5Z.jpg,Home
Apparel/B07JLSSKMS.jpg,Apparel
Electronics/B01MV07N0D.jpg,Electronics
Apparel/B07SLHJPNM.jpg,Apparel
Home/B01N941QXJ.jpg,Home
Home/B005G2RDBG.jpg,Home
Apparel/B07PY7RLP2.jpg,Apparel
Apparel/B01EOO3BQM.jpg,Apparel
Electronics/B086HN4KCH.jpg,Electronics
Apparel/B00TSSYL78.jpg,Apparel
Electronics/B07Y9MN35R.jpg,Electronics
Electronics/B00OSG1MVI.jpg,Electronics
Home/B079MCZPWL.jpg,Home
Apparel/B09HC4K189.jpg,Apparel
Home/B08MW7W2W2.jpg,Home
Home/B092Z5XFYZ.jpg,Home
Home/B076H3L744.jpg,Home
Electronics/B08R1FMRCR.jpg,Electronics
Electronics/B0BRN87SK1.jpg,Electronics
Home/B07Y92SRV8.jpg,Home
Home/B0989F32GS.jpg,Home
Home/B08CZY2ZGP.jpg,Home
Home/B0015WNYG4.jpg,Home
Electronics/B00YBROEFK.jpg,Electronics
Electronics/B08M8ZW758.jpg,Electronics
Apparel/B07RSY5161.jpg,Apparel
Home/B09ZTHJQT6.jpg,Home
Electronics/B08M8NNKLW.jpg,Electronics
Apparel/B09SH6HPXS.jpg,Apparel
Electronics/B077TGKG4G.jpg,Electronics
Apparel/B08BF9XNL6.jpg,Apparel
Electronics/B009QG6HLK.jpg,Electronics
Apparel/B07VDGYLYY.jpg,Apparel
Apparel/B0716YTCKR.jpg,Apparel
Apparel/B08D799KJW.jpg,Apparel
Apparel/B07ZF26WB8.jpg,Apparel
Home/B005644ZAG.jpg,Home
Home/B01DKLVNH4.jpg,Home
Electronics/B012KZ8W2K.jpg,Electronics
Electronics/B06Y12F2ZW.jpg,Electronics
Electronics/B0BLLWL6BQ.jpg,Electronics
Home/B07JQ1F9CD.jpg,Home
Home/B01HU33NB2.jpg,Home
Home/B0BVKF2TVG.jpg,Home
Apparel/B0919CD9X4.jpg,Apparel
Apparel/B0831KCFVZ.jpg,Apparel
Home/B09WK4BMKR.jpg,Home
Apparel/B07D8SFRD1.jpg,Apparel
Apparel/B08XTJB5D2.jpg,Apparel
Apparel/B08GL7MK2R.jpg,Apparel
Electronics/B07J52M1XZ.jpg,Electronics
Apparel/B09BFJC23V.jpg,Apparel
Home/B09DX6CRGV.jpg,Home
Electronics/B006TX29YM.jpg,Electronics
Apparel/B08235X6TF.jpg,Apparel
Apparel/B00QXXYPYK.jpg,Apparel
Electronics/B0BDKT1N9F.jpg,Electronics
Apparel/B07QT6RSR9.jpg,Apparel
Electronics/B09YD8XDHG.jpg,Electronics
Electronics/B08JXB5K3T.jpg,Electronics
Electronics/B07TGTDVGQ.jpg,Electronics
Electronics/B08W1KXWT7.jpg,Electronics
Apparel/B074Q16GM4.jpg,Apparel
Home/B09YHFP853.jpg,Home
Home/B005CW96R4.jpg,Home
Apparel/B08FDFTY84.jpg,Apparel
Electronics/B07VKRS3G9.jpg,Electronics
Apparel/B078NXV4JQ.jpg,Apparel
Apparel/B07YD1JXNK.jpg,Apparel
Apparel/B007K7FXSU.jpg,Apparel
Home/B09LHG4DF4.jpg,Home
Home/B09PNBCPXL.jpg,Home
Home/B0B1X5PMGX.jpg,Home
Electronics/B00TG8BWIQ.jpg,Electronics
Apparel/B07HH6C4QT.jpg,Apparel
Home/B09DCC4GSB.jpg,Home
Apparel/B0777RCNKR.jpg,Apparel
Home/B00SUXUOWI.jpg,Home
Apparel/B08136G8YR.jpg,Apparel
Electronics/B00HLAP3Y0.jpg,Electronics
Home/B07NRVL4RR.jpg,Home
Apparel/B09NFJXTTN.jpg,Apparel
Apparel/B08M3K1WNQ.jpg,Apparel
Apparel/B00J3T7NCW.jpg,Apparel
Electronics/B004GJ4F8E.jpg,Electronics
Apparel/B0B9K44XKR.jpg,Apparel
Apparel/B01E7PU01C.jpg,Apparel
Home/B01MDM9X8T.jpg,Home
Apparel/B074V4CSFX.jpg,Apparel
Home/B014MJ6HQK.jpg,Home
Home/B07S6N3WDV.jpg,Home
Electronics/B015WSCOLM.jpg,Electronics
Home/B01NCAV3W6.jpg,Home
Home/B08LLFBJ2B.jpg,Home
Home/B0047FFI74.jpg,Home
Electronics/B071DBMB66.jpg,Electronics
Home/B0BWJKZ97Q.jpg,Home
Home/B019GKUWHK.jpg,Home
Apparel/B07MYPLX3B.jpg,Apparel
Apparel/B089KNZL8B.jpg,Apparel
Electronics/B005PAJV6O.jpg,Electronics
Electronics/B0BBJQ1JYM.jpg,Electronics
Apparel/B09B747464.jpg,Apparel
Electronics/B00Y7NT6LU.jpg,Electronics
Home/B09V6WYF3Q.jpg,Home
Home/B098NHV335.jpg,Home
Home/B008CCFSY6.jpg,Home
Electronics/B06XXRD3MW.jpg,Electronics
Home/B01180YB6O.jpg,Home
Home/B074JGHXVX.jpg,Home
Apparel/B07C7YRH3W.jpg,Apparel
Home/B07BHMHDYY.jpg,Home
Electronics/B08DHJJLRC.jpg,Electronics
Apparel/B091GFD37M.jpg,Apparel
Electronics/B0814MT24M.jpg,Electronics
Home/B075ZT11FK.jpg,Home
Home/B0002808AM.jpg,Home
Electronics/B0BC8Z7HXH.jpg,Electronics
Home/B08QD2RD6M.jpg,Home
Apparel/B00Z6KBU4Y.jpg,Apparel
Home/B004UGLSWE.jpg,Home
Apparel/B07HHR7NTS.jpg,Apparel
Home/B07L4YXRVS.jpg,Home
Electronics/9985691326.jpg,Electronics
Apparel/B0C46W4W3N.jpg,Apparel
Electronics/B09JMT2JJ3.jpg,Electronics
Electronics/B00004Y3TN.jpg,Electronics
Apparel/B07MB6NJ57.jpg,Apparel
Apparel/B07QWQFKB9.jpg,Apparel
Electronics/B07JQ4ZH2Y.jpg,Electronics
Apparel/B0846KNJXK.jpg,Apparel
Apparel/B07SQY9LGN.jpg,Apparel
Apparel/B0837KXF9M.jpg,Apparel
Apparel/B071HHXCKG.jpg,Apparel
Apparel/B00MLTJRVQ.jpg,Apparel
Apparel/B07V4XK9ZC.jpg,Apparel
Apparel/B018KRRFL6.jpg,Apparel
Electronics/B00XJQPMMS.jpg,Electronics
Apparel/B07RWTQ6YY.jpg,Apparel
Home/B07MV6YM3B.jpg,Home
Apparel/B09QS84RXS.jpg,Apparel
Electronics/B07TMLTNNQ.jpg,Electronics
Apparel/B07BCMRXJM.jpg,Apparel
Home/B00C19I43S.jpg,Home
Apparel/B01HE5ZOH2.jpg,Apparel
Home/B00E1MNIFC.jpg,Home
Electronics/B01M7TSY16.jpg,Electronics
Apparel/B01LZZ70S3.jpg,Apparel
Apparel/B0103MJNVQ.jpg,Apparel
Electronics/B07PLFW9B7.jpg,Electronics
Apparel/B09XX8DWMF.jpg,Apparel
Home/B018AWCFD4.jpg,Home
Apparel/B07C3R3MDJ.jpg,Apparel
Apparel/B08FWXDRNT.jpg,Apparel
Electronics/B07K9CXW6G.jpg,Electronics
Electronics/B07SMSNT8Y.jpg,Electronics
Home/B08F7SM2JR.jpg,Home
Apparel/B09G9WGVH1.jpg,Apparel
Electronics/B09WFZXLCR.jpg,Electronics
Home/B07XNG2SCD.jpg,Home
Home/B085T8BMG1.jpg,Home
Home/B00YPP2O78.jpg,Home
Electronics/B08W4NBPQ7.jpg,Electronics
Apparel/B07JMQDKYS.jpg,Apparel
Electronics/B00COQM2GS.jpg,Electronics
Electronics/B088JYX6PM.jpg,Electronics
Apparel/B01LZZ73U1.jpg,Apparel
Apparel/B01I61FCHA.jpg,Apparel
Home/B009L4DO4A.jpg,Home
Home/B007LCKEVU.jpg,Home
Home/B08VWPVT7V.jpg,Home
Home/B013WLZA8A.jpg,Home
Apparel/B01BQ2EK6K.jpg,Apparel
Apparel/B074WD8J84.jpg,Apparel
Electronics/B00L32D088.jpg,Electronics
Electronics/B0B9HCHC1V.jpg,Electronics
Home/B006TUXOO4.jpg,Home
Apparel/B00EOWF7Q2.jpg,Apparel
Home/B01NBTQRY1.jpg,Home
Home/B00Z81LNV6.jpg,Home
Home/B0016OXG8W.jpg,Home
Home/B000UJM2FM.jpg,Home
Apparel/B01C5WCN96.jpg,Apparel
Apparel/B07F3HHF83.jpg,Apparel
Home/B01HKEH8QC.jpg,Home
Electronics/B07TV4MBGC.jpg,Electronics
Electronics/B0B5JSY5Z5.jpg,Electronics
Home/B09J29F1T2.jpg,Home
Home/B07MD87NWD.jpg,Home
Home/B091H1PDGJ.jpg,Home
Apparel/B09993K1LF.jpg,Apparel
Electronics/B07CJ98HP6.jpg,Electronics
Home/B097DP47FG.jpg,Home
Apparel/B07RKTKF7H.jpg,Apparel
Electronics/B00JNAGVHO.jpg,Electronics
Apparel/B0881MBMF7.jpg,Apparel
Apparel/B091GL3SGX.jpg,Apparel
Apparel/B07CH9PMWG.jpg,Apparel
Home/B00FN6JHZU.jpg,Home
Home/B00008AV3P.jpg,Home
Home/B08BHM3GF7.jpg,Home
Electronics/B07DB2GTGZ.jpg,Electronics
Home/B09L5NFSWB.jpg,Home
Apparel/B014PZIFXY.jpg,Apparel
Home/B07GZBCDXD.jpg,Home
Home/B0BJ69X382.jpg,Home
Home/B07PMCSVX7.jpg,Home
Apparel/B01F46GS5K.jpg,Apparel
Electronics/B082TWZJHJ.jpg,Electronics
Electronics/B09TXPBYF3.jpg,Electronics
Electronics/B095JT6986.jpg,Electronics
Apparel/B078YSSTQ5.jpg,Apparel
Apparel/B099ZC6J7P.jpg,Apparel
Electronics/B00I6DLL4W.jpg,Electronics
Home/B0B1ZYFP3C.jpg,Home
Electronics/B00AB79468.jpg,Electronics
Electronics/B09837PYNM.jpg,Electronics
Electronics/B01ASO3VB2.jpg,Electronics
Electronics/B00OUUXOUY.jpg,Electronics
Home/B0023Q1Y7W.jpg,Home
Apparel/B07CTK72T5.jpg,Apparel
Home/B0030FAGA6.jpg,Home
Home/B08YWLVP1K.jpg,Home
Home/B08NFYMKJK.jpg,Home
Home/B08TWKPTMB.jpg,Home
Home/B07X7ZMQWG.jpg,Home
Electronics/B094XGZV96.jpg,Electronics
Electronics/B09GK323LK.jpg,Electronics
Home/B092VFKZ1T.jpg,Home
Electronics/B00GXT6EI4.jpg,Electronics
Apparel/B0788HY1SD.jpg,Apparel
Apparel/B079N4285M.jpg,Apparel
Home/B08LDB9ZH4.jpg,Home
Electronics/B087G644JW.jpg,Electronics
Electronics/B01M7YNWEN.jpg,Electronics
Electronics/B08GX7TMVG.jpg,Electronics
Apparel/B01L1TNBUY.jpg,Apparel
Electronics/B0BYNX4ZPL.jpg,Electronics
Home/B01N6Q734J.jpg,Home
Home/B00XJQZI3Q.jpg,Home
Apparel/B01KYARAQC.jpg,Apparel
Electronics/B01K6X2JI6.jpg,Electronics
Electronics/B076B3DDHC.jpg,Electronics
Apparel/B07QRT4HNW.jpg,Apparel
Apparel/B01LXONGPW.jpg,Apparel
Apparel/B000C7BMRG.jpg,Apparel
Apparel/B00TQAS03E.jpg,Apparel
Apparel/B01NAJNAI6.jpg,Apparel
Apparel/B00VNCL94A.jpg,Apparel
Apparel/B08N6377F9.jpg,Apparel
Home/B0C67JC667.jpg,Home
Electronics/B07FZDMGGT.jpg,Electronics
Home/B08HQ5GR9K.jpg,Home
Electronics/B002F58F5K.jpg,Electronics
Electronics/B08ZQTX4QV.jpg,Electronics
Home/B08CRW1YQG.jpg,Home
Apparel/B094L7F3G1.jpg,Apparel
Home/B018GD2WVW.jpg,Home
Home/B09THYJ1JT.jpg,Home
Apparel/B00HEYYG6O.jpg,Apparel
Apparel/B07SR2QV23.jpg,Apparel
Apparel/B07V5VNJ6P.jpg,Apparel
Home/B01IPM6QHA.jpg,Home
Home/B07S22HXZS.jpg,Home
Home/B09HHMDTH2.jpg,Home
Electronics/B019MJ2X8G.jpg,Electronics
Home/B00J313ADQ.jpg,Home
Home/B086GZ2182.jpg,Home
Home/B084123LBX.jpg,Home
Electronics/B007I6TSNY.jpg,Electronics
Home/B0BGLT6GBL.jpg,Home
Electronics/B071PCYFMQ.jpg,Electronics
Home/B00EPKLH1C.jpg,Home
Electronics/B09ZQBW46Z.jpg,Electronics
Electronics/B008NXO26E.jpg,Electronics
Apparel/B07C97FGRD.jpg,Apparel
Electronics/B09VLCBL2L.jpg,Electronics
Home/B000EJNRPC.jpg,Home
Home/B0BHZJT1J8.jpg,Home
Apparel/B08NGQ3NBF.jpg,Apparel
Home/B00S056QB4.jpg,Home
Electronics/B00292AG4M.jpg,Electronics
Electronics/B006CW1RRA.jpg,Electronics
Electronics/B003N98A34.jpg,Electronics
Electronics/B0B2DNDGTB.jpg,Electronics
Apparel/B07XKBC5SL.jpg,Apparel
Apparel/B07X3FCK1L.jpg,Apparel
Electronics/B017WZZBDQ.jpg,Electronics
Apparel/B077SHH5K6.jpg,Apparel
Home/B07PSHXGPC.jpg,Home
Electronics/B00R7WHEBM.jpg,Electronics
Electronics/B06WWHF7NQ.jpg,Electronics
Home/B07B7B5NXQ.jpg,Home
Electronics/B085HGLH6V.jpg,Electronics
Home/B01MYOEV48.jpg,Home
Home/B097ZP8L79.jpg,Home
Home/B01N5L0S2K.jpg,Home
Apparel/B0789FTXZ5.jpg,Apparel
Apparel/B097CYYLDK.jpg,Apparel
Home/B016U6ZCIW.jpg,Home
Home/B07J6S4GLH.jpg,Home
Home/B0995FDX2F.jpg,Home
Electronics/B0027VSQ24.jpg,Electronics
Electronics/B09TZP1G3M.jpg,Electronics
Electronics/B07FKK1QYQ.jpg,Electronics
Apparel/B076PNNNHV.jpg,Apparel
Home/B00GHVAJGQ.jpg,Home
Electronics/B07N3T7Z3Y.jpg,Electronics
Electronics/B0845LHM6S.jpg,Electronics
Electronics/B08K7J4QTC.jpg,Electronics
Home/B08DPRMSRX.jpg,Home
Electronics/B072Q9M32K.jpg,Electronics
Home/B08NDV38BY.jpg,Home
Apparel/B075R3GL9J.jpg,Apparel
Electronics/B004LGBE4K.jpg,Electronics
Electronics/B01DSJSG82.jpg,Electronics
Apparel/B08RDBVYFZ.jpg,Apparel
Electronics/B07HGN619D.jpg,Electronics
Electronics/B008N499O8.jpg,Electronics
Home/B00FYRJJ6U.jpg,Home
Home/B08HWP8Q5C.jpg,Home
Apparel/B0991RWS3D.jpg,Apparel
Home/B08M3KMYKS.jpg,Home
Electronics/B01MCWF5DP.jpg,Electronics
Electronics/B0077NXCOY.jpg,Electronics
Home/B079XG72X9.jpg,Home
Home/B00RE3RK1S.jpg,Home
Home/B01BNDR82A.jpg,Home
Apparel/B00ZH9EZJG.jpg,Apparel
Electronics/B07816W4TP.jpg,Electronics
Apparel/B06XWVL7N3.jpg,Apparel
Home/B08V51W16D.jpg,Home
Electronics/B077V8RVN7.jpg,Electronics
Home/B09C7YFN9K.jpg,Home
Home/B0915KYSLJ.jpg,Home
Electronics/B07B2NMKTS.jpg,Electronics
Home/B07QJVY3LB.jpg,Home
Home/B07HJ4ZNX2.jpg,Home
Apparel/B07ML72N7P.jpg,Apparel
Apparel/B074SHGLJK.jpg,Apparel
Apparel/B00ZE8P1AW.jpg,Apparel
Home/B089G81MNK.jpg,Home
Apparel/B01N23WH2U.jpg,Apparel
Apparel/B08FSPNBGV.jpg,Apparel
Apparel/B07TB6B7R8.jpg,Apparel
Electronics/B07CZX6NB9.jpg,Electronics
Electronics/B01B1O4UYA.jpg,Electronics
Apparel/B07BSC86HJ.jpg,Apparel
Apparel/B081771HTX.jpg,Apparel
Home/B00MI8L1A0.jpg,Home
Electronics/B07KY38264.jpg,Electronics
Home/B00OM9UVPE.jpg,Home
Home/B08T6QQ8GL.jpg,Home
Apparel/B002VKZGEM.jpg,Apparel
Electronics/B00GSGFINE.jpg,Electronics
Home/B0B9467GLV.jpg,Home
Apparel/B08SK6DKJX.jpg,Apparel
Electronics/B00E67MZOW.jpg,Electronics
Home/B071WJX4V1.jpg,Home
Apparel/B0711D5VD7.jpg,Apparel
Home/B0BWFJDTTM.jpg,Home
Apparel/B07JWJ67FN.jpg,Apparel
Apparel/B016WQ21PW.jpg,Apparel
Home/B085QP69CD.jpg,Home
Home/B07HFJ8VCD.jpg,Home
Electronics/B08WKPS3W9.jpg,Electronics
Home/B08W3W3RKW.jpg,Home
Home/B07YS7P63Z.jpg,Home
Electronics/B0779RQ2Y8.jpg,Electronics
Apparel/B01EWP16YC.jpg,Apparel
Apparel/B09WGY8CCR.jpg,Apparel
Apparel/B07K5PZPBC.jpg,Apparel
Apparel/B07TJV59HQ.jpg,Apparel
Electronics/B012PS79F8.jpg,Electronics
Electronics/B01HM1IZPG.jpg,Electronics
Apparel/B07RHQKWNC.jpg,Apparel
Home/B07ZPS29WY.jpg,Home
Electronics/B00IJLM6G8.jpg,Electronics
Apparel/B08F834LSR.jpg,Apparel
Apparel/B00Q6C1140.jpg,Apparel
Apparel/B01D3T7VII.jpg,Apparel
Home/B00CD1HCAA.jpg,Home
Electronics/B001TCHOPC.jpg,Electronics
Apparel/B01AL61BF0.jpg,Apparel
Home/B0843NMZ66.jpg,Home
Apparel/B01N6Y3FZC.jpg,Apparel
Home/B09RQZC76S.jpg,Home
Apparel/B0888ML4H6.jpg,Apparel
Apparel/B07Y4P5MWV.jpg,Apparel
Apparel/B00G5HWNNY.jpg,Apparel
Electronics/B000RMERDC.jpg,Electronics
Apparel/B07NP575TF.jpg,Apparel
Home/B002VZDH3E.jpg,Home
Home/B07TM49JV4.jpg,Home
Apparel/B00VNCSQXM.jpg,Apparel
Home/B07VCTSD8M.jpg,Home
Electronics/B09Z85R1BC.jpg,Electronics
Apparel/B082R57PPZ.jpg,Apparel
Home/B001EQQ2S8.jpg,Home
Home/B07J3WC1VZ.jpg,Home
Apparel/B08S6VWCMT.jpg,Apparel
Apparel/B07NRSB943.jpg,Apparel
Home/B00K1YJE2A.jpg,Home
Electronics/B07SHBF8ZN.jpg,Electronics
Apparel/B08SZ4WGX7.jpg,Apparel
Home/B09PDPGTKT.jpg,Home
Apparel/B0181V2H46.jpg,Apparel
Home/B08BRR8YHQ.jpg,Home
Apparel/B019689NHW.jpg,Apparel
Home/B00G6S3DBS.jpg,Home
Apparel/B07XDGY1L5.jpg,Apparel
Home/B002YRUH0A.jpg,Home
Home/B0948HTLTM.jpg,Home
Apparel/B07XY12H8M.jpg,Apparel
Apparel/B07L89GDNT.jpg,Apparel
Apparel/B07W9KM33S.jpg,Apparel
Home/B084BPPVNR.jpg,Home
Home/B07P5NZPWJ.jpg,Home
Home/B08JCT2J7T.jpg,Home
Home/B09V7LJKTQ.jpg,Home
Electronics/B0C1M4TZ3T.jpg,Electronics
Apparel/B07C7B22FV.jpg,Apparel
Home/B08K426MMG.jpg,Home
Home/B00GHXIH4K.jpg,Home
Apparel/B08CN9D6R1.jpg,Apparel
Electronics/B00TI4Y7WG.jpg,Electronics
Home/B0BC115GDX.jpg,Home
Apparel/B07D48QR3L.jpg,Apparel
Apparel/B00KTIGONU.jpg,Apparel
Home/B078RS66FH.jpg,Home
Electronics/B01M0GFGRD.jpg,Electronics
Apparel/B087QJNW4V.jpg,Apparel
Apparel/B0792NCCFX.jpg,Apparel
Home/B093BY5PJ4.jpg,Home
Home/B01M7MBEY1.jpg,Home
Electronics/B013PYXY96.jpg,Electronics
Apparel/B00PMB57L4.jpg,Apparel
Apparel/B08QRQK75J.jpg,Apparel
Apparel/B00JIJG2ZG.jpg,Apparel
Home/B08DP7HGGK.jpg,Home
Electronics/B00XZUWD9S.jpg,Electronics
Home/B08PS5J3H8.jpg,Home
Electronics/B07FD9Y6KW.jpg,Electronics
Apparel/B01H7OW9M8.jpg,Apparel
Apparel/B06XF2VM93.jpg,Apparel
Apparel/B008S1WWSQ.jpg,Apparel
Electronics/B00SKH7G16.jpg,Electronics
Home/B087221VFV.jpg,Home
Electronics/B005JJVULK.jpg,Electronics
Apparel/B00C5QY6A2.jpg,Apparel
Apparel/B0798MWZPX.jpg,Apparel
Home/B08GL61RV9.jpg,Home
Home/B0BRQLRCXS.jpg,Home
Electronics/B07QTHF932.jpg,Electronics
Apparel/B003U4W8H6.jpg,Apparel
Apparel/B017Q0K4S4.jpg,Apparel
Apparel/B0967WHDBL.jpg,Apparel
Apparel/B00VJLLRIS.jpg,Apparel
Home/B07Z4J1LZP.jpg,Home
Home/B07GBYJ7RS.jpg,Home
Home/B08FHPX4X3.jpg,Home
Apparel/B00Q3CCXBS.jpg,Apparel
Apparel/B00DUC7U8K.jpg,Apparel
Apparel/B00NBOBM0Y.jpg,Apparel
Apparel/B012U4RM1S.jpg,Apparel
Home/B07KYY8GZW.jpg,Home
Electronics/B07LGTSHX3.jpg,Electronics
Apparel/B078P76TZ4.jpg,Apparel
Electronics/B07D8W3NKC.jpg,Electronics
Apparel/B07S8STTZK.jpg,Apparel
Electronics/B01CULX9WW.jpg,Electronics
Apparel/B01BN3YS9Q.jpg,Apparel
Electronics/B07MKJZ6Q4.jpg,Electronics
Apparel/B0BCFQLVX9.jpg,Apparel
Apparel/B085G9633L.jpg,Apparel
Electronics/B00NA9PD64.jpg,Electronics
Electronics/B0BVLQYCDQ.jpg,Electronics
Electronics/B07BVHTGZG.jpg,Electronics
Home/B005A0PX6Q.jpg,Home
Home/B0B164CXF9.jpg,Home
Apparel/B08KSS5NJ5.jpg,Apparel
Home/B0BNWXPJ77.jpg,Home
Home/B08QJ36TCR.jpg,Home
Apparel/B07JMXXZGN.jpg,Apparel
Apparel/B07MKJ91WD.jpg,Apparel
Apparel/B00BTL5V12.jpg,Apparel
Home/B079K8GYY7.jpg,Home
Electronics/B07H5S8142.jpg,Electronics
Home/B01LZ2GRTL.jpg,Home
Apparel/B00QWG00GA.jpg,Apparel
Apparel/B07JZ4VT9S.jpg,Apparel
Apparel/B08BNS63Y9.jpg,Apparel
Apparel/B019C2EDY0.jpg,Apparel
Home/B0927FWR7T.jpg,Home
Electronics/B08GJG5XCL.jpg,Electronics
Home/B00GG0FOA4.jpg,Home
Apparel/B07B937SP2.jpg,Apparel
Apparel/B07CZ5X1C5.jpg,Apparel
Electronics/B0BLS6MCT1.jpg,Electronics
Electronics/B001QJB0LW.jpg,Electronics
Electronics/B000I2JVX2.jpg,Electronics
Electronics/B077PLZKWN.jpg,Electronics
Home/B08L6G1KP3.jpg,Home
Home/B01MT39NT5.jpg,Home
Apparel/B01BBSI5Y2.jpg,Apparel
Home/B000LVXW2G.jpg,Home
Electronics/B08GLBD1QN.jpg,Electronics
Home/B0718YPTK5.jpg,Home
Home/B000XERI8U.jpg,Home
Electronics/B001QD5MV2.jpg,Electronics
Apparel/B078T56MBJ.jpg,Apparel
Apparel/B08DG18BBB.jpg,Apparel
Apparel/B08LGK6D8P.jpg,Apparel
Apparel/B01M13BLEO.jpg,Apparel
Electronics/B01M3NXNFR.jpg,Electronics
Home/B08DK18WJN.jpg,Home
Apparel/B00ZG64RE8.jpg,Apparel
Home/B07JFJYVPF.jpg,Home
Apparel/B08FZLX3RJ.jpg,Apparel
Electronics/B07FL5F8GF.jpg,Electronics
Apparel/B08FBJ6FRY.jpg,Apparel
Electronics/B0066290SY.jpg,Electronics
Electronics/B096SH5MFK.jpg,Electronics
Electronics/B099MWH1HY.jpg,Electronics
Electronics/B08HH1W5MW.jpg,Electronics
Home/B08WYN87G8.jpg,Home
Apparel/B08N1883DM.jpg,Apparel
Home/B09TV7LLJ1.jpg,Home
Apparel/B07G9CJRN2.jpg,Apparel
Electronics/B008G3LAQ6.jpg,Electronics
Home/B08ZSXRB3G.jpg,Home
Apparel/B088CHK91B.jpg,Apparel
Electronics/B082CZC3Z3.jpg,Electronics
Electronics/B07Q2SV3DD.jpg,Electronics
Apparel/B00NBMMXUE.jpg,Apparel
Electronics/B01M8QBXSY.jpg,Electronics
Home/B008V40XZO.jpg,Home
Home/B09RGY8HZH.jpg,Home
Home/B09QPTNNF5.jpg,Home
Electronics/B00NHEUGVO.jpg,Electronics
Electronics/B09K7FXNLX.jpg,Electronics
Apparel/B08P7G4PN8.jpg,Apparel
Apparel/B01IIORHL4.jpg,Apparel
Home/B0BQW8WWFY.jpg,Home
Home/B08V5G2DJ6.jpg,Home
Electronics/B000WXHCNI.jpg,Electronics
Home/B09T74P1S2.jpg,Home
Electronics/B07WMNKFS6.jpg,Electronics
Apparel/B07H7Y4CVM.jpg,Apparel
Apparel/B08ZHPMSHV.jpg,Apparel
Apparel/B07BF74BZY.jpg,Apparel
Electronics/B01MTZTCWO.jpg,Electronics
Electronics/B091SYLWDL.jpg,Electronics
Apparel/B08LZ5TM1S.jpg,Apparel
Apparel/B08TQZ5NFH.jpg,Apparel
Apparel/B08P2NP4CF.jpg,Apparel
Apparel/B078GVQ7WP.jpg,Apparel
Home/B0036SWBPA.jpg,Home
Apparel/B07FYFVD31.jpg,Apparel
Home/B01LZSA84J.jpg,Home
Electronics/B00J9Z35MW.jpg,Electronics
Home/B082CJNYPJ.jpg,Home
Electronics/B09JK8CT16.jpg,Electronics
Electronics/B002DWQU48.jpg,Electronics
Electronics/B00BU1I1JU.jpg,Electronics
Apparel/B00YYTS1BS.jpg,Apparel
Home/B08HJX72QY.jpg,Home
Home/B09YGDYQX3.jpg,Home
Home/B094CLBCLB.jpg,Home
Home/B08DHH2BDF.jpg,Home
Electronics/B08QTKXMF1.jpg,Electronics
Apparel/B083WPC2TS.jpg,Apparel
Apparel/B0BF4Q6SVT.jpg,Apparel
Apparel/B01CQIEZIQ.jpg,Apparel
Home/B00ZED3VTU.jpg,Home
Home/B00L43NIP6.jpg,Home
Home/B076658RC3.jpg,Home
Electronics/B07VMHDH25.jpg,Electronics
Apparel/B01E5ZIF2U.jpg,Apparel
Home/B08RJ56J82.jpg,Home
Electronics/B083QMYK8B.jpg,Electronics
Apparel/B08137499G.jpg,Apparel
Home/B0B4DC2HM4.jpg,Home
Electronics/B0042VF30U.jpg,Electronics
Apparel/B0819W541W.jpg,Apparel
Electronics/B00ZCCZVIW.jpg,Electronics
Apparel/B07G6175J8.jpg,Apparel
Apparel/B01HCDADAE.jpg,Apparel
Electronics/B07L645F25.jpg,Electronics
Apparel/B07368RCCY.jpg,Apparel
Home/B092PM4NP6.jpg,Home
Electronics/B01AFW0EG2.jpg,Electronics
Apparel/B08JH3LYMN.jpg,Apparel
Home/B0002Y5X8S.jpg,Home
Home/B004D5SNOI.jpg,Home
Home/B00H6ZC1TU.jpg,Home
Electronics/B09FVQWM5T.jpg,Electronics
Electronics/B01NH0GW7Z.jpg,Electronics
Home/B00HWXZGDE.jpg,Home
Home/B09YKZ72QH.jpg,Home
Home/B077Y13RHX.jpg,Home
Electronics/B01LZJL7M3.jpg,Electronics
Electronics/B0969V4QBV.jpg,Electronics
Electronics/B095NJ1RMG.jpg,Electronics
Home/B088YJSWGV.jpg,Home
Home/B074JGS58C.jpg,Home
Apparel/B08MYYTDKT.jpg,Apparel
Home/B000685XL2.jpg,Home
Home/B08HHKRPB8.jpg,Home
Electronics/B003UHMZCQ.jpg,Electronics
Apparel/B012P9PF9Y.jpg,Apparel
Home/B08HSHQVY9.jpg,Home
Electronics/B09ZK4SGP6.jpg,Electronics
Electronics/B07HFKN8LQ.jpg,Electronics
Apparel/B01M9F2J9H.jpg,Apparel
Apparel/B01EWXA4KQ.jpg,Apparel
Home/B09L4B55HX.jpg,Home
Apparel/B01MSFQ5SD.jpg,Apparel
Apparel/B00PQTH01M.jpg,Apparel
Electronics/B00VG9TIJ8.jpg,Electronics
Apparel/B07XMDSPCR.jpg,Apparel
Home/B0017100MY.jpg,Home
Home/B08H26TKPM.jpg,Home
Home/B06Y5RVWHF.jpg,Home
Home/B017GFDPJE.jpg,Home
Home/B00BKE27V0.jpg,Home
Apparel/B0935L7X1D.jpg,Apparel
Home/B07G2CBSL3.jpg,Home
Electronics/B08418X8C7.jpg,Electronics
Apparel/B07QWK2C66.jpg,Apparel
Home/B09R49Z55R.jpg,Home
Electronics/B004LTOVXI.jpg,Electronics
Apparel/B08K8DDW99.jpg,Apparel
Apparel/B08FCL7S9N.jpg,Apparel
Electronics/B004XQWIIO.jpg,Electronics
Apparel/B07P64JQZ6.jpg,Apparel
Home/B07Y9BQ9G7.jpg,Home
Home/B09WRK3ZPQ.jpg,Home
Electronics/B01IKL878W.jpg,Electronics
Apparel/B00ESAKMOM.jpg,Apparel
Home/B09XHYZ4L2.jpg,Home
Electronics/B09HGYQG21.jpg,Electronics
Apparel/B07BDGDRPH.jpg,Apparel
Electronics/B07RNLHTDS.jpg,Electronics
Electronics/B0BCFHWW5L.jpg,Electronics
Apparel/B07B3YXDQC.jpg,Apparel
Electronics/B07DMWNYSD.jpg,Electronics
Electronics/B0170WDZ5C.jpg,Electronics
Apparel/B0144LEP7O.jpg,Apparel
Apparel/B074K2JJMS.jpg,Apparel
Electronics/B002XCE19E.jpg,Electronics
Apparel/B07R472HB4.jpg,Apparel
Electronics/B017ED06KY.jpg,Electronics
Apparel/B0749HGT4Z.jpg,Apparel
Electronics/B01EF2Q97G.jpg,Electronics
Home/B08PHQQTG2.jpg,Home
Electronics/B09D2V3S7J.jpg,Electronics
Home/B07FBF6R6Q.jpg,Home
Apparel/B01H7MV3HW.jpg,Apparel
Apparel/B01GQBR7MK.jpg,Apparel
Home/B00CO4N7G4.jpg,Home
Home/B09YQ4NZ17.jpg,Home
Electronics/B01HFPO0L2.jpg,Electronics
Home/B00CH7BAD0.jpg,Home
Home/B0BFKHTTZK.jpg,Home
Home/B07YFR9H83.jpg,Home
Apparel/B0742BSHDT.jpg,Apparel
Apparel/B08FB81R4Z.jpg,Apparel
Home/B0B84MRR2G.jpg,Home
Electronics/B01N683VMP.jpg,Electronics
Home/B00DE1CUMI.jpg,Home
Home/B08XJC6HYD.jpg,Home
Home/B00M7UEF7K.jpg,Home
Apparel/B07PFW987C.jpg,Apparel
Home/B081K8HYPQ.jpg,Home
Apparel/B09FHFL36K.jpg,Apparel
Apparel/B09W164FR7.jpg,Apparel
Apparel/B07JPGZD8R.jpg,Apparel
Electronics/B01BDX9Q6Q.jpg,Electronics
Apparel/B01J85E4ZE.jpg,Apparel
Apparel/B01HSO79SG.jpg,Apparel
Home/B0BJ63GT6F.jpg,Home
Apparel/B09BQ364VZ.jpg,Apparel
Electronics/B06XH9B3VX.jpg,Electronics
Apparel/B07Z85NFND.jpg,Apparel
Home/B07QDMVM9G.jpg,Home
Apparel/B087BZ75PH.jpg,Apparel
Electronics/B08PZDTPG2.jpg,Electronics
Electronics/B016U8EW8G.jpg,Electronics
Electronics/B09T76D68Z.jpg,Electronics
Electronics/B00XIFX8YY.jpg,Electronics
Home/B07MZZTHQZ.jpg,Home
Electronics/B01COH5P4W.jpg,Electronics
Home/B003WOJLOC.jpg,Home
Apparel/B00D3YH3T6.jpg,Apparel
Home/B07BLP72MD.jpg,Home
Electronics/B07QT96T51.jpg,Electronics
Home/B075JCZ4ZD.jpg,Home
Home/B008VWBAX0.jpg,Home
Apparel/B09J1F2KBC.jpg,Apparel
Home/B00EI1C8FM.jpg,Home
Home/B01J4JHDUM.jpg,Home
Apparel/B08L9V853Q.jpg,Apparel
Home/B072VKPS7V.jpg,Home
Home/B09TZPY6DH.jpg,Home
Electronics/B08R3HC4BK.jpg,Electronics
Electronics/B00VDZXAQ2.jpg,Electronics
Home/B09LJ3QXFV.jpg,Home
Home/B07G13VDDX.jpg,Home
Home/B08JTTB63C.jpg,Home
Electronics/B00UV6BI18.jpg,Electronics
Home/B07H7885LN.jpg,Home
Home/B09PH1P64Y.jpg,Home
Home/B08Z6X4TD8.jpg,Home
Electronics/B010L8IFFW.jpg,Electronics
Electronics/B07K68VJ35.jpg,Electronics
Home/B08TR2VS7Q.jpg,Home
Home/B00HQRO2ZE.jpg,Home
Electronics/B00XJ00IGE.jpg,Electronics
Home/B099ZKLZTZ.jpg,Home
Apparel/B08HW7CHSY.jpg,Apparel
Home/B07XJ2V7KZ.jpg,Home
Electronics/B01EAE23H4.jpg,Electronics
Home/B07CRH2T14.jpg,Home
Electronics/B09XQRHGQS.jpg,Electronics
Electronics/B0098X1CRA.jpg,Electronics
Home/B093T1PWCF.jpg,Home
Apparel/B01DGE1OFG.jpg,Apparel
Home/B07BDGVX4Q.jpg,Home
Home/B071HT123G.jpg,Home
Home/B07SZL3NQX.jpg,Home
Electronics/B07D17P3VH.jpg,Electronics
Apparel/B0BY17QRKH.jpg,Apparel
Electronics/B07WBYWQTR.jpg,Electronics
Home/B0011DQ5JA.jpg,Home
Electronics/B00FGD7RUW.jpg,Electronics
Apparel/B0894TSFC5.jpg,Apparel
Home/B07196NNSC.jpg,Home
Apparel/B01M4NBJ3H.jpg,Apparel
Apparel/B01A9E0W90.jpg,Apparel
Home/B00M1VTGSI.jpg,Home
Home/B000P0BI92.jpg,Home
Apparel/B085MYLPDC.jpg,Apparel
Apparel/B07DZVD8R1.jpg,Apparel
Electronics/B00JFTFF02.jpg,Electronics
Electronics/B01JBD63F2.jpg,Electronics
Home/B0BN531FD1.jpg,Home
Home/B0798K7DVB.jpg,Home
Home/B09B9P635Q.jpg,Home
Apparel/B07TT9Z9RM.jpg,Apparel
Apparel/B08GWXMQZX.jpg,Apparel
Electronics/B07P92LQ77.jpg,Electronics
Home/B005CIMIA0.jpg,Home
Home/B08SBQQSLL.jpg,Home
Electronics/B000B5AQL2.jpg,Electronics
Electronics/B094DFX1TD.jpg,Electronics
Apparel/B081491WF7.jpg,Apparel
Apparel/B09JXVQ1M1.jpg,Apparel
Electronics/B0BJTGFSM1.jpg,Electronics
Electronics/B07F5RF4ZD.jpg,Electronics
Apparel/B00NF0K6W4.jpg,Apparel
Electronics/B083FDP45C.jpg,Electronics
Electronics/B0BMFM1MS8.jpg,Electronics
Home/B07WV58HH6.jpg,Home
Electronics/B08F5J25PS.jpg,Electronics
Electronics/B07GNGTHC9.jpg,Electronics
Electronics/B0189K9F4E.jpg,Electronics
Home/B098BHMM7J.jpg,Home
Apparel/B01D8H9SWW.jpg,Apparel
Apparel/B01M0WRFE6.jpg,Apparel
Apparel/B07WK7449Z.jpg,Apparel
Electronics/B07L39TL1N.jpg,Electronics
Electronics/B0B3NCYCZH.jpg,Electronics
Electronics/B087Q652J3.jpg,Electronics
Home/B0BGRZ7GTX.jpg,Home
Electronics/B005REL9HC.jpg,Electronics
Apparel/B09B1VKGHG.jpg,Apparel
Apparel/B09XHTK2JC.jpg,Apparel
Home/B01547KQO8.jpg,Home
Apparel/B018EZDPK4.jpg,Apparel
Electronics/B09NVKBWP8.jpg,Electronics
Home/B09LYG2YSQ.jpg,Home
Electronics/B075WTRM5D.jpg,Electronics
Home/B015ZE876E.jpg,Home
Home/B08QW4M9C9.jpg,Home
Apparel/B078JLH8Z2.jpg,Apparel
Electronics/B001150JW2.jpg,Electronics
Electronics/B0016PFBB6.jpg,Electronics
Apparel/B08B3LD8QL.jpg,Apparel
Electronics/B00AFUF2EE.jpg,Electronics
Home/B08XBPPFQP.jpg,Home
Electronics/B00L4I5ZRA.jpg,Electronics
Apparel/B0928DCX2N.jpg,Apparel
Home/B07HQ8J2FV.jpg,Home
Apparel/B0B3N6JYDY.jpg,Apparel
Home/B08XR326SL.jpg,Home
Electronics/B00XAT8RB2.jpg,Electronics
Apparel/B07WCMFGCH.jpg,Apparel
Apparel/B081HK72KM.jpg,Apparel
Home/B06Y2K4D7W.jpg,Home
Electronics/B0140NYGVQ.jpg,Electronics
Electronics/B07QXV3PD3.jpg,Electronics
Apparel/B07GRGHDPR.jpg,Apparel
Apparel/B091SLD85D.jpg,Apparel
Home/B000IG9H1E.jpg,Home
Electronics/B00EG67OTE.jpg,Electronics
Electronics/B00KW34U4C.jpg,Electronics
Apparel/B01N9SWN95.jpg,Apparel
Electronics/B0BTXQDFR8.jpg,Electronics
Apparel/B00T5KUV0K.jpg,Apparel
Electronics/B083LX2JM6.jpg,Electronics
Electronics/B0BCQCLLCQ.jpg,Electronics
Electronics/B00BP115QQ.jpg,Electronics
Home/B093FZJSDB.jpg,Home
Apparel/B01CRF7KIA.jpg,Apparel
Apparel/B00EHSQU8W.jpg,Apparel
Home/B06XYWT5ZW.jpg,Home
Home/B07P5TLT1J.jpg,Home
Home/B07BNQZZS9.jpg,Home
Electronics/B00V2EX14A.jpg,Electronics
Apparel/B08X73C8CY.jpg,Apparel
Apparel/B07F5FTZQ6.jpg,Apparel
Apparel/B01A6V9R3S.jpg,Apparel
Apparel/B01MQNMCDC.jpg,Apparel
Apparel/B07H3LJBVT.jpg,Apparel
Apparel/B09ZTTB3R6.jpg,Apparel
Apparel/B0B511WS2C.jpg,Apparel
Home/B07W1ZD1RK.jpg,Home
Apparel/B08L37H36Q.jpg,Apparel
Electronics/B00269VQ8S.jpg,Electronics
Apparel/B09JKF8ZSP.jpg,Apparel
Apparel/B01DOKVPGU.jpg,Apparel
Electronics/B00CWUI6QG.jpg,Electronics
Electronics/B07DPNG5XM.jpg,Electronics
Apparel/B07X1RCQQT.jpg,Apparel
Electronics/B07XYMF4PJ.jpg,Electronics
Apparel/B08LT8JQ14.jpg,Apparel
Apparel/B01DVZ5LW2.jpg,Apparel
Electronics/B08QFBCNG4.jpg,Electronics
Electronics/B00E7FY9GA.jpg,Electronics
Electronics/B079Z9L2Z8.jpg,Electronics
Home/B09CTC3JQZ.jpg,Home
Apparel/B01N4PE64E.jpg,Apparel
Home/B08ZJL8KL5.jpg,Home
Apparel/B07XFHYQLF.jpg,Apparel
Electronics/B002O0KSPQ.jpg,Electronics
Apparel/B075NP2KT4.jpg,Apparel
Home/B0B846MQND.jpg,Home
Electronics/B0BW28STRP.jpg,Electronics
Electronics/B00I348OD0.jpg,Electronics
Apparel/B01MQGNYH2.jpg,Apparel
Electronics/B002UFHQCI.jpg,Electronics
Home/B091992LD8.jpg,Home
Home/B000VP9GG8.jpg,Home
Apparel/B07QKV7M6H.jpg,Apparel
Electronics/B08NTJWMSR.jpg,Electronics
Home/B07HS3LMNK.jpg,Home
Apparel/B08RDMVYNS.jpg,Apparel
Apparel/B08H7YQW8Q.jpg,Apparel
Electronics/B0BKG719RW.jpg,Electronics
Electronics/B08BJWCDXB.jpg,Electronics
Electronics/B01KHDK26G.jpg,Electronics
Electronics/B01LO6R4P2.jpg,Electronics
Home/B07HBB72QB.jpg,Home
Electronics/B09N458XBN.jpg,Electronics
Electronics/B08Z8H7VFP.jpg,Electronics
Electronics/B074GYMCHR.jpg,Electronics
Home/B06XG3MQMH.jpg,Home
Electronics/B019W3G1W6.jpg,Electronics
Electronics/B00G49ZAD8.jpg,Electronics
Apparel/B078HJWC98.jpg,Apparel
Home/B085HHBS4R.jpg,Home
Apparel/B08SLY8HK6.jpg,Apparel
Home/B07Q5KBVBM.jpg,Home
Electronics/B002CZQ7W6.jpg,Electronics
Home/B0189TVZKM.jpg,Home
Electronics/B0007U00WQ.jpg,Electronics
Home/B09VQT49W2.jpg,Home
Home/B085CCHR9X.jpg,Home
Electronics/B01HIKI1M8.jpg,Electronics
Electronics/B07NP8MVYH.jpg,Electronics
Electronics/B07DDKNG6B.jpg,Electronics
Electronics/B088T8CV1M.jpg,Electronics
Electronics/B00IYM1RNA.jpg,Electronics
Apparel/B073T6S9Y6.jpg,Apparel
Electronics/B086L6PXPX.jpg,Electronics
Home/B07N83HZJH.jpg,Home
Electronics/B001BKSZQ4.jpg,Electronics
Home/B0743263D8.jpg,Home
Home/B08SJSZDKJ.jpg,Home
Apparel/B07BJLQ1D2.jpg,Apparel
Home/B07J5V5NPW.jpg,Home
Apparel/B092ZV7Q47.jpg,Apparel
Electronics/B08JJ3N9NK.jpg,Electronics
Apparel/B00LME00DU.jpg,Apparel
Apparel/B07CSPJCVK.jpg,Apparel
Electronics/B00TNNAZYQ.jpg,Electronics
Apparel/B07SFKB8CK.jpg,Apparel
Home/B00T3Z6WZ0.jpg,Home
Electronics/B002F9NBXC.jpg,Electronics
Electronics/B00A2FBHMI.jpg,Electronics
Electronics/B094D2KZ39.jpg,Electronics
Electronics/B0BKPZ4QR6.jpg,Electronics
Home/B09CCNLPWC.jpg,Home
Apparel/B085L2DHS4.jpg,Apparel
Electronics/B09TPBTF3Y.jpg,Electronics
Home/B08JLBGQL4.jpg,Home
Apparel/B083S498JZ.jpg,Apparel
Apparel/B07DN9WVGV.jpg,Apparel
Apparel/B0111SWLC4.jpg,Apparel
Apparel/B078WSNDG6.jpg,Apparel
Home/B09GG56BQQ.jpg,Home
Electronics/B0069VYPV4.jpg,Electronics
Electronics/B07LGKMD9T.jpg,Electronics
Apparel/B08D3C7TS8.jpg,Apparel
Electronics/B0065DVTHO.jpg,Electronics
Apparel/B07SD1516W.jpg,Apparel
Electronics/B076JKX5SL.jpg,Electronics
Electronics/B083W78RDC.jpg,Electronics
Apparel/B08G1D4G62.jpg,Apparel
Home/B08114RCRM.jpg,Home
Apparel/B0967XVNPM.jpg,Apparel
Electronics/B005OFK844.jpg,Electronics
Electronics/B00WFBNEG4.jpg,Electronics
Electronics/B01CNAVTAO.jpg,Electronics
Electronics/B086P36GYH.jpg,Electronics
Home/B001NFQXQ6.jpg,Home
Electronics/B0BBQV8FQ6.jpg,Electronics
Home/B09V4YKJ73.jpg,Home
Electronics/B07QW53JY8.jpg,Electronics
Apparel/B01FYU5VV8.jpg,Apparel
Home/B07GBTJNP9.jpg,Home
Apparel/B07K4KL5Y8.jpg,Apparel
Electronics/B09TNPR8G2.jpg,Electronics
Home/B0BW3NVKKQ.jpg,Home
Home/B071LJF8BC.jpg,Home
Apparel/B07C91H2DV.jpg,Apparel
Apparel/B07NQ3CMG4.jpg,Apparel
Home/B0894L189N.jpg,Home
Electronics/B01M1Y39E4.jpg,Electronics
Home/B01M0G1M2V.jpg,Home
Apparel/B08L8W6TK6.jpg,Apparel
Electronics/B081XJCPVG.jpg,Electronics
Electronics/B00SRC1V60.jpg,Electronics
Home/B004K9RH2Q.jpg,Home
Home/B06WD492HC.jpg,Home
Electronics/B094MZ4CGZ.jpg,Electronics
Apparel/B07GR3S2YN.jpg,Apparel
Home/B01A6FHOK2.jpg,Home
Electronics/B01H22AKB2.jpg,Electronics
Apparel/B07DWSJ3QJ.jpg,Apparel
Home/B08MF17WHY.jpg,Home
Home/B0BT2RTGQL.jpg,Home
Home/B00313CH68.jpg,Home
Home/B09DXWK2Q1.jpg,Home
Home/B0859FLTN4.jpg,Home
Electronics/B00B4TNGKM.jpg,Electronics
Home/B07HGXRFXM.jpg,Home
Electronics/B01CBUJT4Y.jpg,Electronics
Apparel/B0825S1RYC.jpg,Apparel
Apparel/B09FL37LR6.jpg,Apparel
Home/B0845Q813Y.jpg,Home
Apparel/B00XIREVRU.jpg,Apparel
Home/B07VZNT4CS.jpg,Home
Electronics/B08HRGLCJF.jpg,Electronics
Electronics/B00O9MG7PC.jpg,Electronics
Apparel/B00IZL3ZWG.jpg,Apparel
Home/B0BHZ78RPW.jpg,Home
Home/B01LQKBRHW.jpg,Home
Apparel/B07FD7LKPV.jpg,Apparel
Apparel/B01FJ3D0LI.jpg,Apparel
Apparel/B08Y76CZVD.jpg,Apparel
Electronics/B003DLC1DW.jpg,Electronics
Electronics/B08LZSMC7Q.jpg,Electronics
Electronics/B0BWPY92NY.jpg,Electronics
Apparel/B07X4Z6P33.jpg,Apparel
Apparel/B083Q68ZDQ.jpg,Apparel
Apparel/B01CW6DT66.jpg,Apparel
Electronics/B00LU1RFLU.jpg,Electronics
Home/B01J7JINGM.jpg,Home
Electronics/B01KH6Q08C.jpg,Electronics
Home/B08TYGP8N1.jpg,Home
Electronics/B00DZMKAC8.jpg,Electronics
Electronics/B07N7WRM2W.jpg,Electronics
Apparel/B017PW3L06.jpg,Apparel
Home/B08ZJPQBCZ.jpg,Home
Home/B09TR18RFF.jpg,Home
Home/B08P75NCKZ.jpg,Home
Home/B0040IFSOQ.jpg,Home
Home/B001UDH3RE.jpg,Home
Home/B08B8XYRK7.jpg,Home
Home/B0BM4DL5PB.jpg,Home
Home/B0BYHKZ9L9.jpg,Home
Apparel/B06W5251KD.jpg,Apparel
Electronics/B006QMGMDA.jpg,Electronics
Apparel/B01LO5OF0A.jpg,Apparel
Electronics/B000XB4P8Y.jpg,Electronics
Home/B00L4K1W6G.jpg,Home
Electronics/B0BHWK4F44.jpg,Electronics
Electronics/B007Y6I2BW.jpg,Electronics
Electronics/B001IVOBXW.jpg,Electronics
Apparel/B0876BM541.jpg,Apparel
Home/B07FDV8HM8.jpg,Home
Electronics/B07W4VD3JD.jpg,Electronics
Home/B01A2O8FSC.jpg,Home
Apparel/B00HOLX7ZI.jpg,Apparel
Apparel/B018FSVQ6U.jpg,Apparel
Electronics/B001N0QBRM.jpg,Electronics
Electronics/B01KBCLBQ8.jpg,Electronics
Apparel/B09B25X7T2.jpg,Apparel
Electronics/B07WDFCF49.jpg,Electronics
Apparel/B07PSLYKPT.jpg,Apparel
Electronics/B00XKDI5L0.jpg,Electronics
Home/B08MKXW2FP.jpg,Home
Apparel/B07QTG7SPL.jpg,Apparel
Electronics/B07C2KR9XV.jpg,Electronics
Apparel/B074SHPWMN.jpg,Apparel
Home/B00OFD8PVE.jpg,Home
Electronics/B07XTR97NT.jpg,Electronics
Electronics/B00OZGLU7M.jpg,Electronics
Apparel/B01KLAUNXW.jpg,Apparel
Electronics/B07Z3NCPT8.jpg,Electronics
Apparel/B0727YDMHQ.jpg,Apparel
Apparel/B00X9FZU3K.jpg,Apparel
Apparel/B07H9RMN58.jpg,Apparel
Apparel/B08SHP498Z.jpg,Apparel
Electronics/B00755NS5W.jpg,Electronics
Electronics/B09MVM694X.jpg,Electronics
Apparel/B00I3LRAU6.jpg,Apparel
Home/B07CKGWJWK.jpg,Home
Apparel/B0811755K9.jpg,Apparel
Apparel/B09QLRZF2B.jpg,Apparel
Electronics/B00N0E4RO8.jpg,Electronics
Electronics/B01DO7W31E.jpg,Electronics
Apparel/B08JCLTFYW.jpg,Apparel
Home/B00TK57IKG.jpg,Home
Electronics/B01N0LXTNZ.jpg,Electronics
Home/B079HRLR8F.jpg,Home
Apparel/B07KK8PDZ1.jpg,Apparel
Home/B083J865R9.jpg,Home
Home/B0C5VFNY5Z.jpg,Home
Apparel/B09WMJ5FMX.jpg,Apparel
Electronics/B07S469PTW.jpg,Electronics
Home/B095LWC33Q.jpg,Home
Apparel/B07TRTD2W5.jpg,Apparel
Electronics/B07QCTQQZX.jpg,Electronics
Apparel/B073HG5T29.jpg,Apparel
Apparel/B07NY3MJYF.jpg,Apparel
Electronics/B00NPZ3K2C.jpg,Electronics
Home/B0149RSHRM.jpg,Home
Home/B014RQ156U.jpg,Home
Apparel/B0058YEU7W.jpg,Apparel
Electronics/B00LPRUR3C.jpg,Electronics
Electronics/B09TNCKKHQ.jpg,Electronics
Home/B07K6MHKNB.jpg,Home
Apparel/B091KZ45Y9.jpg,Apparel
Apparel/B01KGSBCDO.jpg,Apparel
Apparel/B07VQQX9XJ.jpg,Apparel
Apparel/B01DTZZN3G.jpg,Apparel
Home/B07FKBJG1R.jpg,Home
Apparel/B00FR6OGL6.jpg,Apparel
Home/B01DEJZ652.jpg,Home
Home/B0BVYL3J18.jpg,Home
Electronics/B0BTPDZHDX.jpg,Electronics
Apparel/B01D4WZBDG.jpg,Apparel
Electronics/B00FGIR11C.jpg,Electronics
Electronics/B00KJ0USQW.jpg,Electronics
Apparel/B0163GMR3C.jpg,Apparel
Home/B097XDTYN1.jpg,Home
Electronics/B01CHCF35A.jpg,Electronics
Home/B083NTN139.jpg,Home
Home/B01GXUNMQO.jpg,Home
Electronics/B01CARL9VE.jpg,Electronics
Home/B017SUKL4Y.jpg,Home
Electronics/B072N26JF2.jpg,Electronics
Electronics/B005CRFQG4.jpg,Electronics
Home/B09YXPDMS1.jpg,Home
Apparel/B07RRKP4VV.jpg,Apparel
Electronics/B019W8RLQG.jpg,Electronics
Home/1616599200.jpg,Home
Electronics/B07BDJ4DJW.jpg,Electronics
Home/B09Y2X4YJ5.jpg,Home
Home/B00GL4WTJY.jpg,Home
Home/B07NNRWD6Y.jpg,Home
Apparel/B01I6751PM.jpg,Apparel
Home/B00AUYW6IA.jpg,Home
Apparel/B07CH777PR.jpg,Apparel
Home/B07WR5FPNP.jpg,Home
Home/B07GGRSH1Q.jpg,Home
Apparel/B071RLKQSP.jpg,Apparel
Electronics/B019HHLN02.jpg,Electronics
Home/B07V2S3VZL.jpg,Home
Home/B08PCSRLHY.jpg,Home
Apparel/B0B5DYN25K.jpg,Apparel
Apparel/B07FJ72336.jpg,Apparel
Home/B07RY2WH82.jpg,Home
Apparel/B08Z47DDQT.jpg,Apparel
Home/B0034G60HY.jpg,Home
Apparel/B08L9CL6R5.jpg,Apparel
Home/B0B967MMDL.jpg,Home
Apparel/B07SCJJ1RW.jpg,Apparel
Electronics/B077BTPWGJ.jpg,Electronics
Apparel/B07G5T41LW.jpg,Apparel
Apparel/B07QR96PZR.jpg,Apparel
Apparel/B07M6PYX99.jpg,Apparel
Electronics/B0046REF9K.jpg,Electronics
Apparel/B07GZKG5BH.jpg,Apparel
Electronics/B09KMX7DSM.jpg,Electronics
Home/B00E93N2TU.jpg,Home
Home/B09JGF76FT.jpg,Home
Electronics/B07D52PMP8.jpg,Electronics
Home/B002EASDEO.jpg,Home
Electronics/B0BTBVZSCV.jpg,Electronics
Apparel/B0874LD6CN.jpg,Apparel
Apparel/B019S6ZI4E.jpg,Apparel
Apparel/B08F7HFJFK.jpg,Apparel
Electronics/B07CLPCX92.jpg,Electronics
Electronics/B07Q4RNVQP.jpg,Electronics
Apparel/B09BJ2GKLJ.jpg,Apparel
Apparel/B01AZE1KO0.jpg,Apparel
Apparel/B00478B6NQ.jpg,Apparel
Home/B07BQQD9CD.jpg,Home
Electronics/B00006B8MX.jpg,Electronics
Apparel/B07Q9JW5PT.jpg,Apparel
Home/B06XSWQWPW.jpg,Home
Apparel/B08HRLWRRW.jpg,Apparel
Electronics/B00YXZNMCQ.jpg,Electronics
Home/B093DBNRR2.jpg,Home
Apparel/B083DHX42B.jpg,Apparel
Home/B087D7S3K6.jpg,Home
Electronics/B007G4ULIE.jpg,Electronics
Home/B01AHKMI02.jpg,Home
Electronics/B07TYPLNBL.jpg,Electronics
Electronics/B0711MSG3Q.jpg,Electronics
Electronics/B01M3U7145.jpg,Electronics
Electronics/B07C5M9N97.jpg,Electronics
Home/B00FBD96QA.jpg,Home
Home/B0101C3GD4.jpg,Home
Home/B0C37R3RJ8.jpg,Home
Electronics/B07DVP1TX3.jpg,Electronics
Home/B0B8CD947Z.jpg,Home
Electronics/B01COX3GQA.jpg,Electronics
Apparel/B01MQG09DN.jpg,Apparel
Electronics/B076HFGDDX.jpg,Electronics
Home/B00JYJH3XA.jpg,Home
Electronics/B07HRDSXPC.jpg,Electronics
Electronics/B07J66M1S3.jpg,Electronics
Electronics/B01F8ONCIY.jpg,Electronics
Home/B00I160QS6.jpg,Home
Electronics/B006YVM9V2.jpg,Electronics
Electronics/B0160D3UTI.jpg,Electronics
Apparel/B07XYH1ZK7.jpg,Apparel
Home/B09ZHGV56L.jpg,Home
Electronics/B08CXV1V69.jpg,Electronics
Apparel/B01N4MZAIT.jpg,Apparel
Electronics/B00M93HQ30.jpg,Electronics
Home/B08R81761K.jpg,Home
Apparel/B01H459MXY.jpg,Apparel
Home/B088RF3NFN.jpg,Home
Apparel/B07SHB17DD.jpg,Apparel
Apparel/B01FQN0YLU.jpg,Apparel
Home/B07QH9K6C8.jpg,Home
Electronics/B08F9T8LLQ.jpg,Electronics
Electronics/B07D35PLRJ.jpg,Electronics
Electronics/B01HFK9YOA.jpg,Electronics
Electronics/B07FFQCXDM.jpg,Electronics
Home/B07G6TSHDP.jpg,Home
Home/B009G4EKBG.jpg,Home
Apparel/B01JCUMB14.jpg,Apparel
Apparel/B07JGCLHZ5.jpg,Apparel
Home/B018A3DI84.jpg,Home
Home/B00GBHF7PY.jpg,Home
Home/B099CX4NL4.jpg,Home
Home/B00946DKH6.jpg,Home
Home/B010DIGHH8.jpg,Home
Apparel/B071778DQ4.jpg,Apparel
Home/B01LVZ25HW.jpg,Home
Apparel/B01C6NDAP0.jpg,Apparel
Electronics/B08FB5HDL4.jpg,Electronics
Electronics/B07B9137WS.jpg,Electronics
Electronics/B074M7BQ3L.jpg,Electronics
Apparel/B0722LZS7G.jpg,Apparel
Electronics/B01N2XP29T.jpg,Electronics
Apparel/B08SQQPXP8.jpg,Apparel
Apparel/B072V39L5Y.jpg,Apparel
Home/B002SWMRVI.jpg,Home
Apparel/B09NYJ74ZS.jpg,Apparel
Apparel/B07YLLH785.jpg,Apparel
Home/B08XWG7QXJ.jpg,Home
Electronics/B07GWMBW1C.jpg,Electronics
Home/B095KYWHHR.jpg,Home
Electronics/B09JZ4N8D3.jpg,Electronics
Apparel/B00CNWTZ5Y.jpg,Apparel
Electronics/B005QLG34U.jpg,Electronics
Apparel/B07KM57S99.jpg,Apparel
Electronics/B07L74Z1MR.jpg,Electronics
Apparel/B00NMSBKNI.jpg,Apparel
Electronics/B0B58FQK5G.jpg,Electronics
Home/B07SQ3B2TH.jpg,Home
Home/B073WM238S.jpg,Home
Electronics/B00QQ7739M.jpg,Electronics
Electronics/B0812ZKFCG.jpg,Electronics
Apparel/B08L3NTNGL.jpg,Apparel
Electronics/B07XT7YG73.jpg,Electronics
Electronics/B07X4BQ7TV.jpg,Electronics
Home/B0BK135V2N.jpg,Home
Apparel/B0711J1GQV.jpg,Apparel
Apparel/B07QP61PZX.jpg,Apparel
Apparel/B0756ZFQ8D.jpg,Apparel
Home/B077S5LZ3J.jpg,Home
Electronics/B00VJF61YY.jpg,Electronics
Apparel/B07527VS2W.jpg,Apparel
Apparel/B07662Y68F.jpg,Apparel
Home/B076LGSN1J.jpg,Home
Home/B08BK49CLY.jpg,Home
Home/B089GYYMKL.jpg,Home
Apparel/B00AG32BA8.jpg,Apparel
Home/B07VYN3475.jpg,Home
Apparel/B098NG6F7J.jpg,Apparel
Electronics/B00B42F9P4.jpg,Electronics
Electronics/B09NR812RQ.jpg,Electronics
Electronics/B08CHB4J78.jpg,Electronics
Electronics/B008ORT9OY.jpg,Electronics
Electronics/B0009OAFIY.jpg,Electronics
Home/B0932VST32.jpg,Home
Home/B00A0A0IA2.jpg,Home
Apparel/B00HS4KSDK.jpg,Apparel
Home/B086699CRL.jpg,Home
Apparel/B00C4YI1WE.jpg,Apparel
Electronics/B0BSF5LM3J.jpg,Electronics
Apparel/B07KMDVTXF.jpg,Apparel
Electronics/B00CW619R8.jpg,Electronics
Electronics/B07QRR6VM8.jpg,Electronics
Home/B081TKS82S.jpg,Home
Apparel/B07G3GN76V.jpg,Apparel
Electronics/B08YJS4QVX.jpg,Electronics
Home/B0157ZVX6M.jpg,Home
Home/B08HHZ6M52.jpg,Home
Electronics/B08LDHS1DD.jpg,Electronics
Home/B01IJ30HJS.jpg,Home
Apparel/B07GSM57RM.jpg,Apparel
Apparel/B0B7P111K9.jpg,Apparel
Electronics/B00569MHYW.jpg,Electronics
Home/B073Z4Q7QH.jpg,Home
Electronics/B09MCTJ338.jpg,Electronics
Apparel/B01G5BBSDA.jpg,Apparel
Electronics/B09XMKMWWR.jpg,Electronics
Electronics/B00N3ZDHR2.jpg,Electronics
Electronics/B07BBH84JW.jpg,Electronics
Apparel/B087CFZNGY.jpg,Apparel
Electronics/B01MYWP4ZF.jpg,Electronics
Electronics/B019W509XG.jpg,Electronics
Apparel/B07VRMH87S.jpg,Apparel
Electronics/B0BPBYG8F7.jpg,Electronics
Electronics/B00839H2FG.jpg,Electronics
Home/B00XJS1GVW.jpg,Home
Home/B077B1FFC5.jpg,Home
Electronics/B018ACFNHE.jpg,Electronics
Electronics/B01MQZCGCX.jpg,Electronics
Apparel/B08FWN3WGW.jpg,Apparel
Home/B0B9J8XCPG.jpg,Home
Electronics/B077JGJYQ6.jpg,Electronics
Apparel/B08F3DW98D.jpg,Apparel
Home/B08GXYH7DN.jpg,Home
Apparel/B07GFDNMB1.jpg,Apparel
Apparel/B016MFVWZ8.jpg,Apparel
Home/B07KXLXSQG.jpg,Home
Electronics/B07CY1PTM1.jpg,Electronics
Electronics/B0BHJCPBH7.jpg,Electronics
Electronics/B004HH8A0E.jpg,Electronics
Home/B08GBPS39P.jpg,Home
Electronics/B0764QFMW8.jpg,Electronics
Electronics/B013D7JFHA.jpg,Electronics
Home/B003ZY1IXG.jpg,Home
Electronics/B01EJ13BOW.jpg,Electronics
Apparel/B07K66H177.jpg,Apparel
Home/B0000TFG96.jpg,Home
Home/B01MG2XWF5.jpg,Home
Apparel/B08G81MG33.jpg,Apparel
Electronics/B073PZPHBV.jpg,Electronics
Apparel/B08FMJZ421.jpg,Apparel
Home/B08PS9364W.jpg,Home
Home/B0858C22K8.jpg,Home
Home/B0758TZCH8.jpg,Home
Apparel/B072N57P1Y.jpg,Apparel
Home/B06XK53G7B.jpg,Home
Electronics/B016CHZA7M.jpg,Electronics
Apparel/B00JTUVP60.jpg,Apparel
Apparel/B07KH8Z7T3.jpg,Apparel
Electronics/B0791H5XWN.jpg,Electronics
Home/B081GF4PNG.jpg,Home
Electronics/B0074A4XBQ.jpg,Electronics
Home/B07ST23YT4.jpg,Home
Apparel/B078N5HNJZ.jpg,Apparel
Apparel/B07SSZJDPY.jpg,Apparel
Electronics/B00IEG2ZGY.jpg,Electronics
Home/B000V5KH2K.jpg,Home
Home/B09Q3NPG9W.jpg,Home
Home/B019L77FUK.jpg,Home
Apparel/B07HGYCZ8L.jpg,Apparel
Apparel/B00I8WGM22.jpg,Apparel
Apparel/B071P98RSN.jpg,Apparel
Electronics/B015CVKJQ6.jpg,Electronics
Home/B07GV848BT.jpg,Home
Electronics/B00VU1TRLQ.jpg,Electronics
Electronics/B003BRR0U2.jpg,Electronics
Home/B07DLV1D7N.jpg,Home
Electronics/B004NCUIFS.jpg,Electronics
Electronics/B075TLXVN7.jpg,Electronics
Home/B09BX3231G.jpg,Home
Apparel/B07CNWKZX5.jpg,Apparel
Electronics/B07SZH4PJZ.jpg,Electronics
Electronics/B00094OX3C.jpg,Electronics
Home/B01M03ACWI.jpg,Home
Home/B01FZF8DRG.jpg,Home
Electronics/B01GUDLK9K.jpg,Electronics
Electronics/B07Z92QS88.jpg,Electronics
Apparel/B075XG1FZR.jpg,Apparel
Apparel/B08GWXVKQF.jpg,Apparel
Home/B07DQCZV4G.jpg,Home
Apparel/B07288FB76.jpg,Apparel
Electronics/B07F28SBPB.jpg,Electronics
Home/B0BHKXXX4B.jpg,Home
Home/B015A4JKJM.jpg,Home
Apparel/B07G124TJR.jpg,Apparel
Apparel/B083BF3NT2.jpg,Apparel
Electronics/B08H83L61P.jpg,Electronics
Electronics/B095WCM1MX.jpg,Electronics
Home/B01LZMXFAA.jpg,Home
Apparel/B08PPBDZ22.jpg,Apparel
Apparel/B08P7LX9RC.jpg,Apparel
Apparel/B08LSF4CKJ.jpg,Apparel
Electronics/B08XYQ85PL.jpg,Electronics
Home/B008Y6840K.jpg,Home
Apparel/B075D6CTWY.jpg,Apparel
Home/B018ER8638.jpg,Home
Electronics/B07NY4F2YS.jpg,Electronics
Apparel/B08DTW596N.jpg,Apparel
Home/B09BYHV3V7.jpg,Home
Electronics/B083TRXJPM.jpg,Electronics
Home/B00WT4PI0W.jpg,Home
Electronics/B00EMHVVLO.jpg,Electronics
Apparel/B00QCY6OXA.jpg,Apparel
Apparel/B019MAOMRA.jpg,Apparel
Apparel/B01L724OL0.jpg,Apparel
Electronics/B000DZDM20.jpg,Electronics
Electronics/B077SDW9SK.jpg,Electronics
Apparel/B07RWTLKXF.jpg,Apparel
Apparel/B00NPKU5IY.jpg,Apparel
Apparel/B075WVHDT6.jpg,Apparel
Home/B089GLNPRX.jpg,Home
Electronics/B00HFF5TWW.jpg,Electronics
Home/B0787M4XJ1.jpg,Home
Electronics/B0075ZW6KK.jpg,Electronics
Apparel/B09BZ3MY4J.jpg,Apparel
Electronics/B097TTZB4G.jpg,Electronics
Apparel/B07YQRZ2N7.jpg,Apparel
Apparel/B07F6ZZ7FB.jpg,Apparel
Home/B07T72GCBP.jpg,Home
Apparel/B01EMX2ZJ4.jpg,Apparel
Apparel/B07L5MB3VY.jpg,Apparel
Electronics/B0091IN86U.jpg,Electronics
Apparel/B01H4OWBKQ.jpg,Apparel
Electronics/B004CNO2IM.jpg,Electronics
Apparel/B07MLWJP7R.jpg,Apparel
Home/B07CNKV3PV.jpg,Home
Apparel/B07ZK3CNRK.jpg,Apparel
Apparel/B07HMTNRLB.jpg,Apparel
Apparel/B0BGXMP7H1.jpg,Apparel
Electronics/B01546OVLS.jpg,Electronics
Electronics/B08R3ZGG4V.jpg,Electronics
Home/B07CZFNVSZ.jpg,Home
Apparel/B08RHVMCPW.jpg,Apparel
Apparel/B08CDGDF6H.jpg,Apparel
Home/B0786P1NT5.jpg,Home
Home/B00KIE2BUA.jpg,Home
Home/B079GPZFVG.jpg,Home
Apparel/B08BFTPY35.jpg,Apparel
Apparel/B01EL8EAIY.jpg,Apparel
Home/B08MZJX15P.jpg,Home
Electronics/B002FP14AS.jpg,Electronics
Home/B0016D2MRO.jpg,Home
Apparel/B07GJ8FH9P.jpg,Apparel
Electronics/B0B7445SV4.jpg,Electronics
Home/B073V3GHN8.jpg,Home
Electronics/B07V4CTJJH.jpg,Electronics
Electronics/B07X4CWTTS.jpg,Electronics
Home/B0BZRZDGRJ.jpg,Home
Home/B085PT1DJY.jpg,Home
Home/B0BB172CM1.jpg,Home
Electronics/B00M1V96RO.jpg,Electronics
Electronics/B00HX0RTKO.jpg,Electronics
Electronics/B01HHPXU1Q.jpg,Electronics
Home/B07TTC66RT.jpg,Home
Home/B00N09TBDK.jpg,Home
Home/B0C4P7WRK6.jpg,Home
Electronics/B016961GCY.jpg,Electronics
Electronics/B01JE407DW.jpg,Electronics
Home/B07JP1T5YC.jpg,Home
Home/B00HLVZ8LM.jpg,Home
Home/B07H5BS9ZQ.jpg,Home
Home/B098SGWBXY.jpg,Home
Home/B01M6494GJ.jpg,Home
Home/B09DCMNXRR.jpg,Home
Electronics/B01KO017FC.jpg,Electronics
Electronics/B092D1ZR2D.jpg,Electronics
Home/B07P2W43P9.jpg,Home
Apparel/B09MG2T5CL.jpg,Apparel
Electronics/B00M0RFR18.jpg,Electronics
Home/B07TBTTCMZ.jpg,Home
Apparel/B00ZPQHSOA.jpg,Apparel
Home/B09N6YY37S.jpg,Home
Electronics/B000KL4YLK.jpg,Electronics
Home/B083HWDHCT.jpg,Home
Apparel/B0956V4KX5.jpg,Apparel
Home/B07K6MPL6R.jpg,Home
Electronics/B07RL2RBWR.jpg,Electronics
Home/B07HJHK5YM.jpg,Home
Electronics/B07DNXJYZ6.jpg,Electronics
Home/B095SPJHF6.jpg,Home
Electronics/B00AIBDLI4.jpg,Electronics
Home/B0BHP5797R.jpg,Home
Apparel/B074V2BF93.jpg,Apparel
Home/B00WEXZ6ZU.jpg,Home
Electronics/B07RXQNHCD.jpg,Electronics
Home/B00EZQLF68.jpg,Home
Apparel/B01LXKMMWD.jpg,Apparel
Electronics/B07Z94LDF2.jpg,Electronics
Apparel/B094NBKC7X.jpg,Apparel
Home/B0796GW6R6.jpg,Home
Electronics/B00BIFN6DO.jpg,Electronics
Apparel/B074MQLZBL.jpg,Apparel
Electronics/B07L981QQF.jpg,Electronics
Home/B08CY6PSMW.jpg,Home
Apparel/B08K37Z5QX.jpg,Apparel
Apparel/B00JU2WL92.jpg,Apparel
Apparel/B07CG641XW.jpg,Apparel
Electronics/B09QD1W2F9.jpg,Electronics
Home/B07W6XXRK6.jpg,Home
Electronics/B07BBQ7MPC.jpg,Electronics
Electronics/B000XQ4S3G.jpg,Electronics
Apparel/B07DHFRDMQ.jpg,Apparel
Apparel/B01KG4NUK6.jpg,Apparel
Apparel/B09P8CRMKK.jpg,Apparel
Apparel/B01BDV1YJA.jpg,Apparel
Apparel/B07TW5R7DZ.jpg,Apparel
Home/B0BCNQ9688.jpg,Home
Apparel/B089R692YN.jpg,Apparel
Electronics/B001E8D38I.jpg,Electronics
Apparel/B07BV93YBL.jpg,Apparel
Apparel/B0114EOHG8.jpg,Apparel
Home/B003ADFZF4.jpg,Home
Home/B07XGF79G2.jpg,Home
Home/B07PRS7H9Y.jpg,Home
Electronics/B07R78D213.jpg,Electronics
Apparel/B01MCTD3CG.jpg,Apparel
Home/B00068635C.jpg,Home
Home/B003YJM106.jpg,Home
Apparel/B00YNRLWEO.jpg,Apparel
Apparel/B072N4F9XS.jpg,Apparel
Home/B0067YD3YS.jpg,Home
Electronics/B016KFL3P4.jpg,Electronics
Home/B0B9LKRZ86.jpg,Home
Home/B00GEG3WEU.jpg,Home
Apparel/B09TP9T32V.jpg,Apparel
Electronics/B0788WTWGD.jpg,Electronics
Electronics/B00RSIVLS2.jpg,Electronics
Home/B09138159X.jpg,Home
Apparel/B08FD3LBQY.jpg,Apparel
Apparel/B09THYL8MM.jpg,Apparel
Apparel/B0051FCP3E.jpg,Apparel
Apparel/B07C4PV4Y5.jpg,Apparel
Electronics/B07TBG5HRT.jpg,Electronics
Electronics/B01IPGH4NQ.jpg,Electronics
Electronics/B07H6MYSCC.jpg,Electronics
Electronics/B002Z9BB6Q.jpg,Electronics
Apparel/B01CZTKKG2.jpg,Apparel
Apparel/B08NX5F43H.jpg,Apparel
Apparel/B07DPH46L7.jpg,Apparel
Apparel/B00GVG45V2.jpg,Apparel
Apparel/B0823LXLWF.jpg,Apparel
Home/B09N37SN7Y.jpg,Home
Electronics/B01FH2KJIS.jpg,Electronics
Apparel/B07Q48PDZ7.jpg,Apparel
Home/B010IITSRO.jpg,Home
Apparel/B095WKBFWJ.jpg,Apparel
Home/B08S32HMDB.jpg,Home
Electronics/B00QSN6962.jpg,Electronics
Apparel/B0784J88BH.jpg,Apparel
Apparel/B06XFK7JPR.jpg,Apparel
Apparel/B07C64Y1K3.jpg,Apparel
Apparel/B0772YK3RT.jpg,Apparel
Home/B079QG95CY.jpg,Home
Home/B0B1B2DPNQ.jpg,Home
Home/B09CYCFPRD.jpg,Home
Electronics/B00NBCRSW2.jpg,Electronics
Home/B08Y79XG3R.jpg,Home
Electronics/B09PBBLF5P.jpg,Electronics
Home/B07RQ2QBX5.jpg,Home
Electronics/B077KPFLWR.jpg,Electronics
Electronics/B01677PKCC.jpg,Electronics
Electronics/B000A835EA.jpg,Electronics
Apparel/B08RJBN3YX.jpg,Apparel
Home/B09CKC7YQT.jpg,Home
Home/B09N8WLTVK.jpg,Home
Electronics/B07H514VJR.jpg,Electronics
Apparel/B07NBZGPX3.jpg,Apparel
Home/B08GYB5M4N.jpg,Home
Apparel/B08XYYS1SP.jpg,Apparel
Apparel/B098WMRJWV.jpg,Apparel
Apparel/B01ETQSFH0.jpg,Apparel
Electronics/B01LYX0MC0.jpg,Electronics
Electronics/B01JEFOTL2.jpg,Electronics
Electronics/B0BLCFGTBF.jpg,Electronics
Electronics/B00C94HQV6.jpg,Electronics
Apparel/B083R7HQG3.jpg,Apparel
Electronics/B07VNVQ9KZ.jpg,Electronics
Apparel/B08DCJC19H.jpg,Apparel
Electronics/B0747HC8P8.jpg,Electronics
Home/B08BLB3YKK.jpg,Home
Apparel/B06XQZYH5T.jpg,Apparel
Apparel/B074VZPBY9.jpg,Apparel
Home/B071JBYLRN.jpg,Home
Home/B07Q1N2Z73.jpg,Home
Electronics/B002IRBJZI.jpg,Electronics
Home/B09JYDXTK4.jpg,Home
Apparel/B077BYQDH5.jpg,Apparel
Apparel/B07YP2YCF3.jpg,Apparel
Home/B07SZHQJB5.jpg,Home
Apparel/B079184T7J.jpg,Apparel
Electronics/B07DNRMRRD.jpg,Electronics
Electronics/B0002L9IE6.jpg,Electronics
Home/B088N5RWNS.jpg,Home
Electronics/B094ML398C.jpg,Electronics
Home/B00EX9JPQY.jpg,Home
Home/B08Z2BHCJK.jpg,Home
Apparel/B01KYFDZCA.jpg,Apparel
Home/B092VNGC2C.jpg,Home
Electronics/B09YGGS86Y.jpg,Electronics
Home/B08GXTCCDQ.jpg,Home
Home/B0C3RKR5GP.jpg,Home
Electronics/B0C64Z6KGZ.jpg,Electronics
Apparel/B095WMK13L.jpg,Apparel
Electronics/B08N5Z6NMY.jpg,Electronics
Apparel/B0BHN3F6RS.jpg,Apparel
Home/B015RLD64S.jpg,Home
Apparel/B082PB3K5M.jpg,Apparel
Electronics/B07D47BYQG.jpg,Electronics
Home/B0BLHG2Y1D.jpg,Home
Apparel/B09FGR4MCT.jpg,Apparel
Electronics/B0B97JWYHG.jpg,Electronics
Home/B09SP8HDFJ.jpg,Home
Apparel/B086X4DHQS.jpg,Apparel
Home/B09GNLMC53.jpg,Home
Apparel/B097GNK1MB.jpg,Apparel
Electronics/B00008UAK1.jpg,Electronics
Apparel/B07Y47MDKM.jpg,Apparel
Apparel/B01B7KZRV8.jpg,Apparel
Apparel/B0B5N53WHH.jpg,Apparel
Electronics/B00KVVV64W.jpg,Electronics
Apparel/B01IBHXUW8.jpg,Apparel
Electronics/B07ZKJKBWR.jpg,Electronics
Apparel/B07YS4YDFB.jpg,Apparel
Apparel/B0891LJB3L.jpg,Apparel
Apparel/B07F81ZPDW.jpg,Apparel
Apparel/B08863TSF9.jpg,Apparel
Electronics/B07DF5FD74.jpg,Electronics
Electronics/B003NVI7U8.jpg,Electronics
Home/B08B85N2KV.jpg,Home
Electronics/B096KCVMQ4.jpg,Electronics
Home/B08GSWLPS9.jpg,Home
Electronics/B00PFNPRAU.jpg,Electronics
Electronics/B09HX8J8SQ.jpg,Electronics
Home/B083XWW1DY.jpg,Home
Apparel/B071FP97C1.jpg,Apparel
Electronics/B000067TTA.jpg,Electronics
Apparel/B0089IWXYQ.jpg,Apparel
Home/B07XFCY7N6.jpg,Home
Electronics/B07BMLNDHS.jpg,Electronics
Electronics/B07B45791Q.jpg,Electronics
Apparel/B098NLPLVJ.jpg,Apparel
Home/B07R23FNN8.jpg,Home
Apparel/B075R9KWZ5.jpg,Apparel
Apparel/B08KZW3QZV.jpg,Apparel
Electronics/B0892YJM39.jpg,Electronics
Apparel/B07KWS1KC6.jpg,Apparel
Apparel/B076H37MC2.jpg,Apparel
Home/B09TFZFT31.jpg,Home
Home/B0899XM9HH.jpg,Home
Electronics/B092C62G5H.jpg,Electronics
Home/B09MV2K1M1.jpg,Home
Home/B0B8NMBS5W.jpg,Home
Apparel/B01LW0LW7Q.jpg,Apparel
Electronics/B07H7HB6PF.jpg,Electronics
Home/B0771WMCZV.jpg,Home
Electronics/B00I0SFPKY.jpg,Electronics
Electronics/B017SOXWN2.jpg,Electronics
Apparel/B0B1876495.jpg,Apparel
Home/B0722XPVJ6.jpg,Home
Home/B07CJ816CG.jpg,Home
Home/B003DA5MN4.jpg,Home
Electronics/B084MDCNYG.jpg,Electronics
Home/B09JCHQ499.jpg,Home
Apparel/B014KDMVYK.jpg,Apparel
Apparel/B09GVTSVRW.jpg,Apparel
Apparel/B09583L4P9.jpg,Apparel
Apparel/B01N95LCQK.jpg,Apparel
Apparel/B074ZPRDS9.jpg,Apparel
Home/B00DG9ITZK.jpg,Home
Home/B007O99LYG.jpg,Home
Home/B0B935PPCX.jpg,Home
Apparel/B01D1RFFLM.jpg,Apparel
Apparel/B0198V22UW.jpg,Apparel
Home/B08D6RV82Z.jpg,Home
Apparel/B075WP7V8W.jpg,Apparel
Apparel/B08S6Q5YM2.jpg,Apparel
Home/B004NBY2XI.jpg,Home
Electronics/B004ADP1MK.jpg,Electronics
Electronics/B082189TQ3.jpg,Electronics
Electronics/B01MTOLJ2V.jpg,Electronics
Electronics/B09GW3KCN2.jpg,Electronics
Home/B09T3FKCR2.jpg,Home
Electronics/B09125VRVX.jpg,Electronics
Home/B09HR3P1P6.jpg,Home
Electronics/B0744B98JH.jpg,Electronics
Electronics/B087BL9B8J.jpg,Electronics
Electronics/B0B3XF9TZX.jpg,Electronics
Electronics/B00YPNSY2O.jpg,Electronics
Apparel/B07PWLS69F.jpg,Apparel
Home/B09Q8WZFNC.jpg,Home
Home/B07ZNGMHXF.jpg,Home
Electronics/B01CZBVI6Q.jpg,Electronics
Apparel/B07HMFH83H.jpg,Apparel
Apparel/B01EODP83C.jpg,Apparel
Apparel/B06XCR7PLM.jpg,Apparel
Apparel/B087JKF4X2.jpg,Apparel
Home/B0BKK7FCQJ.jpg,Home
Home/B01M4OPMGG.jpg,Home
Home/B016XH6SV8.jpg,Home
Home/B01DNXO05G.jpg,Home
Home/B07BRT4ZNV.jpg,Home
Apparel/B07235MV7V.jpg,Apparel
Home/B07P1C48P9.jpg,Home
Electronics/B0785JF7D2.jpg,Electronics
Apparel/B01M7MVGVZ.jpg,Apparel
Home/B076P3DBRV.jpg,Home
Home/B01LXR8IKS.jpg,Home
Home/B07XZCSGLH.jpg,Home
Home/B08KHQ8H67.jpg,Home
Apparel/B074PST5FC.jpg,Apparel
Electronics/B007RKMDMO.jpg,Electronics
Home/B004GIR1AY.jpg,Home
Home/B01A6789LS.jpg,Home
Apparel/B091XWLYWR.jpg,Apparel
Home/B07CK7TBQN.jpg,Home
Home/B0B8S3GTBZ.jpg,Home
Apparel/B07X8XRHSS.jpg,Apparel
Home/B092HR6ML3.jpg,Home
Electronics/B079T3QS6W.jpg,Electronics
Home/B09PD99VMY.jpg,Home
Apparel/B00DQJVF2E.jpg,Apparel
Home/B005CM94T4.jpg,Home
Electronics/B0044GCDAG.jpg,Electronics
Apparel/B0BWZC1CJH.jpg,Apparel
Electronics/B089LY8TDW.jpg,Electronics
Apparel/B07PRW9MMV.jpg,Apparel
Home/B07D3PQ27F.jpg,Home
Apparel/B098JHST9L.jpg,Apparel
Electronics/B07K2NPHDR.jpg,Electronics
Apparel/B08PB4V1Z9.jpg,Apparel
Home/B008ZEAADA.jpg,Home
Home/B072F6QJVV.jpg,Home
Apparel/B01MPYJDBI.jpg,Apparel
Electronics/B07CVLNZB8.jpg,Electronics
Home/B07DQM9GZS.jpg,Home
Home/B0BPPDYL9R.jpg,Home
Apparel/B01NBK40H3.jpg,Apparel
Electronics/B07X3LBSMD.jpg,Electronics
Home/B09QSJLSB6.jpg,Home
Electronics/B07S6GW1BB.jpg,Electronics
Home/B08BHY7Y42.jpg,Home
Home/B0BD1BZZBH.jpg,Home
Electronics/B004VB9SRK.jpg,Electronics
Apparel/B094J68CXC.jpg,Apparel
Electronics/B07V5CGYDQ.jpg,Electronics
Apparel/B07BXWB2MX.jpg,Apparel
Home/B01N34GH4C.jpg,Home
Apparel/B09MFFXPTS.jpg,Apparel
Home/B0736LZNXJ.jpg,Home
Home/B0BGR5C32V.jpg,Home
Apparel/B00Q6XH350.jpg,Apparel
Electronics/B004TQTOQM.jpg,Electronics
Home/B01MG82TQH.jpg,Home
Home/B0BHSSHHL5.jpg,Home
Electronics/B09HKXB5MM.jpg,Electronics
Home/B07XMHS7T2.jpg,Home
Electronics/B0969W6XCN.jpg,Electronics
Apparel/B06XW8VZNH.jpg,Apparel
Home/B00FYL8MUK.jpg,Home
Electronics/B07C6K5JJM.jpg,Electronics
Apparel/B086XJRKPY.jpg,Apparel
Home/B00J0FWLPS.jpg,Home
Apparel/B018473NEA.jpg,Apparel
Home/B08XC5G8RF.jpg,Home
Electronics/B09FG6G6SR.jpg,Electronics
Electronics/B0017195M0.jpg,Electronics
Apparel/B078BMR3YP.jpg,Apparel
Electronics/B07KF5Q6P1.jpg,Electronics
Apparel/B00GS61RXY.jpg,Apparel
Electronics/B09L5SJQ37.jpg,Electronics
Apparel/B0772F2CJT.jpg,Apparel
Apparel/B00MRL7MJC.jpg,Apparel
Electronics/B07575LKCZ.jpg,Electronics
Electronics/B077R32DVR.jpg,Electronics
Apparel/B09164BGTS.jpg,Apparel
Home/B000ARPH2Y.jpg,Home
Home/B01N0QFACA.jpg,Home
Apparel/B079SVNJYY.jpg,Apparel
Home/B005IDQW3S.jpg,Home
Electronics/B07YCL76HB.jpg,Electronics
Electronics/B07WHSMSZX.jpg,Electronics
Home/B08L5BSJSY.jpg,Home
Home/B00FFZOU3I.jpg,Home
Home/B095CPHJGT.jpg,Home
Electronics/B08DYDJ7YC.jpg,Electronics
Home/B00MPSTD08.jpg,Home
Home/B07H13HMTQ.jpg,Home
Apparel/B07KP6PKC7.jpg,Apparel
Home/B09FSLKVWD.jpg,Home
Apparel/B08C7CTYYQ.jpg,Apparel
Electronics/B09CQJQHQT.jpg,Electronics
Home/B00Y8DRKI0.jpg,Home
Home/B08DXG5NSD.jpg,Home
Home/B013G4IDR8.jpg,Home
Apparel/B06XYNW54J.jpg,Apparel
Apparel/B082N719BH.jpg,Apparel
Apparel/B01MTMR4KC.jpg,Apparel
Apparel/B07V58SKXC.jpg,Apparel
Home/B07KCC8LJW.jpg,Home
Electronics/B09XYH68L2.jpg,Electronics
Home/B09C8ZFC26.jpg,Home
Home/B075279SKV.jpg,Home
Apparel/B01M148Z1R.jpg,Apparel
Apparel/B01FXCMMM8.jpg,Apparel
Home/B082GNT5V8.jpg,Home
Home/B004AL95GA.jpg,Home
Home/B003X0BRHE.jpg,Home
Home/B07QFDH8T1.jpg,Home
Electronics/B00EHSLDUM.jpg,Electronics
Electronics/B07PSFM2ZH.jpg,Electronics
Apparel/B07F1DYFGQ.jpg,Apparel
Home/B0BZJWKPW4.jpg,Home
Apparel/B07Z43BYQ6.jpg,Apparel
Electronics/B0047ZFKVI.jpg,Electronics
Electronics/B011HZRN60.jpg,Electronics
Home/B08ZJ4FWHF.jpg,Home
Home/B0978M5GLW.jpg,Home
Electronics/B001DNSZAK.jpg,Electronics
Apparel/B0BCR988G1.jpg,Apparel
Home/B078R64384.jpg,Home
Apparel/B0977FBMHY.jpg,Apparel
Apparel/B071Y2TVF5.jpg,Apparel
Home/B00UGFCYVW.jpg,Home
Apparel/B07CGB6CZM.jpg,Apparel
Electronics/B0831F9KZ8.jpg,Electronics
Home/B005M8GHNY.jpg,Home
Home/B09HT9CVJ8.jpg,Home
Home/B09KPWRVKZ.jpg,Home
Home/B0B38TQZQP.jpg,Home
Home/B08D88L1ZB.jpg,Home
Electronics/B001NCDAR4.jpg,Electronics
Apparel/B06XHPY5Y7.jpg,Apparel
Home/B0016PKXV4.jpg,Home
Apparel/B0B6QXRB89.jpg,Apparel
Electronics/B0132JEH4K.jpg,Electronics
Home/B003RYYBT2.jpg,Home
Apparel/B0714D9VPJ.jpg,Apparel
Electronics/B01915Q79M.jpg,Electronics
Electronics/B088D2CSPC.jpg,Electronics
Apparel/B01CJGA3CW.jpg,Apparel
Apparel/B08FM2QRJF.jpg,Apparel
Apparel/B08C9RD3J3.jpg,Apparel
Electronics/B08JTS4FTY.jpg,Electronics
Home/B00VEZX0SY.jpg,Home
Home/B09B4T5YYG.jpg,Home
Home/B076M9QWH1.jpg,Home
Apparel/B07Y3841NQ.jpg,Apparel
Electronics/B000071AAU.jpg,Electronics
Home/B08BG5M3K1.jpg,Home
Electronics/B092ZV6893.jpg,Electronics
Apparel/B010GDVJ82.jpg,Apparel
Apparel/B07HF4XNBZ.jpg,Apparel
Apparel/B071DQ617L.jpg,Apparel
Home/B07665DTR4.jpg,Home
Apparel/B09165BXRG.jpg,Apparel
Electronics/B072JYVC7C.jpg,Electronics
Electronics/B07CSX645D.jpg,Electronics
Apparel/B06XXR5ZGJ.jpg,Apparel
Apparel/B07KXF9WDP.jpg,Apparel
Electronics/B09BY6S7CC.jpg,Electronics
Home/B000X8R0PM.jpg,Home
Electronics/B07VMD9K2X.jpg,Electronics
Home/B00MFI97RM.jpg,Home
Apparel/B07XJSZS38.jpg,Apparel
Apparel/B07GPTHY4K.jpg,Apparel
Home/B0BYZ221FG.jpg,Home
Home/B09FT7SW9C.jpg,Home
Electronics/B07Q3D2BGF.jpg,Electronics
Home/B013EHV88S.jpg,Home
Apparel/B07QK4J716.jpg,Apparel
Home/B07H27JHHQ.jpg,Home
Electronics/B004M8S0PI.jpg,Electronics
Apparel/B07BNKHNXM.jpg,Apparel
Electronics/B0BN2PRKC6.jpg,Electronics
Electronics/B00L3PIUN0.jpg,Electronics
Home/B09M9QVV4T.jpg,Home
Home/B01N317BBO.jpg,Home
Apparel/B094C3K1XG.jpg,Apparel
Apparel/B079WP6TZW.jpg,Apparel
Electronics/B00DI12MQ8.jpg,Electronics
Home/B09L1H7F71.jpg,Home
Electronics/B08B5DSF4F.jpg,Electronics
Apparel/B08594JD7N.jpg,Apparel
Apparel/B01713EDY2.jpg,Apparel
Electronics/B072LF3SCB.jpg,Electronics
Home/B075FVQCGJ.jpg,Home
Apparel/B01DF1QHK2.jpg,Apparel
Home/B0B7WF8X6Q.jpg,Home
Electronics/B0012W7HQK.jpg,Electronics
Electronics/B0001XAJDY.jpg,Electronics
Apparel/B071GKDN7W.jpg,Apparel
Apparel/B075LGDWD1.jpg,Apparel
Apparel/B07N78RVXV.jpg,Apparel
Home/B00CCSQEQC.jpg,Home
Electronics/B01N9KFY1B.jpg,Electronics
Home/B08C5FHFH5.jpg,Home
Electronics/B00LITLEGG.jpg,Electronics
Apparel/B074BF9X5Z.jpg,Apparel
Home/B01DBIBQWI.jpg,Home
Apparel/B07D3BG41C.jpg,Apparel
Apparel/B08YX1QFD9.jpg,Apparel
Apparel/B08DTBYQ6B.jpg,Apparel
Home/B086BMHZ1L.jpg,Home
Apparel/B0755GF5SN.jpg,Apparel
Apparel/B09SSX1YKL.jpg,Apparel
Home/B081GRD8XF.jpg,Home
Electronics/B08YN2V8K6.jpg,Electronics
Apparel/B00Q77936W.jpg,Apparel
Electronics/B014SWNKI4.jpg,Electronics
Home/B09247447H.jpg,Home
Electronics/B00GCDW73M.jpg,Electronics
Electronics/B00IJQGUAG.jpg,Electronics
Home/B000069BFI.jpg,Home
Home/B015G4EV6S.jpg,Home
Home/B0BXWH21Y7.jpg,Home
Apparel/B087LZTQ1K.jpg,Apparel
Apparel/B07D5XR834.jpg,Apparel
Apparel/B0171NGYEE.jpg,Apparel
Electronics/B07F1VJX1S.jpg,Electronics
Home/B076VVQYV8.jpg,Home
Electronics/B002CIJUX6.jpg,Electronics
Apparel/B01HIJ0F1Y.jpg,Apparel
Apparel/B07DBZ2BCT.jpg,Apparel
Home/B005MJ5XUQ.jpg,Home
Home/B091SWZPJV.jpg,Home
Home/B006TKJXAI.jpg,Home
Apparel/B01M9EBAS8.jpg,Apparel
Home/B0791NJ1ZH.jpg,Home
Apparel/B097QWYKHR.jpg,Apparel
Electronics/B00GPOYRGS.jpg,Electronics
Home/B07RWX2SPY.jpg,Home
Electronics/B0B1PV4VGP.jpg,Electronics
Home/B07GH7SKHH.jpg,Home
Apparel/B072QBL5LR.jpg,Apparel
Electronics/B01CHZHOPO.jpg,Electronics
Home/B08CXHYWZK.jpg,Home
Apparel/B07BRX3HTF.jpg,Apparel
Home/B00OAYN4GY.jpg,Home
Electronics/B0925PLMS8.jpg,Electronics
Home/B085863SY4.jpg,Home
Apparel/B078YK2SJP.jpg,Apparel
Apparel/B08F7DWX68.jpg,Apparel
Electronics/B07M6XL9D2.jpg,Electronics
Home/B00KNPVY20.jpg,Home
Home/B07DP2TMWW.jpg,Home
Electronics/B06XKJHZR7.jpg,Electronics
Home/B07KM4L3SY.jpg,Home
Apparel/B000K685E2.jpg,Apparel
Apparel/B01J46ZRA8.jpg,Apparel
Apparel/B08HNDR8G1.jpg,Apparel
Apparel/B07GVDW5G5.jpg,Apparel
Electronics/B003JUBQE2.jpg,Electronics
Home/B07M7MFQH4.jpg,Home
Apparel/B09D3D1N3Y.jpg,Apparel
Electronics/B07WWWHK5P.jpg,Electronics
Electronics/B076NN28T5.jpg,Electronics
Home/B09PFF1L3M.jpg,Home
Apparel/B09433J851.jpg,Apparel
Electronics/B097JNDX4L.jpg,Electronics
Apparel/B00B2MOGUA.jpg,Apparel
Apparel/B09PMKYHL1.jpg,Apparel
Electronics/B00DEXGLB2.jpg,Electronics
Home/B00EA082OM.jpg,Home
Home/B088HR471M.jpg,Home
Apparel/B01M8MDL9G.jpg,Apparel
Home/B08KWMP5DR.jpg,Home
Electronics/B07S5ZPCPM.jpg,Electronics
Home/B07Z7TTFZ9.jpg,Home
Electronics/B002ZRPQAU.jpg,Electronics
Electronics/B091371CYK.jpg,Electronics
Apparel/B07KPYPF5F.jpg,Apparel
Home/B0BTHG5WK4.jpg,Home
Apparel/B078C8W6N7.jpg,Apparel
Electronics/B07FDWQD1M.jpg,Electronics
Apparel/B01LPI4KQA.jpg,Apparel
Electronics/B0012XTJ3S.jpg,Electronics
Electronics/B089LW7928.jpg,Electronics
Apparel/B01I122HFY.jpg,Apparel
Home/B075M82YKG.jpg,Home
Electronics/B00000J1QH.jpg,Electronics
Apparel/B07H7XF6WX.jpg,Apparel
Home/B001AP2Y9Y.jpg,Home
Home/B07ZXCFXS3.jpg,Home
Apparel/B07V63QDX3.jpg,Apparel
Electronics/B07FCD8JHD.jpg,Electronics
Home/B0822N65FP.jpg,Home
Apparel/B07KJ9FVF5.jpg,Apparel
Home/B000MVI3RY.jpg,Home
Home/B076HZ6YWV.jpg,Home
Electronics/B07KXG2NWG.jpg,Electronics
Home/B07DCXMWP7.jpg,Home
Apparel/B01075NAUY.jpg,Apparel
Home/B0BWD5PS4D.jpg,Home
Electronics/B07G72SN14.jpg,Electronics
Electronics/B00YOP3G3A.jpg,Electronics
Apparel/B07WRQ2RYN.jpg,Apparel
Electronics/B0BZ6Y8SKM.jpg,Electronics
Home/B07SXRGKFQ.jpg,Home
Apparel/B07QJ88XXZ.jpg,Apparel
Home/B015C5X4P0.jpg,Home
Apparel/B083ZP76SV.jpg,Apparel
Apparel/B07BFHD21S.jpg,Apparel
Home/B075CGK645.jpg,Home
Apparel/B07HRC86QC.jpg,Apparel
Apparel/B01NCTD7L6.jpg,Apparel
Electronics/B077GM846Z.jpg,Electronics
Electronics/B08394PWDN.jpg,Electronics
Electronics/B09QYDMX2F.jpg,Electronics
Home/B004SUHEKW.jpg,Home
Home/B00Y35MUJW.jpg,Home
Home/B072ZD5KHG.jpg,Home
Home/B000EJM47E.jpg,Home
Home/B08XBHHT14.jpg,Home
Apparel/B00KYXUN00.jpg,Apparel
Electronics/B0171WHGVA.jpg,Electronics
Electronics/B08THG57KR.jpg,Electronics
Electronics/B06XFHFG78.jpg,Electronics
Home/B0001CKGHY.jpg,Home
Electronics/B0002KR3Y4.jpg,Electronics
Home/B073TJQBLY.jpg,Home
Home/B01MZIWYOT.jpg,Home
Electronics/B00R3H9NJM.jpg,Electronics
Electronics/B0BFVST3DL.jpg,Electronics
Home/B08GKJTLVV.jpg,Home
Apparel/B09LM1LFFD.jpg,Apparel
Home/B08MF5V5HP.jpg,Home
Electronics/B06XWRPFBD.jpg,Electronics
Home/B07KP755VS.jpg,Home
Apparel/B088PVMS7T.jpg,Apparel
Apparel/B07BQGVM4P.jpg,Apparel
Apparel/B07C5QXTCC.jpg,Apparel
Electronics/B01N4V25XC.jpg,Electronics
Electronics/B01B4A2X3G.jpg,Electronics
Apparel/B09SKWZM31.jpg,Apparel
Apparel/B018TEYS6U.jpg,Apparel
Home/B09FT5PR7P.jpg,Home
Home/B08JQMMYR6.jpg,Home
Apparel/B08J7Y9LM1.jpg,Apparel
Home/B07FRJ7ZCH.jpg,Home
Electronics/B004NDT6N2.jpg,Electronics
Electronics/B01AAKZRPW.jpg,Electronics
Home/B0728D5CL6.jpg,Home
Electronics/B00P1PYWN0.jpg,Electronics
Home/B0BZSC4993.jpg,Home
Apparel/B013ZBMOH2.jpg,Apparel
Home/B097QCV2HS.jpg,Home
Apparel/B07Q4X5W43.jpg,Apparel
Electronics/B06VSY63CG.jpg,Electronics
Apparel/B06XT2PRZJ.jpg,Apparel
Home/B00WTL6JL2.jpg,Home
Electronics/B08ZJWWQ8Y.jpg,Electronics
Apparel/B0793J9NQQ.jpg,Apparel
Apparel/B07C8C3LNS.jpg,Apparel
Electronics/B019693T08.jpg,Electronics
Apparel/B07QCCVDTB.jpg,Apparel
Apparel/B087LW7Z7K.jpg,Apparel
Electronics/B06Y132DC7.jpg,Electronics
Home/B01ANA13F2.jpg,Home
Apparel/B01DY7KM12.jpg,Apparel
Home/B089LPRWQ3.jpg,Home
Home/B07SM1FK5K.jpg,Home
Home/B071S4B2QK.jpg,Home
Electronics/B00P9W3S9Y.jpg,Electronics
Home/B07KTGD53W.jpg,Home
Home/B00CD6NLVY.jpg,Home
Electronics/B018X9RFKW.jpg,Electronics
Apparel/B008JSDRX2.jpg,Apparel
Apparel/B073XD3WX4.jpg,Apparel
Apparel/B094FLKH3C.jpg,Apparel
Home/B08W7BV8GV.jpg,Home
Electronics/B00WUNLK5Y.jpg,Electronics
Home/B00I7ZA73U.jpg,Home
Home/B007Q7VL5S.jpg,Home
Apparel/B00QN8F5VC.jpg,Apparel
Home/B08BY9V5P9.jpg,Home
Electronics/B07X92RH8D.jpg,Electronics
Electronics/B000EA1LTK.jpg,Electronics
Apparel/B08ZJG79Z1.jpg,Apparel
Apparel/B08R9C6K8D.jpg,Apparel
Apparel/B009H07RC8.jpg,Apparel
Apparel/B002VB8T8G.jpg,Apparel
Electronics/B00WB1EP7K.jpg,Electronics
Electronics/B00HKW2Z72.jpg,Electronics
Home/B091P26WMZ.jpg,Home
Home/B07SNR8DN3.jpg,Home
Apparel/B08927W6J4.jpg,Apparel
Home/B01J1FLNAU.jpg,Home
Electronics/B00005AUJY.jpg,Electronics
Apparel/B091LDKDVR.jpg,Apparel
Apparel/B087BQB74M.jpg,Apparel
Electronics/B08L6ZRMMF.jpg,Electronics
Home/B00HRX2Q0U.jpg,Home
Apparel/B079JMMNTR.jpg,Apparel
Home/B002ICX2RQ.jpg,Home
Apparel/B00IS4COG8.jpg,Apparel
Home/B08HQWYNXC.jpg,Home
Home/B003QP35PI.jpg,Home
Apparel/B00OB6U67G.jpg,Apparel
Electronics/B01EOSSFXM.jpg,Electronics
Home/B07WPXNZP8.jpg,Home
Home/B07DKTSTPR.jpg,Home
Apparel/B007LOPNAA.jpg,Apparel
Electronics/B005NH5MRG.jpg,Electronics
Electronics/B085RZ2K3K.jpg,Electronics
Home/B08M9QYLYN.jpg,Home
Apparel/B00FAJLCGM.jpg,Apparel
Home/B07D48X9B3.jpg,Home
Apparel/B087QTVLCG.jpg,Apparel
Apparel/B0B24NV7QG.jpg,Apparel
Apparel/B07TS9NT68.jpg,Apparel
Apparel/B009NMK4RA.jpg,Apparel
Apparel/B01MCY10O1.jpg,Apparel
Apparel/B07VY8WVTR.jpg,Apparel
Electronics/B07BGYKXC8.jpg,Electronics
Electronics/B003GTX270.jpg,Electronics
Electronics/B002JIN1GQ.jpg,Electronics
Apparel/B0113IRSS4.jpg,Apparel
Home/B07JCNVPLS.jpg,Home
Electronics/B003IT6XBK.jpg,Electronics
Apparel/B08SC8NDJ7.jpg,Apparel
Electronics/B07BX7QW1C.jpg,Electronics
Home/B0036THQUY.jpg,Home
Electronics/B08818M6B6.jpg,Electronics
Home/B00NALMI6A.jpg,Home
Electronics/B000VAKI5Q.jpg,Electronics
Apparel/B06XX581BP.jpg,Apparel
Apparel/B01BBBO2D2.jpg,Apparel
Electronics/B00HJLT73O.jpg,Electronics
Apparel/B07PWWQ9WH.jpg,Apparel
Apparel/B095JWBHX3.jpg,Apparel
Electronics/B004L2LB0G.jpg,Electronics
Electronics/B00XI9ZESS.jpg,Electronics
Home/B0BW4TC2SZ.jpg,Home
Electronics/B07TLHLJGH.jpg,Electronics
Electronics/B003ZZSC66.jpg,Electronics
Apparel/B08CY1KKRK.jpg,Apparel
Apparel/B00KLIUHFE.jpg,Apparel
Home/B002WGLJ50.jpg,Home
Electronics/B08YY6W2YX.jpg,Electronics
Electronics/B0002ZPNKK.jpg,Electronics
Apparel/B07P5PZMH9.jpg,Apparel
Electronics/B075YX8866.jpg,Electronics
Home/B07P329WBH.jpg,Home
Apparel/B00N3GTTJ6.jpg,Apparel
Apparel/B07FSLM3FX.jpg,Apparel
Home/B09DCF7ZXD.jpg,Home
Electronics/B07VW819NW.jpg,Electronics
Electronics/B00IKMHXDM.jpg,Electronics
Apparel/B076BL1R5N.jpg,Apparel
Home/B07R8RNNY9.jpg,Home
Apparel/B00GBMBGG8.jpg,Apparel
Electronics/B0B1MDGD1S.jpg,Electronics
Electronics/B09MHRC2YF.jpg,Electronics
Home/B0957FFJJ7.jpg,Home
Electronics/B01N964YJR.jpg,Electronics
Home/B08F2TJ62Q.jpg,Home
Electronics/B08FSV8KY3.jpg,Electronics
Home/B08SQNW5VD.jpg,Home
Home/B06Y1D8611.jpg,Home
Apparel/B001EO7CKW.jpg,Apparel
Apparel/B00NOZWFUQ.jpg,Apparel
Electronics/B08SW9WYX4.jpg,Electronics
Apparel/B071FQSMFP.jpg,Apparel
Apparel/B07QKVDLDJ.jpg,Apparel
Home/B08LGDJKLG.jpg,Home
Electronics/B008IBMUEC.jpg,Electronics
Apparel/B015DPZHJA.jpg,Apparel
Home/B095Y4NH5H.jpg,Home
Apparel/B09JP2WGVM.jpg,Apparel
Apparel/B08GPMNXXZ.jpg,Apparel
Home/B002UNML52.jpg,Home
Apparel/B07M9JFXFM.jpg,Apparel
Home/B01EJMD8MQ.jpg,Home
Home/B075WYDSNW.jpg,Home
Home/B08P75YL5X.jpg,Home
Apparel/B0B8TBZSNP.jpg,Apparel
Electronics/B0B5WZ27VR.jpg,Electronics
Electronics/B091F5MFF7.jpg,Electronics
Home/B09NN3T6CZ.jpg,Home
Apparel/B07TBPFSQ6.jpg,Apparel
Apparel/B00N11BD0Q.jpg,Apparel
Home/B004S9SFIS.jpg,Home
Electronics/B01M24J6LE.jpg,Electronics
Electronics/B0BD8DTFC7.jpg,Electronics
Apparel/B0798BL1LH.jpg,Apparel
Electronics/B001UZJBGI.jpg,Electronics
Apparel/B08S2TQ3SN.jpg,Apparel
Apparel/B071XHTRTK.jpg,Apparel
Home/B009EN125Q.jpg,Home
Home/B096FNJ4YS.jpg,Home
Apparel/B09MJZRBZX.jpg,Apparel
Home/B07X4ZB8R6.jpg,Home
Home/B0713X38LJ.jpg,Home
Electronics/B0BNBHPPSK.jpg,Electronics
Electronics/B0159SBHQI.jpg,Electronics
Home/B08N4JKT3R.jpg,Home
Apparel/B08JV19KKJ.jpg,Apparel
Home/B009E1VE4C.jpg,Home
Home/B099K52HLW.jpg,Home
Home/B09NVQN1ZY.jpg,Home
Electronics/B01C3SRJR8.jpg,Electronics
Apparel/B00L5J2DKK.jpg,Apparel
Home/B0BW7PZYVL.jpg,Home
Electronics/B09NL7Y1SN.jpg,Electronics
Home/B0044LT4L2.jpg,Home
Apparel/B08MSXQP2Y.jpg,Apparel
Electronics/B0B4RSHW3W.jpg,Electronics
Electronics/B00ROTYGVY.jpg,Electronics
Home/B08VS7J2S8.jpg,Home
Apparel/B07SZDJ2FX.jpg,Apparel
Electronics/B08NK75VMN.jpg,Electronics
Electronics/B09M74Z12J.jpg,Electronics
Apparel/B081K9LLQC.jpg,Apparel
Apparel/B01M0BFD58.jpg,Apparel
Electronics/B01H0WBRCK.jpg,Electronics
Apparel/B07P97FPHY.jpg,Apparel
Apparel/B009WS4732.jpg,Apparel
Electronics/B01ISLRNY8.jpg,Electronics
Home/B00BZTTY16.jpg,Home
Electronics/B0043D2O6S.jpg,Electronics
Electronics/B07B5468S5.jpg,Electronics
Electronics/B08M6FNV93.jpg,Electronics
Electronics/B076HTFP44.jpg,Electronics
Electronics/B07SN757XP.jpg,Electronics
Home/B01M6AQF7O.jpg,Home
Apparel/B09PZPWQW2.jpg,Apparel
Electronics/B0824RYJHJ.jpg,Electronics
Apparel/B06XHW8TJN.jpg,Apparel
Electronics/B0067HX8CC.jpg,Electronics
Electronics/B07L3NG6ND.jpg,Electronics
Apparel/B01M5FPK4H.jpg,Apparel
Home/B01NBKX8TM.jpg,Home
Apparel/B01M4QTDZS.jpg,Apparel
Home/B093SYTHFH.jpg,Home
Apparel/B07K6QXYJK.jpg,Apparel
Apparel/B0BDDZHJGR.jpg,Apparel
Home/B07Z1BGXFJ.jpg,Home
Apparel/B00UP3Q9H0.jpg,Apparel
Electronics/B08RRZ3T1Z.jpg,Electronics
Electronics/B09KTSQ74Q.jpg,Electronics
Apparel/B08P53KSP8.jpg,Apparel
Electronics/B07YSLK47K.jpg,Electronics
Apparel/B010LZL61K.jpg,Apparel
Electronics/B00JE8THH6.jpg,Electronics
Home/B08HZ6LRGW.jpg,Home
Home/B01N0P2SU0.jpg,Home
Electronics/B00EJOCTOS.jpg,Electronics
Electronics/B0B6PFJNHG.jpg,Electronics
Electronics/B00805DM2U.jpg,Electronics
Apparel/B089437RR1.jpg,Apparel
Electronics/B07Q5FHXDX.jpg,Electronics
Electronics/B09FNR158Q.jpg,Electronics
Electronics/B09C8CW382.jpg,Electronics
Electronics/B08CTXF7ZJ.jpg,Electronics
Apparel/B00KMFSB22.jpg,Apparel
Apparel/B00MJNBZQ4.jpg,Apparel
Electronics/B071PF5V7J.jpg,Electronics
Apparel/B06XN5V3ZX.jpg,Apparel
Home/B00RN4AYKM.jpg,Home
Electronics/B082HZWBF2.jpg,Electronics
Apparel/B01911ZXEG.jpg,Apparel
Apparel/B07DJCH3M6.jpg,Apparel
Electronics/B0B3JSG2SQ.jpg,Electronics
Apparel/B01E7908MY.jpg,Apparel
Apparel/B00OC7I4MI.jpg,Apparel
Electronics/B0C4MT35Q2.jpg,Electronics
Electronics/B09RVFXLJ5.jpg,Electronics
Electronics/B01AWHMANK.jpg,Electronics
Home/B07F68YM82.jpg,Home
Home/B088YVYD8V.jpg,Home
Electronics/B004ZVWI14.jpg,Electronics
Electronics/B003OX37WS.jpg,Electronics
Apparel/B09KRNWTRT.jpg,Apparel
Electronics/B09CDLBQN9.jpg,Electronics
Home/B01N6DZ53Z.jpg,Home
Electronics/B004EG0SNU.jpg,Electronics
Home/B07NF7MZLW.jpg,Home
Home/B002ACOQ38.jpg,Home
Apparel/B01L9X9D7W.jpg,Apparel
Home/B00GXHVVJS.jpg,Home
Home/B07FTS9D4C.jpg,Home
Electronics/B09YH8FXWF.jpg,Electronics
Electronics/B07FDKDDDZ.jpg,Electronics
Home/B07KD8QZVP.jpg,Home
Home/B09ZYCRJ9Y.jpg,Home
Apparel/B06Y1CYGDB.jpg,Apparel
Apparel/B097DBZHMZ.jpg,Apparel
Home/B01NCKJSZM.jpg,Home
Apparel/B09W2QNZ7K.jpg,Apparel
Apparel/B01GJVE5YK.jpg,Apparel
Home/B009YOOG1M.jpg,Home
Home/B07BR6CYDY.jpg,Home
Home/B0BK735RSF.jpg,Home
Home/B07PSD21Q4.jpg,Home
Home/B08TBDL4CP.jpg,Home
Home/B07VB3833R.jpg,Home
Home/B007FKFXVY.jpg,Home
Apparel/B0855Q682D.jpg,Apparel
Home/B07V246HQD.jpg,Home
Apparel/B000U44ELM.jpg,Apparel
Apparel/B07Q3Y7T4X.jpg,Apparel
Electronics/B07QPWVL66.jpg,Electronics
Electronics/B00M7HF9B4.jpg,Electronics
Electronics/B00SER7QJ4.jpg,Electronics
Home/B09J2Y21SG.jpg,Home
Home/B07N8HKTPG.jpg,Home
Apparel/B00WHKR82Y.jpg,Apparel
Electronics/B00HQCIDGI.jpg,Electronics
Apparel/B096ZF5R2Q.jpg,Apparel
Apparel/B08DFJ7XZD.jpg,Apparel
Apparel/B06XC7F61B.jpg,Apparel
Apparel/B08K4JDQ4P.jpg,Apparel
Electronics/B00RNJEI5E.jpg,Electronics
Electronics/B017Z5VD6M.jpg,Electronics
Electronics/B09PR8ZZWD.jpg,Electronics
Home/B08NH4JQBH.jpg,Home
Home/B097PGC36P.jpg,Home
Apparel/B071KNPFBR.jpg,Apparel
Home/B0BRTB17PF.jpg,Home
Apparel/B07TGGL4W6.jpg,Apparel
Apparel/B081DZGFVM.jpg,Apparel
Electronics/B01ATY3HDS.jpg,Electronics
Home/B091KPYG6B.jpg,Home
Electronics/B08Q3N87T7.jpg,Electronics
Home/B07W43BVVM.jpg,Home
Apparel/B01B98R2LQ.jpg,Apparel
Home/B091KFCXDC.jpg,Home
Apparel/B08261H4PS.jpg,Apparel
Electronics/B0B8G66FWZ.jpg,Electronics
Electronics/B09VKWP431.jpg,Electronics
Apparel/B096ZLDHCJ.jpg,Apparel
Home/B07XR819K7.jpg,Home
Electronics/B017BVADXE.jpg,Electronics
Apparel/B09137V663.jpg,Apparel
Apparel/B07K6VWRL6.jpg,Apparel
Electronics/B007Q6ZH4K.jpg,Electronics
Home/B085HXCKDL.jpg,Home
Electronics/B0BK43HFV8.jpg,Electronics
Apparel/B073XZW3Y5.jpg,Apparel
Home/B07VFTQ6CF.jpg,Home
Home/B07X4JDWVY.jpg,Home
Home/B004BJ41FQ.jpg,Home
Apparel/B091CZH9XW.jpg,Apparel
Electronics/B0077HED8O.jpg,Electronics
Apparel/B084H6H8KV.jpg,Apparel
Home/B078TRGW9J.jpg,Home
Apparel/B01NC197BW.jpg,Apparel
Apparel/B0863ZYJSP.jpg,Apparel
Home/B096FS2GFY.jpg,Home
Apparel/B09NTVTW92.jpg,Apparel
Electronics/B092R6281M.jpg,Electronics
Apparel/B01CDFJ17M.jpg,Apparel
Apparel/B07RS994YH.jpg,Apparel
Apparel/B0796S6XM9.jpg,Apparel
Apparel/B078NYKCLB.jpg,Apparel
Electronics/B01GW6126G.jpg,Electronics
Apparel/B08QCF1885.jpg,Apparel
Home/B088RHVWF2.jpg,Home
Apparel/B06ZZ4QDPW.jpg,Apparel
Home/B007RGK582.jpg,Home
Electronics/B0C2KP3R2S.jpg,Electronics
Electronics/B00FDXLDPU.jpg,Electronics
Electronics/B088D1YGZ8.jpg,Electronics
Apparel/B07BDHBZ8K.jpg,Apparel
Home/B0BZ74SQRR.jpg,Home
Apparel/B001M5ELM0.jpg,Apparel
Apparel/B07S2ZZG79.jpg,Apparel
Electronics/B0002E47AI.jpg,Electronics
Electronics/B071HDVTR7.jpg,Electronics
Apparel/B09V5BH8KY.jpg,Apparel
Apparel/B0725C6W7K.jpg,Apparel
Apparel/B018KLUIZW.jpg,Apparel
Electronics/B09GX8PC5J.jpg,Electronics
Home/B08GCKVKMY.jpg,Home
Home/B09M5VXCSY.jpg,Home
Electronics/B09QZM35KP.jpg,Electronics
Home/B0BS76G8GK.jpg,Home
Home/B08RSRYQXC.jpg,Home
Home/B07NBX61Q6.jpg,Home
Home/B08G4DLFZ2.jpg,Home
Apparel/B088KFSJ6Q.jpg,Apparel
Electronics/B000VEMNOG.jpg,Electronics
Apparel/B01MTUVM1J.jpg,Apparel
Electronics/B0177VJ7BM.jpg,Electronics
Home/B007ZHPRIG.jpg,Home
Home/B00UYH5HBG.jpg,Home
Apparel/B07B8JDMFN.jpg,Apparel
Home/B00IVLSAO8.jpg,Home
Home/B071CJTH62.jpg,Home
Apparel/B01MQW2X0E.jpg,Apparel
Home/B071HX1Q94.jpg,Home
Apparel/B07TKWC7SY.jpg,Apparel
Apparel/B075ZQZ8SP.jpg,Apparel
Home/B0B8NNFQ7W.jpg,Home
Home/B07BN69YCF.jpg,Home
Apparel/B07MY2QHZR.jpg,Apparel
Electronics/B001C1TBU6.jpg,Electronics
Home/B07K1BXGT1.jpg,Home
Home/B01LXZZA0U.jpg,Home
Home/B00008ZGNX.jpg,Home
Home/B00005LVVF.jpg,Home
Electronics/B015K85N8A.jpg,Electronics
Apparel/B0BGLTVQ9M.jpg,Apparel
Apparel/B01KCTP87S.jpg,Apparel
Electronics/B0097CXFCC.jpg,Electronics
Home/B07D8PS29V.jpg,Home
Electronics/B00VFH0YS0.jpg,Electronics
Electronics/B07QLCCKFH.jpg,Electronics
Electronics/B011D79KJA.jpg,Electronics
Electronics/B008Q2P3QA.jpg,Electronics
Home/B0824F3JYX.jpg,Home
Apparel/B097GZ5WCF.jpg,Apparel
Electronics/B07Q11DGTF.jpg,Electronics
Apparel/B07MX2W5TB.jpg,Apparel
Electronics/B01ALGGK2O.jpg,Electronics
Apparel/B071LDFVSQ.jpg,Apparel
Electronics/B0792V9GMG.jpg,Electronics
Electronics/B073WVQ3Q5.jpg,Electronics
Electronics/B07L5GSHMN.jpg,Electronics
Apparel/B01NAQ2AO9.jpg,Apparel
Electronics/B088HFD2RN.jpg,Electronics
Electronics/B01DEUOG5C.jpg,Electronics
Apparel/B003VHYO2Y.jpg,Apparel
Electronics/B08KD74Y5S.jpg,Electronics
Electronics/B002TZL792.jpg,Electronics
Home/B0B3RRJNNW.jpg,Home
Apparel/B08PYWKN99.jpg,Apparel
Electronics/B088GSB16X.jpg,Electronics
Home/B09PC8FZCV.jpg,Home
Electronics/B00030CHRQ.jpg,Electronics
Apparel/B07Z3863D4.jpg,Apparel
Home/B00RHXPVRK.jpg,Home
Apparel/B08D65V1V1.jpg,Apparel
Home/B09ZQCVS77.jpg,Home
Electronics/B09BMB142C.jpg,Electronics
Apparel/B01I82DVRK.jpg,Apparel
Apparel/B01ABR0EP2.jpg,Apparel
Apparel/B073XJR973.jpg,Apparel
Electronics/B0735NM89C.jpg,Electronics
Home/B07Z62RGTQ.jpg,Home
Electronics/B08425192V.jpg,Electronics
Home/B01DCMXPWC.jpg,Home
Home/B07BLS66WN.jpg,Home
Apparel/B01EXJX294.jpg,Apparel
Electronics/B07YG6VW5W.jpg,Electronics
Apparel/B06XCYZ223.jpg,Apparel
Electronics/B00F7347OK.jpg,Electronics
Home/B094BM1VK1.jpg,Home
Apparel/B07H5GM59F.jpg,Apparel
Apparel/B077NW4SB7.jpg,Apparel
Home/B08BNP7M59.jpg,Home
Home/B0BFG67PPV.jpg,Home
Electronics/B0917ZNH7F.jpg,Electronics
Apparel/B015NW453C.jpg,Apparel
Electronics/B095KH8FNH.jpg,Electronics
Apparel/B01M2Y7SZY.jpg,Apparel
Electronics/B07GYM57TN.jpg,Electronics
Electronics/B00OKLT2T0.jpg,Electronics
Electronics/B013DSZE8I.jpg,Electronics
Electronics/B004GICRPS.jpg,Electronics
Home/B07ZNZ2CMG.jpg,Home
Apparel/B08CV6YK9B.jpg,Apparel
Electronics/B08F2J4868.jpg,Electronics
Home/B0BHDHL71W.jpg,Home
Electronics/B08NDLPW69.jpg,Electronics
Electronics/B003HIXOPA.jpg,Electronics
Apparel/B01LYCL5XE.jpg,Apparel
Home/B07MYXPVPH.jpg,Home
Electronics/B01NCN2LI7.jpg,Electronics
Electronics/B0BYZ7Y5DG.jpg,Electronics
Apparel/B0B4DH39C8.jpg,Apparel
Apparel/B01CI275WI.jpg,Apparel
Electronics/B012EM5CLI.jpg,Electronics
Apparel/B014V3RQRQ.jpg,Apparel
Apparel/B08BZNQM2L.jpg,Apparel
Apparel/B07CRZM2S3.jpg,Apparel
Apparel/B073P4BS5T.jpg,Apparel
Electronics/B075156SNG.jpg,Electronics
Home/B00UYL28XM.jpg,Home
Apparel/B07B8MKSKR.jpg,Apparel
Electronics/B00CIIVJ2U.jpg,Electronics
Electronics/B01MQJR6HZ.jpg,Electronics
Apparel/B08213JVTS.jpg,Apparel
Home/B01AF88S1Y.jpg,Home
Home/B08HPLPKM1.jpg,Home
Electronics/B001QWRTVY.jpg,Electronics
Electronics/B09RGFGB5H.jpg,Electronics
Apparel/B07XKHRS5G.jpg,Apparel
Apparel/B07VTMTGXJ.jpg,Apparel
Electronics/B015JQZDEM.jpg,Electronics
Electronics/B00ABOOVSC.jpg,Electronics
Home/B004AE2G36.jpg,Home
Apparel/B08HYPG4RG.jpg,Apparel
Home/B09NY9L6P3.jpg,Home
Apparel/B0B38HSFTC.jpg,Apparel
Electronics/B0922S6H2D.jpg,Electronics
Apparel/B082M1KZJF.jpg,Apparel
Apparel/B01MTCMXYS.jpg,Apparel
Electronics/B07D3M25YV.jpg,Electronics
Apparel/B07GB72N18.jpg,Apparel
Electronics/B0BQ9ZJF14.jpg,Electronics
Electronics/B09PTC215B.jpg,Electronics
Electronics/B086VK6QMC.jpg,Electronics
Home/B01GTLRB46.jpg,Home
Apparel/B08XX185XQ.jpg,Apparel
Home/B002XH4NRO.jpg,Home
Apparel/B087FJ7QJB.jpg,Apparel
Electronics/B08P3V7X3S.jpg,Electronics
Apparel/B01ISJK8U6.jpg,Apparel
Home/B004WOW1KM.jpg,Home
Home/B075KM6KST.jpg,Home
Home/B01M08J26P.jpg,Home
Electronics/B00ORH0AYI.jpg,Electronics
Electronics/B08MDSD1V9.jpg,Electronics
Electronics/B094V5FCDV.jpg,Electronics
Home/B00L0BGRN2.jpg,Home
Apparel/B00K39U25Q.jpg,Apparel
Home/B09VQ45ZGL.jpg,Home
Electronics/B00SYIE0A6.jpg,Electronics
Electronics/B01M4Q1FQ8.jpg,Electronics
Electronics/B01N53TEW1.jpg,Electronics
Apparel/B07X9V81MN.jpg,Apparel
Electronics/B000MDWIKU.jpg,Electronics
Apparel/B01LQJMC6I.jpg,Apparel
Home/B00SHD91CU.jpg,Home
Home/B0128NQSPM.jpg,Home
Home/B07TYGZGN7.jpg,Home
Home/B005PB2W5U.jpg,Home
Electronics/B003S9XHOQ.jpg,Electronics
Home/B076NT5L69.jpg,Home
Electronics/B01M1L0K2S.jpg,Electronics
Home/B07MTG9VS4.jpg,Home
Home/B08VWB21G1.jpg,Home
Apparel/B019I2RZ62.jpg,Apparel
Electronics/B07G47C441.jpg,Electronics
Home/B08VX1RG86.jpg,Home
Home/B00HJ1W11E.jpg,Home
Apparel/B014UJG51E.jpg,Apparel
Home/B09J2D2C1P.jpg,Home
Electronics/B01CRVL19S.jpg,Electronics
Electronics/B0140TIVM0.jpg,Electronics
Home/B079VV8PNV.jpg,Home
Apparel/B0B76J4QBQ.jpg,Apparel
Electronics/B08M9M6KN8.jpg,Electronics
Apparel/B08R3ZGGLX.jpg,Apparel
Apparel/B09ZQNM15Q.jpg,Apparel
Apparel/B018K37CQI.jpg,Apparel
Electronics/B007MF6DSO.jpg,Electronics
Home/B07Y9CYHGR.jpg,Home
Electronics/B00DOB2GAE.jpg,Electronics
Home/B0081U5BBY.jpg,Home
Electronics/B00GXZX5S0.jpg,Electronics
Apparel/B097M2MQQG.jpg,Apparel
Home/B00W8B2U3Y.jpg,Home
Apparel/B01BAJ67O2.jpg,Apparel
Apparel/B08J4K2LC8.jpg,Apparel
Electronics/B07RBL5H9P.jpg,Electronics
Apparel/B08NSS1SN3.jpg,Apparel
Electronics/B0B5TGC2GW.jpg,Electronics
Electronics/B0BKFBKW82.jpg,Electronics
Electronics/B0844Q7CBN.jpg,Electronics
Apparel/B0174I7H3I.jpg,Apparel
Home/B08VJ8MC8S.jpg,Home
Home/B09PY288J8.jpg,Home
Apparel/B09G2TDSRD.jpg,Apparel
Apparel/B001J63LRI.jpg,Apparel
Electronics/B0BDLC65YK.jpg,Electronics
Home/B0BNNBXLQK.jpg,Home
Apparel/B088132GVX.jpg,Apparel
Electronics/B0049AJ468.jpg,Electronics
Home/B09F1BQLJM.jpg,Home
Apparel/B07FNN5X4T.jpg,Apparel
Apparel/B07KSX347M.jpg,Apparel
Apparel/B08YDGRDH9.jpg,Apparel
Electronics/B00Q799MWU.jpg,Electronics
Electronics/B004P6RMS8.jpg,Electronics
Apparel/B08HNHM4JL.jpg,Apparel
Apparel/B07FBWXR21.jpg,Apparel
Home/B0722LN24N.jpg,Home
Home/B016ZHK3JY.jpg,Home
Electronics/B00JQO1410.jpg,Electronics
Apparel/B07DGGLM2B.jpg,Apparel
Apparel/B09J4C17Y3.jpg,Apparel
Apparel/B07ZV38W52.jpg,Apparel
Electronics/B07PDT1Q9X.jpg,Electronics
Electronics/B0009GUK5U.jpg,Electronics
Home/B08PKR3V2M.jpg,Home
Apparel/B09699MPWR.jpg,Apparel
Apparel/B07GP9L6YG.jpg,Apparel
Electronics/B07FL722GD.jpg,Electronics
Apparel/B08HLH294G.jpg,Apparel
Home/B005GQKKD0.jpg,Home
Apparel/B0721QW166.jpg,Apparel
Apparel/B00A8ST7XA.jpg,Apparel
Apparel/B0915279BM.jpg,Apparel
Electronics/B0052L77QW.jpg,Electronics
Electronics/B0BJB5J216.jpg,Electronics
Electronics/B00021HQXG.jpg,Electronics
Electronics/B07VSBWPZ2.jpg,Electronics
Apparel/B01MXJIPE9.jpg,Apparel
Apparel/B08RS9LHT6.jpg,Apparel
Home/B07P9PTXXF.jpg,Home
Home/B083TCCT5F.jpg,Home
Apparel/B08F8VH3TC.jpg,Apparel
Electronics/B08GWT6H1D.jpg,Electronics
Home/B08LPDZH5V.jpg,Home
Apparel/B0BL68ZJGR.jpg,Apparel
Electronics/B08VRV66FT.jpg,Electronics
Electronics/B00X7VKGFS.jpg,Electronics
Home/B0BNPXLF4Q.jpg,Home
Home/B098XG45QT.jpg,Home
Electronics/B000UF24PY.jpg,Electronics
Home/B07BHVYPTH.jpg,Home
Electronics/B00I07GNB0.jpg,Electronics
Electronics/B0002I41AK.jpg,Electronics
Home/B0046NP638.jpg,Home
Home/B003TLOETK.jpg,Home
Electronics/B00BOK17R0.jpg,Electronics
Apparel/B073QRXT4R.jpg,Apparel
Home/B0BC7Y7NGQ.jpg,Home
Home/B07F96V7RF.jpg,Home
Apparel/B00WATMKY8.jpg,Apparel
Apparel/B071G2WZVM.jpg,Apparel
Home/B00Q6BM6UO.jpg,Home
Electronics/B074VQT3LC.jpg,Electronics
Apparel/B07HXY7JN1.jpg,Apparel
Apparel/B07CXGNK9V.jpg,Apparel
Home/B06WVR5113.jpg,Home
Electronics/B00C57NLTS.jpg,Electronics
Apparel/B00N5822H8.jpg,Apparel
Electronics/B0BTYG5K8T.jpg,Electronics
Home/B0BHRZJV3P.jpg,Home
Home/B09V119JV6.jpg,Home
Electronics/B005NO0RMY.jpg,Electronics
Electronics/B07D5DPK16.jpg,Electronics
Home/B088DPN8HB.jpg,Home
Home/B07R651T97.jpg,Home
Home/B07MQWWHQD.jpg,Home
Apparel/B07XBLWPCD.jpg,Apparel
Apparel/B01DS7L5D2.jpg,Apparel
Apparel/B001ALIBY0.jpg,Apparel
Home/B00CDR84A6.jpg,Home
Electronics/B00ISCJ1IE.jpg,Electronics
Apparel/B07T1R9YZH.jpg,Apparel
Apparel/B08D9G9RD7.jpg,Apparel
Home/B011RVVPJK.jpg,Home
Apparel/B08K8QCM98.jpg,Apparel
Home/B077YVJ161.jpg,Home
Electronics/B07B7GXR17.jpg,Electronics
Apparel/B07FTHV5JY.jpg,Apparel
Electronics/B0816H7LT9.jpg,Electronics
Apparel/B09Q895LVN.jpg,Apparel
Apparel/B07VZYMP4C.jpg,Apparel
Home/B00H8Q4DY8.jpg,Home
Apparel/B019Z7NSPM.jpg,Apparel
Home/B07QJ1GK42.jpg,Home
Home/B01BMW1VSE.jpg,Home
Electronics/B000REXAQU.jpg,Electronics
Apparel/B07BBH2T33.jpg,Apparel
Home/B00M0HTSU4.jpg,Home
Electronics/B0081YPWZA.jpg,Electronics
Home/B07112SCMR.jpg,Home
Electronics/B08JHQ1HJS.jpg,Electronics
Apparel/B09XK5XHW6.jpg,Apparel
Electronics/B07YY1B692.jpg,Electronics
Home/B07WM72D29.jpg,Home
Home/B06XC7H18S.jpg,Home
Electronics/B08L6596J4.jpg,Electronics
Apparel/B00UMLFAUW.jpg,Apparel
Electronics/B08318PTNZ.jpg,Electronics
Electronics/B01K1ZXWHG.jpg,Electronics
Apparel/B01N3V2T2O.jpg,Apparel
Electronics/B07Q65HYGR.jpg,Electronics
Home/B07ZV9ZKFV.jpg,Home
Electronics/B000IBRXY2.jpg,Electronics
Apparel/B006XS3UBE.jpg,Apparel
Electronics/B002WRIBN2.jpg,Electronics
Home/B01H6GATUQ.jpg,Home
Electronics/B0BR4SLC26.jpg,Electronics
Home/B07MHYS8XP.jpg,Home
Apparel/B09J8HPBWY.jpg,Apparel
Home/B085TCG6SW.jpg,Home
Apparel/B0132JSJ5I.jpg,Apparel
Home/B07PLSKQ5X.jpg,Home
Apparel/B01N7XQAAL.jpg,Apparel
Home/B079P6QMMV.jpg,Home
Home/B07LH8N3XY.jpg,Home
Home/B000NW7G5C.jpg,Home
Electronics/B0046BX6FK.jpg,Electronics
Electronics/B0813P28RJ.jpg,Electronics
Electronics/B08XQGLQ1P.jpg,Electronics
Electronics/B09RW4T12N.jpg,Electronics
Electronics/B078WLHPLW.jpg,Electronics
Electronics/B00EWPCX0Y.jpg,Electronics
Home/B07YBVWW2X.jpg,Home
Electronics/B015PQT83I.jpg,Electronics
Apparel/B01HJC0WSQ.jpg,Apparel
Home/B07GSJDT5L.jpg,Home
Electronics/B006C1IMBK.jpg,Electronics
Home/B01C843LOC.jpg,Home
Electronics/B001KUWTNK.jpg,Electronics
Electronics/B07DM3Y7JB.jpg,Electronics
Electronics/B07CVJBQDS.jpg,Electronics
Home/B07FN589GQ.jpg,Home
Electronics/B01BLA4ERW.jpg,Electronics
Home/B09DKGWKYQ.jpg,Home
Home/B0BG3F7T6K.jpg,Home
Apparel/B017ASVASA.jpg,Apparel
Home/B07PYFWHK3.jpg,Home
Electronics/B07ZJMFVQH.jpg,Electronics
Apparel/B01F8Q81CY.jpg,Apparel
Home/B09ZT6CRWG.jpg,Home
Apparel/B0BHW69TX4.jpg,Apparel
Home/B0026P1J16.jpg,Home
Electronics/B06Y299WYN.jpg,Electronics
Apparel/B074C9H1SD.jpg,Apparel
Electronics/B07WWXSFL9.jpg,Electronics
Electronics/B07YZQZNKD.jpg,Electronics
Electronics/B0B3149M4Z.jpg,Electronics
Apparel/B07PS5CRL7.jpg,Apparel
Home/B09B51HCV3.jpg,Home
Home/B0189FLFF6.jpg,Home
Electronics/B09W7GJW7T.jpg,Electronics
Home/B076Z51P6S.jpg,Home
Home/B0BGCRL2TG.jpg,Home
Electronics/B0165PKTYU.jpg,Electronics
Apparel/B00MJ0RVI8.jpg,Apparel
Electronics/B01LYH4FK7.jpg,Electronics
Electronics/B0752ZZQDR.jpg,Electronics
Apparel/B01LYRKNFW.jpg,Apparel
Apparel/B06Y658XR7.jpg,Apparel
Electronics/B083QP7723.jpg,Electronics
Electronics/B081Z3C937.jpg,Electronics
Home/B000GBBOG2.jpg,Home
Home/B0046V7YD0.jpg,Home
Apparel/B07K31WQH8.jpg,Apparel
Electronics/B014EOVB8C.jpg,Electronics
Apparel/B08FRMQMCN.jpg,Apparel
Apparel/B01BF3UFCS.jpg,Apparel
Apparel/B07B8C1LKT.jpg,Apparel
Home/B01LZHH3T7.jpg,Home
Electronics/B00R7R1TMW.jpg,Electronics
Apparel/B00JUJDKG8.jpg,Apparel
Apparel/B011BE8QSQ.jpg,Apparel
Apparel/B081C9YV32.jpg,Apparel
Home/B07F1QPNZC.jpg,Home
Apparel/B08PDGH9KR.jpg,Apparel
Home/B00MHFNMNI.jpg,Home
Home/B07QGNBV5F.jpg,Home
Home/B008AAAEU8.jpg,Home
Home/B0B55XXT5T.jpg,Home
Home/B0B2PGRKFK.jpg,Home
Electronics/B00D7VFXJW.jpg,Electronics
Apparel/B08T747D71.jpg,Apparel
Home/B00WIM3YDI.jpg,Home
Apparel/B00ULZMMFK.jpg,Apparel
Home/B075GY8W7D.jpg,Home
Apparel/B07YJCNMWK.jpg,Apparel
Apparel/B07BT3Z7FW.jpg,Apparel
Home/B00PSTIVT0.jpg,Home
Electronics/B003TLPT2G.jpg,Electronics
Apparel/B07J3VG1T6.jpg,Apparel
Apparel/B07KM97WHS.jpg,Apparel
Home/B01C7UYLJQ.jpg,Home
Apparel/B07H5H3CGH.jpg,Apparel
Apparel/B08DD1Q9TD.jpg,Apparel
Home/B09W2CJ356.jpg,Home
Electronics/B0BBSMYZ2J.jpg,Electronics
Electronics/B08DL6XTYK.jpg,Electronics
Home/B07KT9BRNT.jpg,Home
Home/B07FYS8FST.jpg,Home
Home/B07MJ5KP63.jpg,Home
Apparel/B003RB5CVG.jpg,Apparel
Home/B082FK6H48.jpg,Home
Electronics/B00J5174TU.jpg,Electronics
Apparel/B07214VXJY.jpg,Apparel
Home/B07ZR3R5R3.jpg,Home
Apparel/B0784GRD67.jpg,Apparel
Electronics/B00LOLBBQQ.jpg,Electronics
Home/B088Z2348Q.jpg,Home
Home/B004X5M6MS.jpg,Home
Apparel/B0159MT13U.jpg,Apparel
Electronics/B015H239K8.jpg,Electronics
Home/B074SG5YWH.jpg,Home
Home/B07JGFS5DH.jpg,Home
Home/B09Y32D1VD.jpg,Home
Apparel/B079Y75GF2.jpg,Apparel
Apparel/B00EA8F5Y4.jpg,Apparel
Electronics/B001V7LX7U.jpg,Electronics
Electronics/B07Z4GRVVV.jpg,Electronics
Electronics/B078LJCBP1.jpg,Electronics
Home/B0847BKQN8.jpg,Home
Home/B08M3Y857Z.jpg,Home
Apparel/B08KWGC11N.jpg,Apparel
Electronics/B07ZTS6S34.jpg,Electronics
Electronics/B004JXW1VK.jpg,Electronics
Apparel/B09B1QYS6D.jpg,Apparel
Electronics/B07N1T3GWT.jpg,Electronics
Electronics/B07CN2J9Q5.jpg,Electronics
Apparel/B01BBBO1VA.jpg,Apparel
Electronics/B0BR21TNTG.jpg,Electronics
Apparel/B0B7VLXGMY.jpg,Apparel
Apparel/B00WLKLVTQ.jpg,Apparel
Home/B071CRJXW3.jpg,Home
Home/B00LIDJSK6.jpg,Home
Home/B004QGXNUI.jpg,Home
Apparel/B071JRKNLH.jpg,Apparel
Electronics/B00UX8C606.jpg,Electronics
Apparel/B00J0BRUIU.jpg,Apparel
Home/B000XKAK7K.jpg,Home
Apparel/B07G2D53KJ.jpg,Apparel
Apparel/B08HM9Y92N.jpg,Apparel
Home/B00CODMKBS.jpg,Home
Apparel/B015WMXHXW.jpg,Apparel
Electronics/B00PBEDMNW.jpg,Electronics
Home/B01FNZJUIO.jpg,Home
Home/B09L4TCT5L.jpg,Home
Apparel/B0763K1XLT.jpg,Apparel
Apparel/B071L9FFB5.jpg,Apparel
Home/B00AAVK6H6.jpg,Home
Apparel/B06VT52XHW.jpg,Apparel
Electronics/B07DTHHTFL.jpg,Electronics
Apparel/B072833WW4.jpg,Apparel
Apparel/B0721LH5TX.jpg,Apparel
Apparel/B079GYDTGY.jpg,Apparel
Electronics/B0962LV352.jpg,Electronics
Apparel/B015NJS35Q.jpg,Apparel
Home/B00V4ZZS3Y.jpg,Home
Electronics/B08JPDVBL8.jpg,Electronics
Home/B08YR6KNZV.jpg,Home
Electronics/B085NLSDQ4.jpg,Electronics
Home/B000XQHDAQ.jpg,Home
Home/B00JQG6S9Q.jpg,Home
Electronics/B078PM86R6.jpg,Electronics
Electronics/B0009YDP2M.jpg,Electronics
Apparel/B00853GUBC.jpg,Apparel
Apparel/B07YN3JLB7.jpg,Apparel
Home/B00CB3382Q.jpg,Home
Apparel/B071JRY8RZ.jpg,Apparel
Home/B07MQYV3TW.jpg,Home
Home/B0052GKHH8.jpg,Home
Apparel/B07G9LY7WQ.jpg,Apparel
Electronics/B00MMXLOV2.jpg,Electronics
Home/B07GPSKCD7.jpg,Home
Home/B08RHGK3YC.jpg,Home
Apparel/B093WXV1JQ.jpg,Apparel
Apparel/B00KTO1KG0.jpg,Apparel
Home/B09N796H8M.jpg,Home
Electronics/B07RFGKFTK.jpg,Electronics
Home/B08NYQKVV6.jpg,Home
Electronics/B00UPZ6FVI.jpg,Electronics
Electronics/B01MU32ROG.jpg,Electronics
Electronics/B08TLTWCCF.jpg,Electronics
Home/B07DTG5PDJ.jpg,Home
Apparel/B075RYKPNT.jpg,Apparel
Electronics/B00GK7K4T4.jpg,Electronics
Apparel/B07FSDWNH4.jpg,Apparel
Apparel/B00HVN4A82.jpg,Apparel
Electronics/B07VBHSLXM.jpg,Electronics
Home/B0BFJCH6GB.jpg,Home
Apparel/B00H8K6YEQ.jpg,Apparel
Apparel/B092JHJZPH.jpg,Apparel
Electronics/B00AFYIMLA.jpg,Electronics
Apparel/B00JBSJS5U.jpg,Apparel
Electronics/B00JTYEIF6.jpg,Electronics
Electronics/B0B8NBVXPQ.jpg,Electronics
Electronics/B097F74TLC.jpg,Electronics
Home/B08SMLJ4FX.jpg,Home
Electronics/B08NPHMXKS.jpg,Electronics
Apparel/B0796PH6JH.jpg,Apparel
Home/B01I305B5M.jpg,Home
Apparel/B074R2DQBW.jpg,Apparel
Apparel/B01KYKDMT6.jpg,Apparel
Home/B0045F3OBS.jpg,Home
Apparel/B00K4O7X2K.jpg,Apparel
Electronics/B073WV25WL.jpg,Electronics
Home/B01DE3002C.jpg,Home
Apparel/B08S3QMRDF.jpg,Apparel
Home/B088KBP7ZL.jpg,Home
Home/B00PYSZRNI.jpg,Home
Electronics/B00SCQ6634.jpg,Electronics
Home/B078T8VZ88.jpg,Home
Electronics/B006PWZ7XW.jpg,Electronics
Electronics/B01D9TCUIS.jpg,Electronics
Home/B07NW5T815.jpg,Home
Home/B00006NX7U.jpg,Home
Apparel/B017VW2RS2.jpg,Apparel
Electronics/B072WBK3D7.jpg,Electronics
Home/B07YCL7FRG.jpg,Home
Home/B004CWOFSA.jpg,Home
Home/B079P1LGL3.jpg,Home
Electronics/B0BG78D8HC.jpg,Electronics
Electronics/B0C2763PP6.jpg,Electronics
Electronics/B091YFK4QV.jpg,Electronics
Apparel/B0794XBYCC.jpg,Apparel
Electronics/B01771PSVA.jpg,Electronics
Home/B01HBW7TWQ.jpg,Home
Electronics/B01NBAUJGT.jpg,Electronics
Electronics/B091JCPF5H.jpg,Electronics
Home/B07TWWMCNZ.jpg,Home
Electronics/B00FTP94AI.jpg,Electronics
Apparel/B079ZTKPBS.jpg,Apparel
Electronics/B01DBTA2IG.jpg,Electronics
Electronics/B007Q5JMQA.jpg,Electronics
Apparel/B09HRJXQVR.jpg,Apparel
Electronics/B07G94D33S.jpg,Electronics
Home/B084WTDMD7.jpg,Home
Apparel/B09F2YNV4N.jpg,Apparel
Home/B07FT85KSH.jpg,Home
Electronics/B09RG52RGR.jpg,Electronics
Home/B079WFB3N7.jpg,Home
Home/B001ACMDXY.jpg,Home
Home/B00RWZ05W4.jpg,Home
Home/B07X58H12F.jpg,Home
Home/B071J19DV1.jpg,Home
Electronics/B0756LP9M7.jpg,Electronics
Electronics/B003VIKF30.jpg,Electronics
Home/B08CGSM7MN.jpg,Home
Electronics/B09MRV1CV2.jpg,Electronics
Apparel/B07VMKPFY8.jpg,Apparel
Apparel/B0816BQJ6F.jpg,Apparel
Home/B07VS4MRBS.jpg,Home
Electronics/B07F44WXGN.jpg,Electronics
Electronics/B0160WRM7K.jpg,Electronics
Electronics/B07RLFX3P1.jpg,Electronics
Apparel/B01L9AGXAU.jpg,Apparel
Apparel/B07D66V4SS.jpg,Apparel
Apparel/B00EF89BE4.jpg,Apparel
Home/B06XJ9VV6D.jpg,Home
Electronics/B0BHNWGKK7.jpg,Electronics
Electronics/B09NWGPHQS.jpg,Electronics
Electronics/B00H2HE2E4.jpg,Electronics
Home/B078V9FB6G.jpg,Home
Electronics/B00Y2GVHEQ.jpg,Electronics
Apparel/B07F28JV8J.jpg,Apparel
Electronics/B00WFFDR80.jpg,Electronics
Apparel/B01MUR2TBO.jpg,Apparel
Apparel/B016AOCHZK.jpg,Apparel
Apparel/B08HZH2G1W.jpg,Apparel
Electronics/B000QXDGCU.jpg,Electronics
Home/B09TV26GF5.jpg,Home
Apparel/B08CMN2ZZ3.jpg,Apparel
Electronics/B08HDM99H5.jpg,Electronics
Home/B06XS68TJ8.jpg,Home
Apparel/B07SGMN8DP.jpg,Apparel
Apparel/B07HLC58W5.jpg,Apparel
Home/B0B8C3Q5QX.jpg,Home
Electronics/B07PK3PW93.jpg,Electronics
Home/B07VRLHD9K.jpg,Home
Home/B088WP7W87.jpg,Home
Apparel/B00A9TLG8C.jpg,Apparel
Electronics/B08KG78VBT.jpg,Electronics
Home/B000HTN16Y.jpg,Home
Electronics/B07P8NWXXH.jpg,Electronics
Home/B09PB3KWX8.jpg,Home
Home/B08N9THK25.jpg,Home
Home/B085313WZM.jpg,Home
Home/B0811NXYGC.jpg,Home
Home/B007GZMM80.jpg,Home
Home/B00YKWLLBQ.jpg,Home
Apparel/B08YDGKXDT.jpg,Apparel
Apparel/B00S57V02W.jpg,Apparel
Apparel/B08JSFBF2J.jpg,Apparel
Apparel/B01M4M7XV0.jpg,Apparel
Apparel/B01D1GCNQ8.jpg,Apparel
Home/B072N2W3Q5.jpg,Home
Apparel/B01NBHL8RC.jpg,Apparel
Apparel/B06XT21CCV.jpg,Apparel
Home/B09MT8BVYS.jpg,Home
Electronics/B09QKWSP3W.jpg,Electronics
Electronics/B00HAQE1CA.jpg,Electronics
Home/B07RV44WYX.jpg,Home
Apparel/B01MXYXWYO.jpg,Apparel
Home/B071G1J4HM.jpg,Home
Home/B01DYU8GGC.jpg,Home
Electronics/B01N0QOF9W.jpg,Electronics
Electronics/B08P6ZFQ7W.jpg,Electronics
Apparel/B0779WVK5K.jpg,Apparel
Home/B06Y138DBG.jpg,Home
Home/B08JLTM41R.jpg,Home
Home/B07SM12TY4.jpg,Home
Home/B09JLRB9H7.jpg,Home
Apparel/B004FL5M08.jpg,Apparel
Home/B072Y9YTNZ.jpg,Home
Home/B07818FQQR.jpg,Home
Apparel/B09QC4RHSX.jpg,Apparel
Home/B08MSXT2DQ.jpg,Home
Apparel/B09R422TKN.jpg,Apparel
Electronics/B07FH4PDHJ.jpg,Electronics
Home/B081VW4QYN.jpg,Home
Home/B006XG51HC.jpg,Home
Electronics/B0B1HX96GF.jpg,Electronics
Home/B00DHWLK3O.jpg,Home
Electronics/B015BLLM5O.jpg,Electronics
Apparel/B086ZH52YB.jpg,Apparel
Electronics/B08JQDC3BC.jpg,Electronics
Apparel/B072FW38WW.jpg,Apparel
Apparel/B071ZFL5GX.jpg,Apparel
Apparel/B01M3Y6H7S.jpg,Apparel
Home/B07P9ZLCB9.jpg,Home
Electronics/B01N29IJ81.jpg,Electronics
Electronics/B07N47Z9SR.jpg,Electronics
Apparel/B08TM4KGSM.jpg,Apparel
Apparel/B087FFHWNJ.jpg,Apparel
Electronics/B0822M9VV3.jpg,Electronics
Home/B01C8M3IEC.jpg,Home
Electronics/B076ZF9QL5.jpg,Electronics
Electronics/B07Z248MVW.jpg,Electronics
Electronics/B07MVT5782.jpg,Electronics
Home/B0BNBT9DXJ.jpg,Home
Home/B071F7HZM1.jpg,Home
Apparel/B073VC2NTT.jpg,Apparel
Apparel/B07MPVKH2Q.jpg,Apparel
Home/B00HVTQHAA.jpg,Home
Apparel/B00K752D76.jpg,Apparel
Apparel/B07BJWZ6FM.jpg,Apparel
Electronics/B0009WZ0XG.jpg,Electronics
Electronics/B07KP6XW3N.jpg,Electronics
Electronics/B07T5BR2M2.jpg,Electronics
Home/B096P4PTFY.jpg,Home
Electronics/B08H58NT3V.jpg,Electronics
Electronics/B001G6B1L4.jpg,Electronics
Electronics/B07MGZYP2G.jpg,Electronics
Home/B07VFNV386.jpg,Home
Home/B077H54YV5.jpg,Home
Electronics/B071VJ3DMJ.jpg,Electronics
Home/B01D3GORI8.jpg,Home
Electronics/B09C1RF6PC.jpg,Electronics
Home/B093BV9HHH.jpg,Home
Electronics/B00SA6L0YQ.jpg,Electronics
Home/B017XI4G4C.jpg,Home
Home/B076HG6NP3.jpg,Home
Home/B018S926Z6.jpg,Home
Electronics/B07P9BY7BS.jpg,Electronics
Apparel/B093GR9498.jpg,Apparel
Home/B00N8X6V7W.jpg,Home
Electronics/B0791DBY22.jpg,Electronics
Electronics/B06XB54CR5.jpg,Electronics
Electronics/B08FMSKMZH.jpg,Electronics
Apparel/B01MY8ESFI.jpg,Apparel
Apparel/B081HB8PVP.jpg,Apparel
Electronics/B00H8798SI.jpg,Electronics
Electronics/B01LY0BFWO.jpg,Electronics
Apparel/B07K6J7HX3.jpg,Apparel
Electronics/B00BE2KI3M.jpg,Electronics
Electronics/B079XXMSWH.jpg,Electronics
Home/B0C4QBQQBP.jpg,Home
Home/B001RJJFHC.jpg,Home
Home/B00KBEVEM8.jpg,Home
Electronics/B00COAWUFC.jpg,Electronics
Electronics/B00VDSXAJQ.jpg,Electronics
Electronics/B07457Q3N2.jpg,Electronics
Apparel/B091XWSZNS.jpg,Apparel
Electronics/B01LZ8AYLD.jpg,Electronics
Apparel/B0771L26K1.jpg,Apparel
Apparel/B09K2B93MS.jpg,Apparel
Electronics/B075CGZJLJ.jpg,Electronics
Apparel/B074XR38C5.jpg,Apparel
Home/B004DKMVWI.jpg,Home
Electronics/B01H1ATHTQ.jpg,Electronics
Electronics/B0000C6F38.jpg,Electronics
Home/B08C56756Z.jpg,Home
Apparel/B00ZR2MT9Q.jpg,Apparel
Electronics/B0097NZXBC.jpg,Electronics
Home/B09MQLKLM9.jpg,Home
Home/B09KX4CTVZ.jpg,Home
Electronics/B00BJSB84E.jpg,Electronics
Home/B07G14YZKX.jpg,Home
Electronics/B09XCPWQYZ.jpg,Electronics
Home/B07D71PMWL.jpg,Home
Apparel/B07S16JZ5Q.jpg,Apparel
Home/B07JPBLLRL.jpg,Home
Electronics/B011AY1B4S.jpg,Electronics
Apparel/B07ZT5Z1WH.jpg,Apparel
Apparel/B07QML44C8.jpg,Apparel
Electronics/B00BJOJ8NG.jpg,Electronics
Apparel/B06ZZ9L2J9.jpg,Apparel
Apparel/B09K3D4TZP.jpg,Apparel
Home/B07HMKM9KQ.jpg,Home
Home/B08MVLT85T.jpg,Home
Electronics/B094DDPS5Z.jpg,Electronics
Home/B00ET9YFJ0.jpg,Home
Apparel/B08KWGLC6F.jpg,Apparel
Electronics/B075YTW7Q7.jpg,Electronics
Apparel/B09ZL22N5P.jpg,Apparel
Apparel/B08GJ4BZL8.jpg,Apparel
Home/B07S23LB1T.jpg,Home
Apparel/B09HYM3MDV.jpg,Apparel
Apparel/B09BNJSM2V.jpg,Apparel
Electronics/B00F3MOR54.jpg,Electronics
Apparel/B018YFAL24.jpg,Apparel
Home/B091JF1XLD.jpg,Home
Electronics/B0868RB1H3.jpg,Electronics
Electronics/B00Q57BJ20.jpg,Electronics
Apparel/B07FMMJ1DX.jpg,Apparel
Home/B010Q2OHKU.jpg,Home
Electronics/B00HA2MUQ8.jpg,Electronics
Apparel/B0771WZGNW.jpg,Apparel
Home/B09FYB6FPN.jpg,Home
Apparel/B00ZDMHK7Q.jpg,Apparel
Electronics/B076CBXMP2.jpg,Electronics
Home/B07JH6DNH3.jpg,Home
Electronics/B0B31GLN5M.jpg,Electronics
Home/B00I3CSNXS.jpg,Home
Electronics/B005S315LM.jpg,Electronics
Electronics/B003AV7KWM.jpg,Electronics
Home/B08J3Q2T91.jpg,Home
Electronics/B094NFJ8HX.jpg,Electronics
Electronics/B005OKPW7W.jpg,Electronics
Apparel/B005ANOO72.jpg,Apparel
Electronics/B09J39S6J4.jpg,Electronics
Apparel/B08QMMXW9H.jpg,Apparel
Apparel/B0877271ZD.jpg,Apparel
Apparel/B01M0LMQD7.jpg,Apparel
Electronics/B013R11B1A.jpg,Electronics
Electronics/B00HVV2GFI.jpg,Electronics
Electronics/B09NJ8RC3T.jpg,Electronics
Home/B003SIW7SY.jpg,Home
Home/B08BC4TH8H.jpg,Home
Home/B08R8TKQWV.jpg,Home
Electronics/B08239TPNS.jpg,Electronics
Apparel/B01JL74SJQ.jpg,Apparel
Home/B00CVCFRQM.jpg,Home
Home/B07Q4WNBNV.jpg,Home
Home/B08R6RY75X.jpg,Home
Home/B08G2VGJ2Q.jpg,Home
Electronics/B01MR38LG4.jpg,Electronics
Apparel/B00ENW8UGC.jpg,Apparel
Home/B07GFJFMWX.jpg,Home
Apparel/B008BCXPOC.jpg,Apparel
Home/B0BFBZP29Q.jpg,Home
Apparel/B07Q36CT4R.jpg,Apparel
Apparel/B07CJ85L2N.jpg,Apparel
Home/B00U6MP2XM.jpg,Home
Apparel/B0727VQZGK.jpg,Apparel
Home/B0BWMQ6Q76.jpg,Home
Apparel/B071R6SF6Y.jpg,Apparel
Home/B0C224KXDL.jpg,Home
Apparel/B00FD5ZKAW.jpg,Apparel
Home/B08Z9F4N8H.jpg,Home
Electronics/B07JH5F8B1.jpg,Electronics
Home/B0BR5THYL3.jpg,Home
Home/B00EA1XB9C.jpg,Home
Electronics/B09ZV32PX8.jpg,Electronics
Home/B00VEE7OO6.jpg,Home
Apparel/B09Q9BS2BB.jpg,Apparel
Home/B07Q79TP9W.jpg,Home
Apparel/B08GKMTW4J.jpg,Apparel
Electronics/B06Y4LP8M5.jpg,Electronics
Home/B0B7RV9S4L.jpg,Home
Home/B099NYTY1R.jpg,Home
Home/B092V9WZLZ.jpg,Home
Home/B08HY855VZ.jpg,Home
Apparel/B07BFVJWX5.jpg,Apparel
Apparel/B08F185Q57.jpg,Apparel
Apparel/B01MRE8X1Q.jpg,Apparel
Electronics/B09P3RLVDC.jpg,Electronics
Electronics/B00C55TK0Y.jpg,Electronics
Home/B0131W4H8O.jpg,Home
Electronics/B07QG3XP1P.jpg,Electronics
Home/B00DHO83QY.jpg,Home
Electronics/B06X9SS4F9.jpg,Electronics
Electronics/B09CGQC4JK.jpg,Electronics
Apparel/B07116HXTJ.jpg,Apparel
Home/B09L19HZRC.jpg,Home
Apparel/B07TB6K9QX.jpg,Apparel
Electronics/B07BLMLT6B.jpg,Electronics
Apparel/B09B77PPHZ.jpg,Apparel
Apparel/B07YN1PT6M.jpg,Apparel
Home/B078D6W2SD.jpg,Home
Home/B09XB8FVTS.jpg,Home
Home/B06XV55D6T.jpg,Home
Home/B088TJ3258.jpg,Home
Apparel/B07G9934BB.jpg,Apparel
Apparel/B00XKDXYA2.jpg,Apparel
Apparel/B097D8PH1R.jpg,Apparel
Home/B09892DZQS.jpg,Home
Apparel/B07BN92PWR.jpg,Apparel
Apparel/B0B3DF5T94.jpg,Apparel
Apparel/B08T9QB7CT.jpg,Apparel
Apparel/B0BG6BS1RC.jpg,Apparel
Home/B087LZJ96Q.jpg,Home
Home/B01MRZC6ER.jpg,Home
Electronics/B07HNWCJC4.jpg,Electronics
Electronics/B09XR4Q18W.jpg,Electronics
Apparel/B00FJ7XWF4.jpg,Apparel
Apparel/B072L82DBX.jpg,Apparel
Electronics/B07MDY7GL5.jpg,Electronics
Home/B01MYQ7YRX.jpg,Home
Electronics/B003M01NRY.jpg,Electronics
Apparel/B01EX5VUII.jpg,Apparel
Home/B00BM8W0ES.jpg,Home
Electronics/B004XW6V2C.jpg,Electronics
Apparel/B07SYCLXQL.jpg,Apparel
Home/B01MSXDDIN.jpg,Home
Electronics/B01C5RIY76.jpg,Electronics
Apparel/B074MQ2NQF.jpg,Apparel
Electronics/B005NWFKWS.jpg,Electronics
Electronics/B08CN3S4L5.jpg,Electronics
Home/B014Q0YEWO.jpg,Home
Electronics/B06XKVLXTX.jpg,Electronics
Electronics/B00JAJ348C.jpg,Electronics
Electronics/B09TNN7YJG.jpg,Electronics
Apparel/B08H7C846J.jpg,Apparel
Home/B08DTYWRTZ.jpg,Home
Electronics/B071DN72P2.jpg,Electronics
Electronics/B07RNGFR48.jpg,Electronics
Home/B073K28WBZ.jpg,Home
Electronics/B008Y20OWK.jpg,Electronics
Apparel/B01IVOQ3IY.jpg,Apparel
Home/B00VQ1NEUU.jpg,Home
Home/B01GSHHPZQ.jpg,Home
Electronics/B0899SLQ9C.jpg,Electronics
Home/B08SH4XFRV.jpg,Home
Electronics/B0B14HML7K.jpg,Electronics
Home/B01N2TZP8K.jpg,Home
Home/B08HGNRVR5.jpg,Home
Home/B07VJJMCRR.jpg,Home
Apparel/B073FGKF2C.jpg,Apparel
Electronics/B009VOFWXQ.jpg,Electronics
Apparel/B08YDN8XFX.jpg,Apparel
Apparel/B072JT7284.jpg,Apparel
Electronics/B008JFWNBW.jpg,Electronics
Electronics/B01I2EVC5M.jpg,Electronics
Apparel/B00AW0BMJG.jpg,Apparel
Apparel/B096XCSHQ8.jpg,Apparel
Home/B07PGRVZRV.jpg,Home
Home/B007UPLO3A.jpg,Home
Home/B00THCADP4.jpg,Home
Apparel/B072YX5ZZ8.jpg,Apparel
Apparel/B01ENC13TW.jpg,Apparel
Apparel/B00KO7X6B4.jpg,Apparel
Electronics/B00HSOMHS4.jpg,Electronics
Electronics/B07W3VQWSM.jpg,Electronics
Apparel/B08PB8BPTR.jpg,Apparel
Electronics/B07NSCJ7RM.jpg,Electronics
Home/B07DGPBF3F.jpg,Home
Electronics/B07JQ7G2GZ.jpg,Electronics
Electronics/B00AR2MUYU.jpg,Electronics
Apparel/B07714MNTJ.jpg,Apparel
Apparel/B07WRPT8BZ.jpg,Apparel
Apparel/B095WG84XC.jpg,Apparel
Apparel/B07RQNPZB2.jpg,Apparel
Apparel/B01A9HQKIE.jpg,Apparel
Home/B089W74KCB.jpg,Home
Apparel/B07K71D8MX.jpg,Apparel
Home/B0B3S7B95F.jpg,Home
Electronics/B00JWV3BB8.jpg,Electronics
Electronics/B0BDLJ7M5X.jpg,Electronics
Home/B07S5HRKDD.jpg,Home
Home/B0BN1QTXBF.jpg,Home
Apparel/B00KM4Z158.jpg,Apparel
Electronics/B0042WZXKE.jpg,Electronics
Apparel/B077BSQRCV.jpg,Apparel
Electronics/B00A3MWHJC.jpg,Electronics
Home/B09Y93Z1K2.jpg,Home
Home/B087F9MRXM.jpg,Home
Apparel/B08S3CVWDL.jpg,Apparel
Home/B0842VZ6ZC.jpg,Home
Home/B07C5724LJ.jpg,Home
Electronics/B07BJJB5Y3.jpg,Electronics
Electronics/B07B5ZR1F1.jpg,Electronics
Home/B097YL6C5Z.jpg,Home
Apparel/B08RLRR4GJ.jpg,Apparel
Electronics/B09XY18YGV.jpg,Electronics
Electronics/B07G5P2N62.jpg,Electronics
Home/B01HXLF1F2.jpg,Home
Electronics/B08G1HSJ8H.jpg,Electronics
Electronics/B088179BN9.jpg,Electronics
Electronics/B07FNTJPW2.jpg,Electronics
Apparel/B01BTBHWSG.jpg,Apparel
Apparel/B07BDP67CT.jpg,Apparel
Home/B09Y79619F.jpg,Home
Electronics/B08TZQKLHZ.jpg,Electronics
Apparel/B07X39VZYM.jpg,Apparel
Home/B00GY2Z5CG.jpg,Home
Home/B07CZXBFRL.jpg,Home
Electronics/B00006I5FR.jpg,Electronics
Electronics/B005J9C8NE.jpg,Electronics
Electronics/B003UU88O2.jpg,Electronics
Apparel/B013X7FTQ6.jpg,Apparel
Electronics/B00LBI3DJU.jpg,Electronics
Apparel/B07CJS2NDJ.jpg,Apparel
Apparel/B08YMT8YFF.jpg,Apparel
Electronics/B002SR2V14.jpg,Electronics
Home/B0053N9PKA.jpg,Home
Home/B08P2PBYN8.jpg,Home
Electronics/B08C231KS7.jpg,Electronics
Electronics/B0BSF2H9KF.jpg,Electronics
Home/B00X8BQXRC.jpg,Home
Electronics/B09ZKWL9ZN.jpg,Electronics
Electronics/B07CNDW4CS.jpg,Electronics
Apparel/B07YWDPYK4.jpg,Apparel
Home/B09FYWBWPZ.jpg,Home
Home/B08F4YGSC7.jpg,Home
Electronics/B015KYHEXG.jpg,Electronics
Electronics/B086CTPBD1.jpg,Electronics
Apparel/B004VMWHHC.jpg,Apparel
Electronics/B00G9539GC.jpg,Electronics
Electronics/B094QSGFJF.jpg,Electronics
Electronics/B01E1K7KZC.jpg,Electronics
Apparel/B076JH52XS.jpg,Apparel
Home/B00RJLBNAE.jpg,Home
Apparel/B074THYKM9.jpg,Apparel
Electronics/B07D7XZ149.jpg,Electronics
Apparel/B00ME3M8X8.jpg,Apparel
Apparel/B077GF3Z78.jpg,Apparel
Apparel/B087386XFC.jpg,Apparel
Electronics/B08HN53NBD.jpg,Electronics
Electronics/B084KJQ6QT.jpg,Electronics
Home/B0796GP3JL.jpg,Home
Apparel/B07JM6KBMH.jpg,Apparel
Electronics/B0B3VYT78F.jpg,Electronics
Apparel/B07QK67SNN.jpg,Apparel
Electronics/B002DOQDC0.jpg,Electronics
Electronics/B0914LPJJZ.jpg,Electronics
Home/B00DK3B9ZE.jpg,Home
Home/B013AE6O34.jpg,Home
Apparel/B07WWSWH7Y.jpg,Apparel
Electronics/B09C8QDHPK.jpg,Electronics
Home/B06XK9P6TM.jpg,Home
Home/B09V725VP5.jpg,Home
Apparel/B08YNQX5D3.jpg,Apparel
Electronics/B00595HK1I.jpg,Electronics
Home/B005BM5994.jpg,Home
Home/B00IZESUNW.jpg,Home
Electronics/B019MR3NTQ.jpg,Electronics
Electronics/B07K2TMZ4J.jpg,Electronics
Apparel/B00696EGG8.jpg,Apparel
Apparel/B07Q995348.jpg,Apparel
Apparel/B01E71QY52.jpg,Apparel
Electronics/B003W7IQD6.jpg,Electronics
Electronics/B00A0WBQQA.jpg,Electronics
Electronics/B06XXFYGK7.jpg,Electronics
Home/B08C51VJCG.jpg,Home
Electronics/B07QLRF28B.jpg,Electronics
Home/B076P775Q8.jpg,Home
Apparel/B079Z8ZHPX.jpg,Apparel
Home/B089KQYJX6.jpg,Home
Electronics/B001O5BF04.jpg,Electronics
Apparel/B09KRZVX7K.jpg,Apparel
Home/B09CTLH8CT.jpg,Home
Apparel/B08L8LM69M.jpg,Apparel
Apparel/B0B3FCBQWP.jpg,Apparel
Electronics/B0836GV1QP.jpg,Electronics
Apparel/B07RRK1Y2T.jpg,Apparel
Electronics/B075CS97P3.jpg,Electronics
Electronics/B000SOES0Q.jpg,Electronics
Home/B092ZV6QQ3.jpg,Home
Apparel/B08JTYB2GB.jpg,Apparel
Home/B09XWQWBC8.jpg,Home
Electronics/B07GB46HHS.jpg,Electronics
Electronics/B005GMV4CU.jpg,Electronics
Apparel/B097ZGB8JV.jpg,Apparel
Apparel/B07VBGTYD5.jpg,Apparel
Electronics/B000BK4KEQ.jpg,Electronics
Apparel/B01M1KAXSJ.jpg,Apparel
Apparel/B01BX05B2W.jpg,Apparel
Electronics/B01N9KISRC.jpg,Electronics
Apparel/B01JOL16I0.jpg,Apparel
Home/B07V69W85N.jpg,Home
Home/B0899PG2TW.jpg,Home
Apparel/B01LWZ9ZJO.jpg,Apparel
Apparel/B078GHF47F.jpg,Apparel
Home/B08VD2QTV3.jpg,Home
Electronics/B09KRXDKYZ.jpg,Electronics
Home/B0BCVFLJNJ.jpg,Home
Electronics/B00009UHEV.jpg,Electronics
Apparel/B016CI48OM.jpg,Apparel
Electronics/B00004THD4.jpg,Electronics
Electronics/B07XYZPDSG.jpg,Electronics
Apparel/B06XJHY2LQ.jpg,Apparel
Apparel/B07DH5W55C.jpg,Apparel
Electronics/B08RD6RMNM.jpg,Electronics
Apparel/B00W3FBVFI.jpg,Apparel
Apparel/B089SQY5GM.jpg,Apparel
Home/B09QYMZZSG.jpg,Home
Home/B08X5WWLSB.jpg,Home
Home/B09J8BR4FF.jpg,Home
Home/B07PXMD1DY.jpg,Home
Electronics/B012OLS4Q4.jpg,Electronics
Home/B08JZ8RB9M.jpg,Home
Home/B014Z3AZ5W.jpg,Home
Home/B00A7C8N4G.jpg,Home
Apparel/B07GWCCZRZ.jpg,Apparel
Apparel/B07BL5F6M6.jpg,Apparel
Home/B07NSC6KL3.jpg,Home
Electronics/B08X3C37WF.jpg,Electronics
Apparel/B06Y1BZLCF.jpg,Apparel
Apparel/B07KJKQ71L.jpg,Apparel
Electronics/B007D30DMC.jpg,Electronics
Apparel/B0030CC0KI.jpg,Apparel
Electronics/B09YRKM598.jpg,Electronics
Apparel/B08864PLKQ.jpg,Apparel
Apparel/B07525TXFF.jpg,Apparel
Apparel/B08DRRNHGB.jpg,Apparel
Electronics/B009VPP8PC.jpg,Electronics
Home/B071F9RKVN.jpg,Home
Electronics/B07GZDRF3P.jpg,Electronics
Home/B0BML221TY.jpg,Home
Apparel/B08SWTZ8QN.jpg,Apparel
Home/B09RZSCB5J.jpg,Home
Electronics/B094R8GSFK.jpg,Electronics
Electronics/B001CZDXLU.jpg,Electronics
Apparel/B07VDCK7C4.jpg,Apparel
Home/B09V51X5JG.jpg,Home
Electronics/B07456NKRP.jpg,Electronics
Apparel/B01GIF7NXC.jpg,Apparel
Apparel/B01IFUEXP4.jpg,Apparel
Home/B07KZ6V5M3.jpg,Home
Electronics/B00I5HFIMA.jpg,Electronics
Home/B01GICXD6G.jpg,Home
Electronics/B06XTR7HMN.jpg,Electronics
Home/B0728PDW5V.jpg,Home
Home/B0BFJ4QHMZ.jpg,Home
Home/B0919NW748.jpg,Home
Apparel/B075FM8WY7.jpg,Apparel
Home/B08H51L98V.jpg,Home
Apparel/B08C3VPFKP.jpg,Apparel
Home/B00498YJ06.jpg,Home
Apparel/B07Y3C99R3.jpg,Apparel
Electronics/B00004SCIX.jpg,Electronics
Home/B072MK8TMV.jpg,Home
Electronics/B07Q2D7NLD.jpg,Electronics
Electronics/B083XTRQK7.jpg,Electronics
Home/B01AK23TRS.jpg,Home
Electronics/B07Q3T8MMC.jpg,Electronics
Electronics/B00XI3M6VC.jpg,Electronics
Electronics/B009ZCRRNM.jpg,Electronics
Home/B087BX5P8H.jpg,Home
Apparel/B01H0C5A9Q.jpg,Apparel
Electronics/B0BL6L8CB7.jpg,Electronics
Apparel/B091JSDPLM.jpg,Apparel
Home/B000UPMNN2.jpg,Home
Apparel/B09P2RKQ7H.jpg,Apparel
Home/B09B5CVTDP.jpg,Home
Electronics/B00GMGUHQS.jpg,Electronics
Electronics/B06XRKCF7Q.jpg,Electronics
Home/B00RDC3QXQ.jpg,Home
Electronics/B08NWDBCXD.jpg,Electronics
Electronics/B091SVLY7N.jpg,Electronics
Apparel/B078VFVWWS.jpg,Apparel
Apparel/B0819XLKBS.jpg,Apparel
Electronics/B07RBVBCGM.jpg,Electronics
Home/B003SEGP68.jpg,Home
Electronics/B09LCV6JDK.jpg,Electronics
Electronics/B08625XPCL.jpg,Electronics
Home/B08CZRVPWV.jpg,Home
Apparel/B078Q5YYW2.jpg,Apparel
Electronics/B077KRYVGY.jpg,Electronics
Electronics/B00VPYTOWU.jpg,Electronics
Electronics/B0024N7W4I.jpg,Electronics
Electronics/B07PYRM6J6.jpg,Electronics
Electronics/B000RNL2IO.jpg,Electronics
Home/B09XHLTPFV.jpg,Home
Electronics/B09NGNJ38G.jpg,Electronics
Electronics/B000W3NL3S.jpg,Electronics
Electronics/B07288Y2TS.jpg,Electronics
Apparel/B07RQ8GVVG.jpg,Apparel
Apparel/B00PE6YLGO.jpg,Apparel
Apparel/B09B6XDTTB.jpg,Apparel
Apparel/B0142CORNW.jpg,Apparel
Home/B015J3YID2.jpg,Home
Home/B07PYK3CVX.jpg,Home
Apparel/B07383R5XZ.jpg,Apparel
Electronics/B000701OHQ.jpg,Electronics
Apparel/B08QVBM277.jpg,Apparel
Home/B0BHYYLRNH.jpg,Home
Home/B00MHG5Y42.jpg,Home
Electronics/B009NY3SVC.jpg,Electronics
Electronics/B005KUHFKI.jpg,Electronics
Electronics/B08WN7NH7X.jpg,Electronics
Home/B000A2M2EK.jpg,Home
Electronics/B0030Y5PAS.jpg,Electronics
Electronics/B07ZLZNGNG.jpg,Electronics
Apparel/B0100530AQ.jpg,Apparel
Home/B08537GQYX.jpg,Home
Home/B0BZJ6YGH5.jpg,Home
Electronics/B07J57MD7M.jpg,Electronics
Home/B01MRYCCH4.jpg,Home
Electronics/B08JLPLG27.jpg,Electronics
Electronics/B00TCV1GCE.jpg,Electronics
Apparel/B07199114F.jpg,Apparel
Home/B00YSVJMFG.jpg,Home
Apparel/B07H8N77M9.jpg,Apparel
Electronics/B07MPW1JD7.jpg,Electronics
Apparel/B08K7MJ64C.jpg,Apparel
Electronics/B089S1HKWX.jpg,Electronics
Home/B00MGAPFAW.jpg,Home
Electronics/B06WP2Y7B4.jpg,Electronics
Apparel/B01H5UX856.jpg,Apparel
Apparel/B099RB51L6.jpg,Apparel
Home/B00YSYJK2I.jpg,Home
Apparel/B085DKGK55.jpg,Apparel
Home/B000FB8GGE.jpg,Home
Home/B095W7CQRT.jpg,Home
Home/B00E6RP7OC.jpg,Home
Apparel/B00RYB5TC2.jpg,Apparel
Electronics/B075VYK7T5.jpg,Electronics
Electronics/B07YS913VB.jpg,Electronics
Apparel/B09136W9R3.jpg,Apparel
Home/B08L7ZL6C9.jpg,Home
Home/B07W6FLGYW.jpg,Home
Apparel/B01M1HAGW3.jpg,Apparel
Electronics/B0020MRLE4.jpg,Electronics
Apparel/B00WWRGQWA.jpg,Apparel
Home/B009782T7I.jpg,Home
Electronics/B00AEUZKLA.jpg,Electronics
Home/B01LW55GQM.jpg,Home
Electronics/B01LVY4QFI.jpg,Electronics
Apparel/B0BHPG2DYW.jpg,Apparel
Electronics/B0B8GTJPV2.jpg,Electronics
Home/B085S88HQ2.jpg,Home
Apparel/B085Y5TYT3.jpg,Apparel
Apparel/B07YVB26B9.jpg,Apparel
Apparel/B07D3Q9Y7W.jpg,Apparel
Home/B01C2RDWZI.jpg,Home
Electronics/B000WMHPMC.jpg,Electronics
Home/B01HB74SZM.jpg,Home
Home/B0BV7L7JLP.jpg,Home
Apparel/B01MEHEQ35.jpg,Apparel
Apparel/B08MDV43DN.jpg,Apparel
Electronics/B07D1MZFH7.jpg,Electronics
Apparel/B08FX62VRZ.jpg,Apparel
Electronics/B00AZS8Y82.jpg,Electronics
Electronics/B09QJTMRS7.jpg,Electronics
Apparel/B09QLS7Z8Z.jpg,Apparel
Electronics/B076CRPGBV.jpg,Electronics
Electronics/B07PQ953Y3.jpg,Electronics
Apparel/B07SYM45JV.jpg,Apparel
Electronics/B00DI7B1V4.jpg,Electronics
Home/B0722VPC3C.jpg,Home
Electronics/B00005V9Q9.jpg,Electronics
Electronics/B0069I7RF8.jpg,Electronics
Electronics/B01C5GFCZ4.jpg,Electronics
Electronics/B08542SHWT.jpg,Electronics
Apparel/B078C73H9D.jpg,Apparel
Home/B005NTQ8OA.jpg,Home
Apparel/B09PDQ17PH.jpg,Apparel
Home/B08RRPWCYZ.jpg,Home
Home/B08X46CHG9.jpg,Home
Apparel/B094XCYPH8.jpg,Apparel
Apparel/B08ZYYWHYR.jpg,Apparel
Electronics/B01AFV1PVQ.jpg,Electronics
Electronics/B08JVLP9PV.jpg,Electronics
Electronics/B00QSNY1JY.jpg,Electronics
Home/B00415GK3G.jpg,Home
Electronics/B07N824KNV.jpg,Electronics
Home/B08C5D6GKP.jpg,Home
Home/B0BY12HZTW.jpg,Home
Apparel/B00GB5OGJO.jpg,Apparel
Electronics/B0BNC4HRT7.jpg,Electronics
Home/B0009RSWLI.jpg,Home
Home/B0BDGHNY5G.jpg,Home
Apparel/B00KQEG8OW.jpg,Apparel
Apparel/B07924P3NB.jpg,Apparel
Home/B09BHNQVPL.jpg,Home
Apparel/B08GBTSNR2.jpg,Apparel
Apparel/B01JTW6O5O.jpg,Apparel
Apparel/B074V1GGCY.jpg,Apparel
Electronics/B00NID9S8Q.jpg,Electronics
Apparel/B07BQWLTS5.jpg,Apparel
Home/B09K5P5WWG.jpg,Home
Electronics/B01EHRELW4.jpg,Electronics
Home/B09G387T4F.jpg,Home
Electronics/B0002K6VYW.jpg,Electronics
Apparel/B07QZ4H4TK.jpg,Apparel
Home/B07NMVTBJM.jpg,Home
Home/B08VHG5MZW.jpg,Home
Apparel/B07GKS2Y9W.jpg,Apparel
Home/B073QQ1GPR.jpg,Home
Apparel/B07TPMNTCG.jpg,Apparel
Electronics/B01GB2COIG.jpg,Electronics
Apparel/B08R5PWMW3.jpg,Apparel
Electronics/B0855QJ8SQ.jpg,Electronics
Apparel/B01FV16P0Q.jpg,Apparel
Home/B084YTZNNX.jpg,Home
Home/B07NBR48HQ.jpg,Home
Electronics/B095Y7M3D4.jpg,Electronics
Home/B08WPXW2KB.jpg,Home
Apparel/B01LDFWE3Q.jpg,Apparel
Home/B00AQBE6XA.jpg,Home
Home/B096ZRBTZH.jpg,Home
Apparel/B07PFKPHRZ.jpg,Apparel
Home/B08JHB5WXB.jpg,Home
Apparel/B01E8J7WM2.jpg,Apparel
Electronics/B07KYSPTFS.jpg,Electronics
Apparel/B01MG2CAWA.jpg,Apparel
Home/B0BRQXYZ5N.jpg,Home
Electronics/B09CCMKD8Q.jpg,Electronics
Home/B08FQTFL9P.jpg,Home
Electronics/B07C272B9K.jpg,Electronics
Home/B072M2GXMH.jpg,Home
Home/B0B6QPYM9S.jpg,Home
Home/B0BPHKY3R9.jpg,Home
Electronics/B08GC1BVL3.jpg,Electronics
Apparel/B074XGNTVN.jpg,Apparel
Electronics/B00IOTYFP0.jpg,Electronics
Electronics/B00004S7PO.jpg,Electronics
Apparel/B0B1HV9GF2.jpg,Apparel
Home/B0844428P2.jpg,Home
Apparel/B07M94TN8T.jpg,Apparel
Home/B094VJGMJ5.jpg,Home
Home/B07K83TBWM.jpg,Home
Home/B00KZF3FF2.jpg,Home
Electronics/B08T9BL36W.jpg,Electronics
Electronics/B0B1MNQGT9.jpg,Electronics
Home/B07H1LT84Y.jpg,Home
Electronics/B001DZRA4K.jpg,Electronics
Electronics/B00P1PYFDM.jpg,Electronics
Home/B00AW8707Q.jpg,Home
Apparel/B0928W2RRM.jpg,Apparel
Apparel/B07FDRLS2K.jpg,Apparel
Apparel/B00WSFXAXY.jpg,Apparel
Apparel/B01CYREI68.jpg,Apparel
Apparel/B06XPK1CL6.jpg,Apparel
Home/B01M4JAZY5.jpg,Home
Electronics/B09YN9P6FP.jpg,Electronics
Apparel/B00U0I70UU.jpg,Apparel
Electronics/B0BHS88GK9.jpg,Electronics
Home/B01MDK50VN.jpg,Home
Apparel/B07GV4XS1M.jpg,Apparel
Apparel/B08CMMMMHV.jpg,Apparel
Home/B0B8RL3N48.jpg,Home
Apparel/B0819LFJW8.jpg,Apparel
Home/B08Y65VYBN.jpg,Home
Electronics/B077BQM24G.jpg,Electronics
Electronics/B072K5PJ5Y.jpg,Electronics
Apparel/B07KJ5RNNF.jpg,Apparel
Electronics/B013I6I4KU.jpg,Electronics
Apparel/B01M0V9JT7.jpg,Apparel
Apparel/B0919FJ7NG.jpg,Apparel
Apparel/B06Y6LTGDF.jpg,Apparel
Apparel/B07ZQSD87W.jpg,Apparel
Electronics/B09LQKGK8S.jpg,Electronics
Apparel/B08Q364P6L.jpg,Apparel
Electronics/B00WQRJ2EU.jpg,Electronics
Electronics/B08NFKY6T2.jpg,Electronics
Home/B0872KP4ZB.jpg,Home
Electronics/B09RLK8KV3.jpg,Electronics
Electronics/B00C9UZD4C.jpg,Electronics
Electronics/B07DKFPBPV.jpg,Electronics
Home/B07QD17HCB.jpg,Home
Apparel/B00GXZAZA6.jpg,Apparel
Home/B07X59F5BB.jpg,Home
Electronics/B00J3A1KDO.jpg,Electronics
Electronics/B0C6Q8BYQ3.jpg,Electronics
Home/B08ZCJY99B.jpg,Home
Home/B07TZ1BD67.jpg,Home
Apparel/B001VEHZ02.jpg,Apparel
Home/B00O83OMA4.jpg,Home
Apparel/B07DJYPX6N.jpg,Apparel
Apparel/B01N2N3G99.jpg,Apparel
Apparel/B074P6ZSCD.jpg,Apparel
Apparel/B07XTCXS77.jpg,Apparel
Apparel/B00LHJMAZG.jpg,Apparel
Electronics/B00CKIYPSI.jpg,Electronics
Home/B08GZQFQ6D.jpg,Home
Electronics/B07PLPHZP1.jpg,Electronics
Home/B0BL7FL8JW.jpg,Home
Apparel/B08RNW2CGZ.jpg,Apparel
Electronics/B07DG3LFZM.jpg,Electronics
Home/B0B1JM84XF.jpg,Home
Apparel/B08TQRK7TY.jpg,Apparel
Apparel/B005L9Y18C.jpg,Apparel
Electronics/B0B4R7B748.jpg,Electronics
Apparel/B009WXI90E.jpg,Apparel
Apparel/B09BLBMRKM.jpg,Apparel
Home/B07Z1R4K8H.jpg,Home
Apparel/B0923T175N.jpg,Apparel
Electronics/B01CEC7R5C.jpg,Electronics
Electronics/B007FTVNZU.jpg,Electronics
Home/B08C2RZ4G7.jpg,Home
Electronics/B07TDTKS48.jpg,Electronics
Apparel/B0754GG8H8.jpg,Apparel
Apparel/B08JV42JMQ.jpg,Apparel
Apparel/B00FS0YOQS.jpg,Apparel
Home/B07B9HW9D4.jpg,Home
Apparel/B088GY75S4.jpg,Apparel
Home/B088RHGMGM.jpg,Home
Electronics/B0722969SX.jpg,Electronics
Home/B0B9T4HH2B.jpg,Home
Apparel/B00TFSLT08.jpg,Apparel
Electronics/B0BCP5LG7H.jpg,Electronics
Home/B01MEGTFF5.jpg,Home
Electronics/B09JVL7CZW.jpg,Electronics
Apparel/B071YNBX1Y.jpg,Apparel
Home/B086VHN5C2.jpg,Home
Home/B0BPCKMRWP.jpg,Home
Electronics/B0BJK8JN6F.jpg,Electronics
Electronics/B00CG5A8J0.jpg,Electronics
Apparel/B01CA1GA6O.jpg,Apparel
Electronics/B07R52J457.jpg,Electronics
Home/B07KRQWG85.jpg,Home
Home/B09KM41XJF.jpg,Home
Home/B009UZMTAK.jpg,Home
Electronics/B016OGQ4W6.jpg,Electronics
Home/B08M5LGY1G.jpg,Home
Apparel/B087C8SCLW.jpg,Apparel
Electronics/B09TSGQKWS.jpg,Electronics
Home/B07JMDX65C.jpg,Home
Home/B0B7GFG2KW.jpg,Home
Electronics/B002EL4MY8.jpg,Electronics
Electronics/B00GSXFUL2.jpg,Electronics
Electronics/B003STDR1E.jpg,Electronics
Electronics/B0129DDT76.jpg,Electronics
Apparel/B07JVCDSKF.jpg,Apparel
Apparel/B01IHEV3QU.jpg,Apparel
Home/B07N6LL3DV.jpg,Home
Apparel/B002VYJ7WK.jpg,Apparel
Electronics/B0756VRDXX.jpg,Electronics
Home/B0038YJ74K.jpg,Home
Home/B001EU9EDO.jpg,Home
Apparel/B017WFIKPW.jpg,Apparel
Apparel/B091YQ28C3.jpg,Apparel
Electronics/B07177P1NV.jpg,Electronics
Apparel/B07S7PX4TY.jpg,Apparel
Electronics/B00GHDODFM.jpg,Electronics
Electronics/B009OZ7AFU.jpg,Electronics
Electronics/B00HWZDX6Y.jpg,Electronics
Electronics/B000CQXY4Q.jpg,Electronics
Apparel/B00EY8GHME.jpg,Apparel
Home/B00CQVWPFO.jpg,Home
Electronics/B01E2CI954.jpg,Electronics
Home/B0106BWLZ4.jpg,Home
Apparel/B07YJF997K.jpg,Apparel
Apparel/B07S1BB7M5.jpg,Apparel
Home/B0B2NQRX13.jpg,Home
Electronics/B002L6R6P8.jpg,Electronics
Home/B015E8T6M0.jpg,Home
Electronics/B09Y1594CN.jpg,Electronics
Home/B07D3X6W84.jpg,Home
Electronics/B01N63KLWO.jpg,Electronics
Apparel/B0747JQJZY.jpg,Apparel
Apparel/B00I2V2RI2.jpg,Apparel
Apparel/B00KDOUNJQ.jpg,Apparel
Home/B016YFOSOI.jpg,Home
Electronics/B078S7JLFK.jpg,Electronics
Electronics/B00CKMS5P8.jpg,Electronics
Home/B075QHRNSV.jpg,Home
Home/B08TGLG7TV.jpg,Home
Electronics/B004D9V8C8.jpg,Electronics
Electronics/B08H1X5VSZ.jpg,Electronics
Electronics/B004QWAYZO.jpg,Electronics
Electronics/B07TQMM54J.jpg,Electronics
Apparel/B06X99RWHS.jpg,Apparel
Electronics/B075Z2GMK4.jpg,Electronics
Home/B00P3U50SY.jpg,Home
Electronics/B08HTRWNN9.jpg,Electronics
Electronics/B071KV6F48.jpg,Electronics
Home/B018Y8SP56.jpg,Home
Electronics/B089GNH85L.jpg,Electronics
Apparel/B081ZPMY8P.jpg,Apparel
Electronics/B07ZBGMVT9.jpg,Electronics
Apparel/B09G2Z3H6T.jpg,Apparel
Apparel/B08TX65RB4.jpg,Apparel
Home/B06XHW1TJX.jpg,Home
Electronics/B09LLW2NGS.jpg,Electronics
Home/B0B19TYQQT.jpg,Home
Home/B09FZ8PN4P.jpg,Home
Apparel/B097MP3BD7.jpg,Apparel
Apparel/B07R1JTYGZ.jpg,Apparel
Apparel/B07MMJ8BRC.jpg,Apparel
Home/B08MWZHQ7S.jpg,Home
Apparel/B082HHW3VR.jpg,Apparel
Apparel/B07DF7J9PM.jpg,Apparel
Apparel/B01NBK4VLV.jpg,Apparel
Home/B07HLVMBV7.jpg,Home
Apparel/B09H7RX262.jpg,Apparel
Apparel/B0B5JL9R8H.jpg,Apparel
Apparel/B071JSK6HD.jpg,Apparel
Apparel/B000PSZMR8.jpg,Apparel
Electronics/B00HRCJC26.jpg,Electronics
Apparel/B07DK3K6RT.jpg,Apparel
Apparel/B07HHBK58V.jpg,Apparel
Home/B0916S7N7T.jpg,Home
Apparel/B087WHRY8P.jpg,Apparel
Electronics/B0851H55XC.jpg,Electronics
Apparel/B01DOKUWRS.jpg,Apparel
Home/B07RF64KP1.jpg,Home
Home/B0051C2YWE.jpg,Home
Electronics/B07BZJRN57.jpg,Electronics
Apparel/B091KTP34N.jpg,Apparel
Home/B09SDTNJ9Z.jpg,Home
Electronics/B0BPGPJW92.jpg,Electronics
Electronics/B0B7L5VXC7.jpg,Electronics
Home/B01FWXTMGW.jpg,Home
Electronics/B0787T63MJ.jpg,Electronics
Apparel/B07TDVDWJ7.jpg,Apparel
Electronics/B07WVRD829.jpg,Electronics
Home/B08DCP44SM.jpg,Home
Apparel/B08JHZZ4TN.jpg,Apparel
Apparel/B08XB8XC7M.jpg,Apparel
Electronics/B01N4MBMOO.jpg,Electronics
Electronics/B07Y1LYTMR.jpg,Electronics
Home/B0BKV9YKYY.jpg,Home
Home/B07YQ94R2D.jpg,Home
Electronics/B09T36L866.jpg,Electronics
Home/B07ZJSZ1CN.jpg,Home
Home/B0B8YL9ZJV.jpg,Home
Electronics/B0BMZT2Y9T.jpg,Electronics
Electronics/B01IPQLMCA.jpg,Electronics
Apparel/B075DSQBTR.jpg,Apparel
Home/B08FR1RVKN.jpg,Home
Electronics/B07HJXVHSS.jpg,Electronics
Home/B09V3JDNBC.jpg,Home
Electronics/B07CBFJX6D.jpg,Electronics
Electronics/B099YYF44S.jpg,Electronics
Home/B08H8LX9M2.jpg,Home
Apparel/B06ZZCD6ZF.jpg,Apparel
Apparel/B076MP6BX7.jpg,Apparel
Apparel/B06ZZNFZVC.jpg,Apparel
Home/B016R1UNCA.jpg,Home
Apparel/B072XC3D3S.jpg,Apparel
Electronics/B07YN1VV8V.jpg,Electronics
Apparel/B09CTS8FF8.jpg,Apparel
Electronics/B00006IR39.jpg,Electronics
Home/B0B1W2F8XW.jpg,Home
Home/B08J8GS62H.jpg,Home
Home/B0BDFLXX9C.jpg,Home
Home/B001JTHJO6.jpg,Home
Home/B07TDL1CLL.jpg,Home
Home/B08PV9TNN1.jpg,Home
Home/B00MYZA72U.jpg,Home
Home/B085NDXTGN.jpg,Home
Home/B08Z875NTQ.jpg,Home
Home/B005TLMBFW.jpg,Home
Home/B00KYAKJFC.jpg,Home
Electronics/B0053NWKAM.jpg,Electronics
Home/B01CRUHI00.jpg,Home
Electronics/B000GDGWWG.jpg,Electronics
Home/B09274D4JQ.jpg,Home
Home/B07VB8HDN2.jpg,Home
Home/B09CBKDTL4.jpg,Home
Apparel/B08NX4X4HH.jpg,Apparel
Home/B07WW36M1Z.jpg,Home
Apparel/B074KB6NJT.jpg,Apparel
Apparel/B0776TFRPT.jpg,Apparel
Electronics/B017V6SXZY.jpg,Electronics
Apparel/B08GX8YNRB.jpg,Apparel
Apparel/B08LNZTX46.jpg,Apparel
Electronics/B0081TWAHS.jpg,Electronics
Home/B0126C605I.jpg,Home
Home/B092LJWBFR.jpg,Home
Electronics/B01JJ739D4.jpg,Electronics
Electronics/B01KXU7EBY.jpg,Electronics
Apparel/B07KQCNKFS.jpg,Apparel
Electronics/B0041C5CO2.jpg,Electronics
Home/B09LHGLGDK.jpg,Home
Apparel/B072LYR2Y3.jpg,Apparel
Home/B08CR86DZG.jpg,Home
Apparel/B0865P33Y6.jpg,Apparel
Electronics/B003L16ZKO.jpg,Electronics
Apparel/B00HD8PV2O.jpg,Apparel
Home/B07QMCBFY3.jpg,Home
Electronics/B0006DPPWE.jpg,Electronics
Home/B0BXHMKBCN.jpg,Home
Home/B0BLZD4TPB.jpg,Home
Apparel/B01M25KB6M.jpg,Apparel
Home/B085WRFWGK.jpg,Home
Home/B01HFWCPT4.jpg,Home
Apparel/B08PCYKFLX.jpg,Apparel
Electronics/B077JMC6FL.jpg,Electronics
Apparel/B0BRV7WJBQ.jpg,Apparel
Home/B01C8JW7CY.jpg,Home
Apparel/B08HSZBKZK.jpg,Apparel
Electronics/B00RMQPARI.jpg,Electronics
Apparel/B07C87DQZ5.jpg,Apparel
Home/B0BGRD7JDP.jpg,Home
Electronics/B01J4SQ51Q.jpg,Electronics
Electronics/B07BNQNPJ6.jpg,Electronics
Electronics/B075TXWY1L.jpg,Electronics
Apparel/B075WRDF2Q.jpg,Apparel
Apparel/B00WIRD8PM.jpg,Apparel
Apparel/B07CM9R2GH.jpg,Apparel
Electronics/B078DXVWSL.jpg,Electronics
Electronics/B071D5CT14.jpg,Electronics
Electronics/B06Y2CWNNT.jpg,Electronics
Home/B078P7WXJ9.jpg,Home
Home/B00M76YQDM.jpg,Home
Electronics/B07CSTLCJ3.jpg,Electronics
Apparel/B005543DDM.jpg,Apparel
Apparel/B00BDV9E8E.jpg,Apparel
Apparel/B012EM7EQO.jpg,Apparel
Electronics/B0852R9V9T.jpg,Electronics
Electronics/B0026R4NZ8.jpg,Electronics
Electronics/B08SWL25YL.jpg,Electronics
Electronics/B07LFK79JD.jpg,Electronics
Home/B007KKWBNM.jpg,Home
Electronics/B088T7DZR5.jpg,Electronics
Home/B08HMVFJGM.jpg,Home
Apparel/B00BS5WAEA.jpg,Apparel
Home/B08TLXHSC9.jpg,Home
Apparel/B07RN7WVFL.jpg,Apparel
Apparel/B09KMX8ND2.jpg,Apparel
Apparel/B07L86BR2V.jpg,Apparel
Home/B0838D9YCD.jpg,Home
Home/B0B6F6LPK9.jpg,Home
Home/B07562BRMZ.jpg,Home
Electronics/B07HMMPY4G.jpg,Electronics
Electronics/B01L4JRLCU.jpg,Electronics
Apparel/B00OAMM6R4.jpg,Apparel
Electronics/B07JFZ3SW2.jpg,Electronics
Home/B00ZPVLABC.jpg,Home
Home/B0B2VR1MW2.jpg,Home
Home/B00ANAEGW0.jpg,Home
Apparel/B06XWJSFQ8.jpg,Apparel
Apparel/B07JL8VVTJ.jpg,Apparel
Home/B016LBYQ6U.jpg,Home
Apparel/B099Z23FYT.jpg,Apparel
Home/B0752X65ZX.jpg,Home
Apparel/B07VW789SW.jpg,Apparel
Apparel/B01N0QQJ09.jpg,Apparel
Electronics/B00CYNHBVW.jpg,Electronics
Apparel/B08ZD64W4Y.jpg,Apparel
Electronics/B0BCKCR3R3.jpg,Electronics
Home/B01LWYN0P7.jpg,Home
Electronics/B00WHOTZCQ.jpg,Electronics
Home/B0BBNCL6FY.jpg,Home
Apparel/B07QV3S1M2.jpg,Apparel
Electronics/B06ZYHMBTR.jpg,Electronics
Apparel/B08B1K3C83.jpg,Apparel
Home/B01LAAOYMI.jpg,Home
Home/B01CCRY08Q.jpg,Home
Home/B08D3BHGWW.jpg,Home
Electronics/B09BW2FW23.jpg,Electronics
Home/B08HY9VJG4.jpg,Home
Home/B07Q3JBPRK.jpg,Home
Apparel/B08Q819GSR.jpg,Apparel
Electronics/B077SG55XH.jpg,Electronics
Electronics/B07YVGYQ1K.jpg,Electronics
Electronics/B01GCAZ7S6.jpg,Electronics
Apparel/B01FHOWGXM.jpg,Apparel
Apparel/B01E6HXX74.jpg,Apparel
Electronics/B001UR37S4.jpg,Electronics
Electronics/B093SX3FVS.jpg,Electronics
Home/B00AW604PI.jpg,Home
Apparel/B08L934LM6.jpg,Apparel
Home/B08Q36PZ6H.jpg,Home
Electronics/B00KIFOHQU.jpg,Electronics
Apparel/B07CPBVCGG.jpg,Apparel
Apparel/B077CGDTL7.jpg,Apparel
Electronics/B007B5PR1O.jpg,Electronics
Apparel/B01JIN0Q5I.jpg,Apparel
Electronics/B002BJ37JO.jpg,Electronics
Home/B0BYCS5WVT.jpg,Home
Home/B091BZ1175.jpg,Home
Home/B09PXFTHYT.jpg,Home
Apparel/B084VJ1DVR.jpg,Apparel
Electronics/B00TI9HWLY.jpg,Electronics
Apparel/B08CKBRSLR.jpg,Apparel
Apparel/B009TNHND6.jpg,Apparel
Electronics/B09LQ4BM5S.jpg,Electronics
Apparel/B09KRM2WV7.jpg,Apparel
Apparel/B072N2WKZF.jpg,Apparel
Apparel/B01M3180VY.jpg,Apparel
Electronics/B081QM9LY3.jpg,Electronics
Apparel/B07D9WKL4K.jpg,Apparel
Apparel/B08KZQK1XY.jpg,Apparel
Home/B006JKAE2E.jpg,Home
Apparel/B08P6MQ1KN.jpg,Apparel
Apparel/B01J5JNOA4.jpg,Apparel
Apparel/B07CWJFWM7.jpg,Apparel
Electronics/B07PPDDCKP.jpg,Electronics
Apparel/B07CHD4V7B.jpg,Apparel
Home/B0BKLNM291.jpg,Home
Apparel/B07V69MM2C.jpg,Apparel
Apparel/B09T6ZQFV3.jpg,Apparel
Home/B08YRBXGSJ.jpg,Home
Apparel/B08M41N276.jpg,Apparel
Apparel/B083JPH72W.jpg,Apparel
Apparel/B09N3GHB9P.jpg,Apparel
Apparel/B09LHLC6K8.jpg,Apparel
Apparel/B076748X29.jpg,Apparel
Electronics/B09Z7H5FQF.jpg,Electronics
Home/B085XY41SK.jpg,Home
Electronics/B00OURK3WE.jpg,Electronics
Apparel/B07RQ2K2JZ.jpg,Apparel
Apparel/B01610VPTC.jpg,Apparel
Home/B0BRM9RM7P.jpg,Home
Apparel/B08P278GVV.jpg,Apparel
Electronics/B082NWHL3Y.jpg,Electronics
Electronics/B01HALCZQ8.jpg,Electronics
Electronics/B001JDYBQG.jpg,Electronics
Electronics/B0B67F6TV3.jpg,Electronics
Apparel/B072HC7DV8.jpg,Apparel
Apparel/B07S8WJR53.jpg,Apparel
Apparel/B0143WAYZG.jpg,Apparel
Electronics/B00HFXRI9G.jpg,Electronics
Apparel/B06W52SBLL.jpg,Apparel
Home/B00WGTULU2.jpg,Home
Home/B09XH8WB87.jpg,Home
Home/B071WBY9J6.jpg,Home
Apparel/B07JDVNR54.jpg,Apparel
Home/B099PRKM8K.jpg,Home
Apparel/B08VH5L9PK.jpg,Apparel
Home/B09NW7DB57.jpg,Home
Electronics/B010PWW8IO.jpg,Electronics
Electronics/B09FHRQYR6.jpg,Electronics
Electronics/B012I6UBXY.jpg,Electronics
Apparel/B073VSV9PP.jpg,Apparel
Electronics/B0C3K5WP7R.jpg,Electronics
Apparel/B01EHHRJ1O.jpg,Apparel
Apparel/B01MTLR05U.jpg,Apparel
Electronics/B09C2QJ6R9.jpg,Electronics
Apparel/B01N33K032.jpg,Apparel
Electronics/B0024NKHD6.jpg,Electronics
Apparel/B08QV9QZSS.jpg,Apparel
Apparel/B07BXK1CQX.jpg,Apparel
Apparel/B0767Z8XJN.jpg,Apparel
Apparel/B0975Q9QSX.jpg,Apparel
Home/B09LTMM9B3.jpg,Home
Electronics/B000NPUIQ8.jpg,Electronics
Electronics/B075MSYVMR.jpg,Electronics
Home/B09KT38WYP.jpg,Home
Apparel/B017I2J2NI.jpg,Apparel
Electronics/B008I6ITME.jpg,Electronics
Home/B07THVK2PN.jpg,Home
Apparel/B0C3QPFYBK.jpg,Apparel
Electronics/B0768LVP31.jpg,Electronics
Electronics/B0148H3M8C.jpg,Electronics
Home/B077W25R31.jpg,Home
Electronics/B07YSX1ZKH.jpg,Electronics
Electronics/B01DS2Y92G.jpg,Electronics
Electronics/B08QJ1WVJ5.jpg,Electronics
Electronics/B07PQQNY6H.jpg,Electronics
Electronics/B07MWBVWRF.jpg,Electronics
Home/B007IATC8Q.jpg,Home
Electronics/B096WFDR87.jpg,Electronics
Home/B07HSXBK61.jpg,Home
Home/B0B9H5DB9Q.jpg,Home
Home/B0BV6NL4XQ.jpg,Home
Home/B07QST5NMQ.jpg,Home
Electronics/B013P6Y79K.jpg,Electronics
Electronics/B0777BGVGD.jpg,Electronics
Apparel/B09MFDPK6S.jpg,Apparel
Apparel/B091C5YMCM.jpg,Apparel
Apparel/B07MLYZSN1.jpg,Apparel
Apparel/B07DFRZYNV.jpg,Apparel
Electronics/B0C2HBGBLP.jpg,Electronics
Home/B00IN2AYSA.jpg,Home
Apparel/B08JKBLLZ7.jpg,Apparel
Home/B086MFLVSC.jpg,Home
Electronics/B08QMK4DH9.jpg,Electronics
Apparel/B0C23MBNP7.jpg,Apparel
Electronics/B08NG28GW8.jpg,Electronics
Home/B0BP6LKG8L.jpg,Home
Home/B0978QJGV1.jpg,Home
Home/B01EGJXX0E.jpg,Home
Apparel/B07G11LW9S.jpg,Apparel
Electronics/B01N5MK769.jpg,Electronics
Home/B071ZQGQK9.jpg,Home
Home/B06XY9TPYW.jpg,Home
Home/B0963791DF.jpg,Home
Electronics/B00SWBI5YM.jpg,Electronics
Apparel/B07QTH297P.jpg,Apparel
Home/B07DQGD335.jpg,Home
Home/B06Y5S8QYP.jpg,Home
Electronics/B07F1BZ31Z.jpg,Electronics
Home/B01NCLUGAX.jpg,Home
Home/B01MA66GT9.jpg,Home
Electronics/B0865N9R6X.jpg,Electronics
Home/B01A0SU8FI.jpg,Home
Apparel/B07F938R2F.jpg,Apparel
Apparel/B07XHJHGWZ.jpg,Apparel
Home/B0BMXH5W9V.jpg,Home
Electronics/B07J2V7TTH.jpg,Electronics
Electronics/B07GCTFGLR.jpg,Electronics
Electronics/B0778M33SB.jpg,Electronics
Electronics/B005DFP8GS.jpg,Electronics
Electronics/B09B9C3JTS.jpg,Electronics
Home/B07WPYQZX3.jpg,Home
Apparel/B00EVVB4XG.jpg,Apparel
Electronics/B072BGGG5W.jpg,Electronics
Home/B0BN7CRGRD.jpg,Home
Apparel/B0963YQB3M.jpg,Apparel
Apparel/B0148WED62.jpg,Apparel
Home/B09GLZX1X8.jpg,Home
Home/B072M98WD7.jpg,Home
Apparel/B017CXRDH0.jpg,Apparel
Electronics/B07VSZY5SL.jpg,Electronics
Home/B08GFSJ6DG.jpg,Home
Apparel/B07HFZZRPV.jpg,Apparel
Apparel/B08HZ4CY4W.jpg,Apparel
Apparel/B07QC5K5CW.jpg,Apparel
Electronics/B00MO7ZWD2.jpg,Electronics
Apparel/B09RZW16FN.jpg,Apparel
Apparel/B07M63XVG3.jpg,Apparel
Electronics/B09W7SJQW5.jpg,Electronics
Electronics/B09XFFD2C2.jpg,Electronics
Apparel/B00OWU9RG2.jpg,Apparel
Apparel/B071YVC14V.jpg,Apparel
Apparel/B07ZVS28CP.jpg,Apparel
Home/B00YQ4SYYU.jpg,Home
Apparel/B07W83VYHF.jpg,Apparel
Electronics/B07BFK771M.jpg,Electronics
Home/B09K2K9G6R.jpg,Home
Apparel/B071KVHD38.jpg,Apparel
Electronics/B08M9PCNR5.jpg,Electronics
Apparel/B078SJBZ4R.jpg,Apparel
Home/B07BLNDK59.jpg,Home
Electronics/B005X1O3IG.jpg,Electronics
Home/B09WZS9M2Z.jpg,Home
Apparel/B08T259B74.jpg,Apparel
Electronics/B002H9XRY8.jpg,Electronics
Home/B088BFMM6T.jpg,Home
Electronics/0743611098.jpg,Electronics
Home/B0BC8Q3CQ9.jpg,Home
Electronics/B0BPHT74RT.jpg,Electronics
Electronics/B00TNK2U2O.jpg,Electronics
Home/B08MDNGNK3.jpg,Home
Electronics/B01CYZRF56.jpg,Electronics
Home/B00FMCRLRG.jpg,Home
Electronics/B08GSFW1F7.jpg,Electronics
Home/B07YLJ7NR8.jpg,Home
Apparel/B07DVPCWJ2.jpg,Apparel
Apparel/B07RRNSPGS.jpg,Apparel
Electronics/B007LNSSJY.jpg,Electronics
Apparel/B07R889F93.jpg,Apparel
Electronics/B007NG4JB0.jpg,Electronics
Electronics/B00860J6PG.jpg,Electronics
Apparel/B00H86DCWM.jpg,Apparel
Home/B09C7Y1ZDC.jpg,Home
Electronics/B00L2UVEX4.jpg,Electronics
Home/B00A2VKEAI.jpg,Home
Home/B0BST3BXWB.jpg,Home
Electronics/B07D79VLJX.jpg,Electronics
Home/B074NVHPBZ.jpg,Home
Home/B07GHNHWD6.jpg,Home
Home/B07WTSR2HY.jpg,Home
Home/B07VP3GSZX.jpg,Home
Apparel/B09R4KLX3F.jpg,Apparel
Home/B07S9YSK6Z.jpg,Home
Apparel/B01ATZ5JMO.jpg,Apparel
Home/B0B28V79CT.jpg,Home
Apparel/B074KBYP4J.jpg,Apparel
Apparel/B01J0OIPLC.jpg,Apparel
Home/B00FHVOK1M.jpg,Home
Electronics/B0C89PD9NB.jpg,Electronics
Apparel/B08PCY3GCF.jpg,Apparel
Apparel/B01MQDTZEV.jpg,Apparel
Apparel/B076BZ7XPQ.jpg,Apparel
Electronics/B00IKMMF0I.jpg,Electronics
Home/B002YD8DXC.jpg,Home
Home/B08FDFVNWC.jpg,Home
Apparel/B08D91XL12.jpg,Apparel
Home/B074HDMPD9.jpg,Home
Home/B074MCPPVQ.jpg,Home
Apparel/B08BZNY9SZ.jpg,Apparel
Apparel/B07V9S5WDX.jpg,Apparel
Apparel/B091KBMKBD.jpg,Apparel
Home/B01HH7MTUC.jpg,Home
Apparel/B07CKXXGGM.jpg,Apparel
Apparel/B085LPSPZL.jpg,Apparel
Home/B09TTNW3GG.jpg,Home
Home/B00007IT3B.jpg,Home
Apparel/B08R8DR7ND.jpg,Apparel
Apparel/B07P13F66V.jpg,Apparel
Apparel/B01CPTXM62.jpg,Apparel
Home/B07MCL746P.jpg,Home
Electronics/B08G4F857G.jpg,Electronics
Apparel/B00KIT83NO.jpg,Apparel
Electronics/B08K75Z3HN.jpg,Electronics
Apparel/B07KB2CFQK.jpg,Apparel
Home/B001L5SXVG.jpg,Home
Apparel/B07YY8TMX2.jpg,Apparel
Apparel/B00S2YLT7E.jpg,Apparel
Electronics/B00VM3AEI2.jpg,Electronics
Home/B095PBZZ7Y.jpg,Home
Home/B074GZ9QJK.jpg,Home
Home/B0B27B5FY4.jpg,Home
Home/B09L7YTDPM.jpg,Home
Apparel/B01MR5BERS.jpg,Apparel
Home/B09V122ZZL.jpg,Home
Home/B0009Q2U08.jpg,Home
Apparel/B08LZKYQ4D.jpg,Apparel
Home/B014U4UYMK.jpg,Home
Apparel/B09NXPVCHX.jpg,Apparel
Apparel/B07G339558.jpg,Apparel
Electronics/B09XF5ZQ2D.jpg,Electronics
Home/B0BWHHCKFB.jpg,Home
Electronics/B07Z64BCK7.jpg,Electronics
Home/B07CL1NHBK.jpg,Home
Apparel/B06WP7G3RQ.jpg,Apparel
Home/B01LXSCEJN.jpg,Home
Electronics/B00QP61CA0.jpg,Electronics
Electronics/B00ILLJOUC.jpg,Electronics
Apparel/B0756ZDHD9.jpg,Apparel
Electronics/B09J1L83FC.jpg,Electronics
Apparel/B0886CFKT6.jpg,Apparel
Electronics/B00N63W6CS.jpg,Electronics
Apparel/B08PQ3MDDP.jpg,Apparel
Home/B07GWGLHK2.jpg,Home
Apparel/B09BVMDRHT.jpg,Apparel
Apparel/B0757G3C7Y.jpg,Apparel
Home/B08R68W754.jpg,Home
Home/B00J78A3K8.jpg,Home
Electronics/B07P9HRX9R.jpg,Electronics
Home/B07JJ5N5W6.jpg,Home
Home/B07Z1R8G5R.jpg,Home
Home/B01C2H003U.jpg,Home
Home/B00NLMG7D8.jpg,Home
Electronics/B08634H96K.jpg,Electronics
Home/B005GUA3GK.jpg,Home
Apparel/B07P5VFXFQ.jpg,Apparel
Electronics/B005LTWCKQ.jpg,Electronics
Home/B0BFDYTDFV.jpg,Home
Apparel/B017MU44P2.jpg,Apparel
Home/B003JZBANE.jpg,Home
Apparel/B07GSZT7KG.jpg,Apparel
Electronics/B08CY77579.jpg,Electronics
Home/B08HH1356Q.jpg,Home
Home/B09WVMDMZT.jpg,Home
Electronics/B00L0XTE6M.jpg,Electronics
Electronics/B09WTWM5SK.jpg,Electronics
Apparel/B088T4K3MZ.jpg,Apparel
Apparel/B07WTYN2MP.jpg,Apparel
Home/B004W8OXIG.jpg,Home
Apparel/B07CG3MKX4.jpg,Apparel
Apparel/B01NATVMUV.jpg,Apparel
Electronics/B0085VQ65E.jpg,Electronics
Electronics/B09ZP6DK26.jpg,Electronics
Home/B0881QL97Q.jpg,Home
Apparel/B01CJOIR22.jpg,Apparel
Apparel/B01CUFMZKU.jpg,Apparel
Home/B08K8FGKMY.jpg,Home
Home/B096G4H8RJ.jpg,Home
Apparel/B002LSHCH8.jpg,Apparel
Apparel/B07Q57B3MC.jpg,Apparel
Electronics/B09DBSNQSL.jpg,Electronics
Home/B00SL8AEFE.jpg,Home
Apparel/B07VFF8F2F.jpg,Apparel
Apparel/B07N5L4MZ1.jpg,Apparel
Home/B079FZ7V4M.jpg,Home
Home/B008SQALWA.jpg,Home
Electronics/B07JBYPYFR.jpg,Electronics
Home/B08LNTLN6V.jpg,Home
Electronics/B082X6QZVT.jpg,Electronics
Apparel/B017N740NK.jpg,Apparel
Home/B0C43M752Z.jpg,Home
Apparel/B07ZWC46FY.jpg,Apparel
Apparel/B01NAVJCSA.jpg,Apparel
Apparel/B016W1UGZE.jpg,Apparel
Home/B0742MKZCK.jpg,Home
Home/B091G1CNV2.jpg,Home
Electronics/B006SHN25Y.jpg,Electronics
Home/B078HYQJJK.jpg,Home
Apparel/B01N78YC21.jpg,Apparel
Electronics/B00U1PZUTK.jpg,Electronics
Electronics/B09QFZXJYF.jpg,Electronics
Apparel/B01NAH6S8B.jpg,Apparel
Electronics/B07MR92W3Z.jpg,Electronics
Apparel/B07PPVJR9W.jpg,Apparel
Home/B00JYSOWRG.jpg,Home
Home/B08R7BB8N6.jpg,Home
Electronics/B00U3Q5RN6.jpg,Electronics
Home/B093K9XDY5.jpg,Home
Apparel/B06XSKDJ9Y.jpg,Apparel
Apparel/B08NT79LQH.jpg,Apparel
Apparel/B01N4AUIY9.jpg,Apparel
Apparel/B076VKLX8Z.jpg,Apparel
Apparel/B0B1LLT7FQ.jpg,Apparel
Electronics/B07GQXXFBD.jpg,Electronics
Apparel/B07FCHJ589.jpg,Apparel
Electronics/B0BS8FCM3J.jpg,Electronics
Electronics/B07VQGZ9FQ.jpg,Electronics
Home/B008A5D4F0.jpg,Home
Home/B000KA4HLS.jpg,Home
Home/B006P5PTMI.jpg,Home
Home/B003JU7TFM.jpg,Home
Electronics/B07DM68RCV.jpg,Electronics
Home/B096VHR5WT.jpg,Home
Home/B0055FSOEE.jpg,Home
Apparel/B09B7F3X58.jpg,Apparel
Electronics/B0756P63YV.jpg,Electronics
Electronics/B07WNYVKWX.jpg,Electronics
Home/B07PGX419Y.jpg,Home
Apparel/B08P347RVB.jpg,Apparel
Apparel/B06XCM319T.jpg,Apparel
Electronics/B01NBN29E3.jpg,Electronics
Apparel/B093YXMC1L.jpg,Apparel
Home/B08SJ5BXRM.jpg,Home
Electronics/B07N79XB41.jpg,Electronics
Apparel/B073J7XF83.jpg,Apparel
Apparel/B01IEG1OGA.jpg,Apparel
Home/B0BK4G3LHK.jpg,Home
Home/B00NTC0MK4.jpg,Home
Electronics/B08FH9NRYM.jpg,Electronics
Electronics/B08KDFWZ58.jpg,Electronics
Electronics/B015NLBEI2.jpg,Electronics
Home/B019FHDAXW.jpg,Home
Electronics/B000A3WS16.jpg,Electronics
Electronics/B07FX458MC.jpg,Electronics
Home/B08DP3XTQB.jpg,Home
Apparel/B083R9YTFX.jpg,Apparel
Apparel/B017JOAQOY.jpg,Apparel
Home/B01BNRGL4C.jpg,Home
Apparel/B082TSZNWB.jpg,Apparel
Apparel/B07GKSCWN5.jpg,Apparel
Electronics/B09DFFRY3K.jpg,Electronics
Electronics/B0BS8JSP2F.jpg,Electronics
Apparel/B08JG384CL.jpg,Apparel
Electronics/B0998R96V9.jpg,Electronics
Apparel/B07HPBBP1Z.jpg,Apparel
Electronics/B088FVQ74G.jpg,Electronics
Home/B086ZGZ575.jpg,Home
Apparel/B07Y9MGRYG.jpg,Apparel
Electronics/B097QBLR6J.jpg,Electronics
Apparel/B06XWFSJ6C.jpg,Apparel
Electronics/B07G2X2ZT9.jpg,Electronics
Home/B07S22M28N.jpg,Home
Electronics/B075CSKH46.jpg,Electronics
Apparel/B01LXTYCGU.jpg,Apparel
Home/B004WEK2X0.jpg,Home
Apparel/B071JYTQLJ.jpg,Apparel
Home/B006OC46GM.jpg,Home
Electronics/B08PTC7Q1D.jpg,Electronics
Apparel/B07GDMFFCR.jpg,Apparel
Apparel/B0744KJXPB.jpg,Apparel
Home/B0882QV77X.jpg,Home
Apparel/B073J8SZTJ.jpg,Apparel
Electronics/B0001N7Q8K.jpg,Electronics
Electronics/B00C107LTU.jpg,Electronics
Apparel/B07RN4P8LK.jpg,Apparel
Home/B009ZFA3Q2.jpg,Home
Home/B084CWWC58.jpg,Home
Apparel/B01642SER8.jpg,Apparel
Apparel/B06VWHXHKQ.jpg,Apparel
Electronics/B01M1K13SP.jpg,Electronics
Apparel/B0035UF07K.jpg,Apparel
Electronics/B07R3QY1FT.jpg,Electronics
Home/B06XTR6L8X.jpg,Home
Apparel/B072HPVGK4.jpg,Apparel
Electronics/B06Y5TBPV8.jpg,Electronics
Apparel/B07XPMLQYJ.jpg,Apparel
Home/B08KHVNRS2.jpg,Home
Apparel/B072QKSTPY.jpg,Apparel
Apparel/B077TGW567.jpg,Apparel
Home/B07BPPBK94.jpg,Home
Apparel/B08B5ZSD6G.jpg,Apparel
Home/B08QW39G8H.jpg,Home
Home/B09KV6LYL3.jpg,Home
Electronics/B07YKYQC2B.jpg,Electronics
Electronics/B07QW2BPDV.jpg,Electronics
Electronics/B01IP76JCC.jpg,Electronics
Home/B00DF3B0GW.jpg,Home
Electronics/B00B6088W0.jpg,Electronics
Apparel/B086ZLKHS1.jpg,Apparel
Home/B07V5SVC42.jpg,Home
Home/B08SLP7CVT.jpg,Home
Electronics/B07PPXVY4N.jpg,Electronics
Electronics/B08G12MM5Q.jpg,Electronics
Apparel/B07CXRX635.jpg,Apparel
Apparel/B08XZ5GK2T.jpg,Apparel
Electronics/B018A2D9AM.jpg,Electronics
Electronics/B01HRZE4UC.jpg,Electronics
Home/B00W5DUWHQ.jpg,Home
Electronics/B00J75C7QO.jpg,Electronics
Apparel/B01DU0RU7M.jpg,Apparel
Home/B09176WZVK.jpg,Home
Home/B0182KLV5M.jpg,Home
Home/B095C843V9.jpg,Home
Electronics/B002668LES.jpg,Electronics
Electronics/B07HX1YNS6.jpg,Electronics
Apparel/B088BXSF3D.jpg,Apparel
Electronics/B07J56QVXK.jpg,Electronics
Apparel/B07VNMJGQF.jpg,Apparel
Electronics/B00YBCFQ0M.jpg,Electronics
Apparel/B08KGTL4B8.jpg,Apparel
Apparel/B014AXKOQM.jpg,Apparel
Home/B00BJX8INS.jpg,Home
Apparel/B00YWMQZBU.jpg,Apparel
Electronics/B078MQW6R1.jpg,Electronics
Electronics/B00NCYK61O.jpg,Electronics
Apparel/B07TDVHDVP.jpg,Apparel
Electronics/B01MQRBOVX.jpg,Electronics
Apparel/B07DLBB9L4.jpg,Apparel
Home/B007MPC58Q.jpg,Home
Apparel/B06ZZG759L.jpg,Apparel
Apparel/B06XPFCFJW.jpg,Apparel
Home/B0C5B8G8XX.jpg,Home
Home/B07GCXMKQW.jpg,Home
Apparel/B01LXWDY15.jpg,Apparel
Electronics/B0063JAUR0.jpg,Electronics
Apparel/B07Z3VRVJH.jpg,Apparel
Electronics/B08BWWH322.jpg,Electronics
Apparel/B09H5MTC3D.jpg,Apparel
Apparel/B01DFAKHTU.jpg,Apparel
Home/B07WPMQ6KP.jpg,Home
Electronics/B004G6L3S2.jpg,Electronics
Home/B07DP4N91B.jpg,Home
Electronics/B000FUKKOQ.jpg,Electronics
Home/B008TLFNCW.jpg,Home
Home/B096BK6SY3.jpg,Home
Apparel/B09Q8756JC.jpg,Apparel
Electronics/B006GYD0EC.jpg,Electronics
Apparel/B0186PBLFS.jpg,Apparel
Home/B077P8KPVZ.jpg,Home
Electronics/B01H8EB9ZK.jpg,Electronics
Apparel/B01B4RTZTO.jpg,Apparel
Electronics/B078J13J58.jpg,Electronics
Apparel/B09F72F6LR.jpg,Apparel
Electronics/B005WIBIAG.jpg,Electronics
Home/B001BZUB2A.jpg,Home
Electronics/B09TGCK1Y9.jpg,Electronics
Apparel/B003NTXIBI.jpg,Apparel
Apparel/B08PV2B3F3.jpg,Apparel
Electronics/B08LCNDVK2.jpg,Electronics
Home/B01EYH7SKY.jpg,Home
Electronics/B07KYFYX7L.jpg,Electronics
Electronics/B089GYM4B9.jpg,Electronics
Home/B09M9HQSMF.jpg,Home
Home/B07XPJMZ7N.jpg,Home
Apparel/B019SS1PI0.jpg,Apparel
Apparel/B08572LWYY.jpg,Apparel
Home/B08T251K5L.jpg,Home
Apparel/B08LPWL6CM.jpg,Apparel
Home/B08WBSPS43.jpg,Home
Electronics/B07V459MPT.jpg,Electronics
Home/B082VP3P3K.jpg,Home
Electronics/B09Y9JWGCC.jpg,Electronics
Apparel/B00JGBDQJ6.jpg,Apparel
Electronics/B0B2VN8V76.jpg,Electronics
Home/B00Z1PDYQG.jpg,Home
Home/B098PVPHZ3.jpg,Home
Apparel/B01K9Y28MO.jpg,Apparel
Home/B079451C75.jpg,Home
Home/B06WVR9QD9.jpg,Home
Apparel/B07CJ4GTRJ.jpg,Apparel
Home/B0052SYBYQ.jpg,Home
Electronics/B083TLT987.jpg,Electronics
Home/B082PMJSW9.jpg,Home
Home/B07X2ZQZ5D.jpg,Home
Home/B01G19DC4E.jpg,Home
Home/B000BTC8FK.jpg,Home
Apparel/B07VQYJCZ6.jpg,Apparel
Apparel/B01FLRSJQ8.jpg,Apparel
Electronics/B009DI6BQ2.jpg,Electronics
Home/B07FD8TMHC.jpg,Home
Electronics/B07PY2H3CP.jpg,Electronics
Electronics/B0978WDJK7.jpg,Electronics
Apparel/B01EFRQW1Y.jpg,Apparel
Home/B06XKD48FL.jpg,Home
Apparel/B01DXXXN90.jpg,Apparel
Electronics/B00UA2F0DA.jpg,Electronics
Home/B07XK1YSBV.jpg,Home
Home/B0881YYR9L.jpg,Home
Home/B09KGCHMSF.jpg,Home
Home/B07RM79K68.jpg,Home
Home/B0B881NBCM.jpg,Home
Electronics/B000M9OTJC.jpg,Electronics
Electronics/B0086F7DO2.jpg,Electronics
Electronics/B0054JE74W.jpg,Electronics
Electronics/B01NCX8AB9.jpg,Electronics
Apparel/B09MHKQJQJ.jpg,Apparel
Apparel/B00IGFWDU6.jpg,Apparel
Electronics/B00JXN9IP8.jpg,Electronics
Apparel/B01N0KH4RV.jpg,Apparel
Apparel/B07QWQRK1Z.jpg,Apparel
Home/B093BZQGQH.jpg,Home
Electronics/B07149V7YL.jpg,Electronics
Apparel/B012D7LAH4.jpg,Apparel
Electronics/B01LZYLRNB.jpg,Electronics
Home/B08GCYNPJ4.jpg,Home
Electronics/B0768RTY6D.jpg,Electronics
Apparel/B016VSKRPW.jpg,Apparel
Home/B07NJ7BKLT.jpg,Home
Electronics/B06XH8QSLL.jpg,Electronics
Apparel/B01LXO9I0O.jpg,Apparel
Home/B07KW24BY2.jpg,Home
Electronics/B07C14ZM17.jpg,Electronics
Home/B08KBJDQTF.jpg,Home
Home/B0B7BN8S66.jpg,Home
Apparel/B00QN8PYK4.jpg,Apparel
Apparel/B07FJJ9QTK.jpg,Apparel
Apparel/B00S5DDTFM.jpg,Apparel
Apparel/B017ATI2VM.jpg,Apparel
Home/B08FJ4NXV2.jpg,Home
Apparel/B07ZCS17KV.jpg,Apparel
Home/B0BG6T5MBX.jpg,Home
Home/B089SGBSP3.jpg,Home
Home/B086VSQND8.jpg,Home
Home/B08ZSZRRFJ.jpg,Home
Apparel/B08FRD8VWM.jpg,Apparel
Electronics/B089JY5J8J.jpg,Electronics
Home/B01N5DIBSR.jpg,Home
Home/B07W7VNDQP.jpg,Home
Apparel/B07SGJWLRM.jpg,Apparel
Apparel/B01IC1RT5C.jpg,Apparel
Apparel/B01MQQQUUQ.jpg,Apparel
Apparel/B0149JUMTG.jpg,Apparel
Electronics/B08661XC5W.jpg,Electronics
Apparel/B08QS1QYMK.jpg,Apparel
Apparel/B07X92Q2LR.jpg,Apparel
Home/B07CP59RWP.jpg,Home
Home/B08PVSW13R.jpg,Home
Electronics/B001NP90E8.jpg,Electronics
Electronics/B07L3NTHM3.jpg,Electronics
Apparel/B07L866NR6.jpg,Apparel
Home/B00RIPYJ5W.jpg,Home
Electronics/B098Q7QFZC.jpg,Electronics
Apparel/B08DSK1Q95.jpg,Apparel
Home/B01N0A8NY0.jpg,Home
Electronics/B00WF9C6H4.jpg,Electronics
Electronics/B07GQJ61QC.jpg,Electronics
Electronics/B07KWWYKJH.jpg,Electronics
Electronics/B01DDHPQYQ.jpg,Electronics
Electronics/B0009LPNBQ.jpg,Electronics
Home/B07HBTS17W.jpg,Home
Home/B07RYSZ2PY.jpg,Home
Home/B0B31B8WRS.jpg,Home
Home/B07L24KKBB.jpg,Home
Home/B07M84GKSY.jpg,Home
Apparel/B001N7U6ZI.jpg,Apparel
Apparel/B07MSDSTDJ.jpg,Apparel
Apparel/B00A0S948Q.jpg,Apparel
Home/B087D7VWR9.jpg,Home
Home/B0166HU2XU.jpg,Home
Home/B07H5K2B9S.jpg,Home
Home/B0BJ2GRDCW.jpg,Home
Electronics/B09CPGFCVB.jpg,Electronics
Electronics/B094Y1GLQC.jpg,Electronics
Apparel/B091KV3JC6.jpg,Apparel
Electronics/B01G94JPMO.jpg,Electronics
Electronics/B073WVFXLZ.jpg,Electronics
Home/B08GSGLYDP.jpg,Home
Electronics/B006LWAJHU.jpg,Electronics
Home/B06XQCY3TD.jpg,Home
Electronics/B08VDXD948.jpg,Electronics
Apparel/B07H2Q42F9.jpg,Apparel
Home/B07TMPWQ6B.jpg,Home
Electronics/B01HDM7BWM.jpg,Electronics
Electronics/B0BZB56D2J.jpg,Electronics
Electronics/B01JN4B1B0.jpg,Electronics
Home/B08WMYQ8WV.jpg,Home
Apparel/B07BDMG3PK.jpg,Apparel
Home/B082FK1VK9.jpg,Home
Apparel/B08J3QG8YB.jpg,Apparel
Home/B08R9Q14QW.jpg,Home
Home/B001NGO27M.jpg,Home
Home/B082XLGD3B.jpg,Home
Home/B08MTC7Y88.jpg,Home
Home/B08W4YKQM9.jpg,Home
Apparel/B01DWFL8G4.jpg,Apparel
Home/B08ZC8BDN4.jpg,Home
Home/B00KG0LFNA.jpg,Home
Electronics/B002TV3IU2.jpg,Electronics
Apparel/B077K8JX26.jpg,Apparel
Apparel/B06XYBWZMG.jpg,Apparel
Home/B00U1MWPPA.jpg,Home
Apparel/B00GO70EWW.jpg,Apparel
Home/B08148Z3RS.jpg,Home
Home/B0BCHPGDVB.jpg,Home
Electronics/B07CNTGLFY.jpg,Electronics
Electronics/B094HZH5TT.jpg,Electronics
Electronics/B07S1C2G4L.jpg,Electronics
Home/B091XTBX29.jpg,Home
Electronics/B0746G1JQH.jpg,Electronics
Apparel/B00C6CN1MO.jpg,Apparel
Apparel/B0791XP6PK.jpg,Apparel
Electronics/B09JNMBC9V.jpg,Electronics
Home/B075KKK133.jpg,Home
Apparel/B07VVPT1YW.jpg,Apparel
Electronics/B01I9137RY.jpg,Electronics
Home/B08P1P2BWR.jpg,Home
Electronics/B0BNT4Q9ZR.jpg,Electronics
Electronics/B01JI4KH4W.jpg,Electronics
Electronics/B09PFJD43K.jpg,Electronics
Home/B00ESMG7PS.jpg,Home
Electronics/B00BXOX8II.jpg,Electronics
Electronics/B06XFVGW2C.jpg,Electronics
Apparel/B00YB2KWL0.jpg,Apparel
Electronics/B093BVJNDJ.jpg,Electronics
Electronics/B00NFSPZLS.jpg,Electronics
Home/B07C2YH1TK.jpg,Home
Electronics/B0044V73SI.jpg,Electronics
Apparel/B07NQRBYRT.jpg,Apparel
Apparel/B01MYTNQNF.jpg,Apparel
Electronics/B008L143VW.jpg,Electronics
Electronics/B0083EAUSW.jpg,Electronics
Electronics/B01FLKLW6Y.jpg,Electronics
Electronics/B08GX4S6GS.jpg,Electronics
Electronics/B009WQPHJM.jpg,Electronics
Electronics/B00O12MH1S.jpg,Electronics
Apparel/B084BPB4F9.jpg,Apparel
Home/B07WVD818L.jpg,Home
Electronics/B0038A9HSK.jpg,Electronics
Home/B0C2CKP4DC.jpg,Home
Home/B01A89WWX0.jpg,Home
Apparel/B07JHW6CK5.jpg,Apparel
Home/B098Q2WJ1M.jpg,Home
Home/B00N9B1C0E.jpg,Home
Electronics/B009OSH1Q0.jpg,Electronics
Home/B075M8NTRX.jpg,Home
Apparel/B083LFLY9M.jpg,Apparel
Home/B07Y68DBQV.jpg,Home
Electronics/B083DQDSXZ.jpg,Electronics
Electronics/B01CCQI6C8.jpg,Electronics
Home/B014ERVC6A.jpg,Home
Apparel/B00NSIUOOS.jpg,Apparel
Home/B085HG44Z6.jpg,Home
Apparel/B016I7TWIY.jpg,Apparel
Home/B08F22J2XZ.jpg,Home
Electronics/B017UDOY6U.jpg,Electronics
Apparel/B07X43GJ1L.jpg,Apparel
Home/B00RYAZ3Q0.jpg,Home
Electronics/B07M79GFJX.jpg,Electronics
Home/B0026S0NFQ.jpg,Home
Electronics/B01BM8G3UY.jpg,Electronics
Home/B0BQLTHT3Y.jpg,Home
Electronics/B0036PWZK4.jpg,Electronics
Electronics/B00U6OU1NG.jpg,Electronics
Home/B097JW6HCD.jpg,Home
Apparel/B07KPW3TKZ.jpg,Apparel
Home/B081QCRCJ4.jpg,Home
Apparel/B081TPNS6K.jpg,Apparel
Apparel/B08Y6N989R.jpg,Apparel
Electronics/B06XD2V3Q2.jpg,Electronics
Home/B09Q1F2WD4.jpg,Home
Electronics/B07VBCL183.jpg,Electronics
Electronics/B01CVYNMHU.jpg,Electronics
Electronics/B00005042X.jpg,Electronics
Electronics/B010CMC7FQ.jpg,Electronics
Apparel/B07MK15ZSL.jpg,Apparel
Electronics/B000SATCUQ.jpg,Electronics
Home/B08TPN7X3D.jpg,Home
Electronics/B00LI4L1LO.jpg,Electronics
Apparel/B00V8C5QMQ.jpg,Apparel
Apparel/B08PFD89ZG.jpg,Apparel
Apparel/B01M7ORT5M.jpg,Apparel
Electronics/B006U5EXZM.jpg,Electronics
Home/B002AKJY7I.jpg,Home
Electronics/B00000J05J.jpg,Electronics
Apparel/B00THF21OW.jpg,Apparel
Home/B00K778OZ4.jpg,Home
Electronics/B0BLVKJQ7R.jpg,Electronics
Home/B0BSMKFFNT.jpg,Home
Electronics/B01E4YXGMG.jpg,Electronics
Home/B07PY1HK49.jpg,Home
Home/B00NAHST6W.jpg,Home
Home/B08Q81JF4K.jpg,Home
Electronics/B08L4W66VK.jpg,Electronics
Home/B00QPOOAEC.jpg,Home
Electronics/B003MVZ8LU.jpg,Electronics
Electronics/B09L7VBQMM.jpg,Electronics
Electronics/B099PKJD22.jpg,Electronics
Home/B08R6WNPJT.jpg,Home
Apparel/B09K3BTP9R.jpg,Apparel
Apparel/B07G76P232.jpg,Apparel
Apparel/B07XRKL52P.jpg,Apparel
Home/B08LNJWFF1.jpg,Home
Home/B0855QY9GC.jpg,Home
Electronics/B0B147W24M.jpg,Electronics
Apparel/B07D5L9SSP.jpg,Apparel
Home/B01BFK7M8Q.jpg,Home
Home/B00DQLZ33E.jpg,Home
Apparel/B09V7S11YL.jpg,Apparel
Electronics/B093L3SZ6D.jpg,Electronics
Electronics/B0094IXRF4.jpg,Electronics
Electronics/B00R8JNCTM.jpg,Electronics
Electronics/B08H2C1BMZ.jpg,Electronics
Apparel/B01ALB66LO.jpg,Apparel
Electronics/B077JGXKTM.jpg,Electronics
Apparel/B074SY4VVV.jpg,Apparel
Electronics/B008EX8N7C.jpg,Electronics
Electronics/B0B8CD7HZC.jpg,Electronics
Electronics/B09SLML2SJ.jpg,Electronics
Apparel/B08DKP413H.jpg,Apparel
Apparel/B07WT26JW3.jpg,Apparel
Apparel/B0090QFLB8.jpg,Apparel
Electronics/B0BVRCSJJ6.jpg,Electronics
Electronics/B0076ZA62Y.jpg,Electronics
Home/B079LYPMNC.jpg,Home
Apparel/B00U8PBF9C.jpg,Apparel
Electronics/B075SG9425.jpg,Electronics
Electronics/B07P739WZ5.jpg,Electronics
Apparel/B06XX26LK1.jpg,Apparel
Apparel/B01MSCZP4T.jpg,Apparel
Electronics/B00937DI2I.jpg,Electronics
Electronics/B06W56TS7F.jpg,Electronics
Electronics/B01IEOBN90.jpg,Electronics
Apparel/B08XQF26V2.jpg,Apparel
Apparel/B0BL6PDR5G.jpg,Apparel
Apparel/B076C9RV62.jpg,Apparel
Home/B0BK4R2NYZ.jpg,Home
Electronics/B07DMSKMQ8.jpg,Electronics
Apparel/B08YPB4867.jpg,Apparel
Electronics/B07B9TLP53.jpg,Electronics
Electronics/B0179FIA14.jpg,Electronics
Electronics/B08CKK5YVB.jpg,Electronics
Home/B09VKZGDXY.jpg,Home
Home/B00006IZYJ.jpg,Home
Electronics/B074X2PQQT.jpg,Electronics
Home/B07YD7XHXJ.jpg,Home
Electronics/B07T546KKV.jpg,Electronics
Home/B0C3QGTC1P.jpg,Home
Electronics/B01N7ZBJQ1.jpg,Electronics
Apparel/B07GB1BYLB.jpg,Apparel
Electronics/B08KT94V3D.jpg,Electronics
Home/B00U1SGO1A.jpg,Home
Electronics/B07MV6HYS7.jpg,Electronics
Apparel/B07CSL3M3P.jpg,Apparel
Home/B01H7N6GCI.jpg,Home
Home/B09H72D2R7.jpg,Home
Apparel/B01DR0FOBY.jpg,Apparel
Apparel/B07KWVZPCR.jpg,Apparel
Home/B08PV53VC7.jpg,Home
Apparel/B07TC5R1BH.jpg,Apparel
Apparel/B016UJE1V8.jpg,Apparel
Electronics/B07S9YJLB7.jpg,Electronics
Apparel/B07D8X937V.jpg,Apparel
Apparel/B0B6C4XH49.jpg,Apparel
Apparel/B06XPP1ML9.jpg,Apparel
Electronics/B00DP82DAY.jpg,Electronics
Electronics/B00852YRAE.jpg,Electronics
Home/B09Q8MWFZJ.jpg,Home
Electronics/B0BZ7C2S8F.jpg,Electronics
Apparel/B07G6ZPKHW.jpg,Apparel
Apparel/B08TZNYCHV.jpg,Apparel
Electronics/B01M66RCVO.jpg,Electronics
Apparel/B018HVAHL0.jpg,Apparel
Apparel/B0757LFVHF.jpg,Apparel
Apparel/B098F5JLR6.jpg,Apparel
Electronics/B01JR9MET4.jpg,Electronics
Electronics/B008OJKRDE.jpg,Electronics
Electronics/B00BCA41D4.jpg,Electronics
Apparel/B07YN2MHKW.jpg,Apparel
Electronics/B00F2NLVS0.jpg,Electronics
Apparel/B08MZTV72D.jpg,Apparel
Apparel/B08RS7FGY8.jpg,Apparel
Home/B07WK5SFJ7.jpg,Home
Electronics/B01LDI6I80.jpg,Electronics
Electronics/B01M9CU0MW.jpg,Electronics
Electronics/B00BYOEH6O.jpg,Electronics
Apparel/B08M2961QY.jpg,Apparel
Home/B08JGVSK78.jpg,Home
Electronics/B0BG2HNZJQ.jpg,Electronics
Electronics/B09NKGQLLH.jpg,Electronics
Electronics/B08J436CVY.jpg,Electronics
Home/B0BZM9M2VC.jpg,Home
Home/B00C7WSTP2.jpg,Home
Apparel/B075R72HV4.jpg,Apparel
Apparel/B01MA2WEU0.jpg,Apparel
Home/B085JP278Q.jpg,Home
Apparel/B09RSRV3MR.jpg,Apparel
Electronics/B00S59OU0E.jpg,Electronics
Electronics/B00EAA3K7Q.jpg,Electronics
Electronics/B0851SVXBP.jpg,Electronics
Home/B0751GJQZH.jpg,Home
Apparel/B06XC7QC78.jpg,Apparel
Home/B00NX9G7YI.jpg,Home
Home/B08176RR99.jpg,Home
Home/B01LWJIHIK.jpg,Home
Electronics/B00R3V8524.jpg,Electronics
Home/B07NB29511.jpg,Home
Home/B0C4FH4RD3.jpg,Home
Electronics/B082Q4G3SM.jpg,Electronics
Electronics/B00IJ2E05C.jpg,Electronics
Home/B000RH8EE0.jpg,Home
Home/B00IXZAQ8K.jpg,Home
Home/B0BSR5DLFJ.jpg,Home
Apparel/B07L9ZRFK7.jpg,Apparel
Electronics/B0C7MLSC6G.jpg,Electronics
Apparel/B07TD5CHR8.jpg,Apparel
Electronics/B07H7TL2FZ.jpg,Electronics
Electronics/B075T9HQWV.jpg,Electronics
Home/B07S475D5Q.jpg,Home
Electronics/B07CTGBVS7.jpg,Electronics
Electronics/B0B8L2RPLV.jpg,Electronics
Home/B00BSGLV8K.jpg,Home
Electronics/B07FMQ62KJ.jpg,Electronics
Apparel/B01N5WR0IF.jpg,Apparel
Home/B071FZGHFW.jpg,Home
Apparel/B07RF9P4K7.jpg,Apparel
Apparel/B082VV1Q6V.jpg,Apparel
Apparel/B06XK8QLG1.jpg,Apparel
Apparel/B08L5TVMZN.jpg,Apparel
Apparel/B00FQ234DW.jpg,Apparel
Home/B08DH9MMV1.jpg,Home
Home/B07ZDG7FNF.jpg,Home
Home/B07WF61RVC.jpg,Home
Electronics/B00403M8XA.jpg,Electronics
Electronics/B00PY5PLBO.jpg,Electronics
Apparel/B07V1G64HD.jpg,Apparel
Apparel/B013FAFI5I.jpg,Apparel
Electronics/B07M5DMYKY.jpg,Electronics
Electronics/B075SS4J2T.jpg,Electronics
Electronics/B00ORLSEG0.jpg,Electronics
Apparel/B08GWKWTG9.jpg,Apparel
Home/B00C9C81YE.jpg,Home
Electronics/B073QNDQDJ.jpg,Electronics
Home/B078XR1G1W.jpg,Home
Apparel/B00LMTS74E.jpg,Apparel
Electronics/B0BQ1Y4KQZ.jpg,Electronics
Apparel/B07PWLQP3H.jpg,Apparel
Apparel/B01GEV9LEY.jpg,Apparel
Apparel/B092D3JL6C.jpg,Apparel
Electronics/B089219N6Q.jpg,Electronics
Apparel/B00IHXQLM8.jpg,Apparel
Electronics/B01310NWFK.jpg,Electronics
Home/B07DNJVYT6.jpg,Home
Apparel/B01B0TN48Y.jpg,Apparel
Electronics/B0C6MYBPCX.jpg,Electronics
Home/B077JMB9P6.jpg,Home
Apparel/B00OZ4MY2E.jpg,Apparel
Electronics/B01CQG7S3M.jpg,Electronics
Apparel/B07R7Q69Z6.jpg,Apparel
Apparel/B07H6DDQDC.jpg,Apparel
Apparel/B095SP5R1R.jpg,Apparel
Home/B07C73WPRN.jpg,Home
Apparel/B06ZYMP2HD.jpg,Apparel
Electronics/B0BRX953FD.jpg,Electronics
Electronics/B096FGNNZZ.jpg,Electronics
Apparel/B08T9KC526.jpg,Apparel
Home/B00LSV4RCM.jpg,Home
Electronics/B07GRDVPL8.jpg,Electronics
Home/B00WHC7IH2.jpg,Home
Home/B07H5TX884.jpg,Home
Apparel/B07CTLTKCS.jpg,Apparel
Home/B09SKJNWNK.jpg,Home
Apparel/B08KHPQMX6.jpg,Apparel
Home/B01IR44LRS.jpg,Home
Home/B000X9NKQO.jpg,Home
Apparel/B07DVG8LRQ.jpg,Apparel
Home/B01KOF24G8.jpg,Home
Apparel/B07HCL5GRR.jpg,Apparel
Home/B07TTR9V4Y.jpg,Home
Electronics/B09FDBZ2M5.jpg,Electronics
Apparel/B01MA4XRU9.jpg,Apparel
Apparel/B01N0WEWEO.jpg,Apparel
Electronics/B074SVX9R7.jpg,Electronics
Home/B01KUAN2Z4.jpg,Home
Apparel/B007XWN096.jpg,Apparel
Electronics/B075G5BVY1.jpg,Electronics
Electronics/B07WTSJCPP.jpg,Electronics
Home/B0029ZAP8G.jpg,Home
Electronics/B00XR4AY6G.jpg,Electronics
Home/B074YZXXH6.jpg,Home
Electronics/B06XH75MMC.jpg,Electronics
Apparel/B076BDJ1T9.jpg,Apparel
Apparel/B09XQXFMTL.jpg,Apparel
Home/B07BVQ6B4L.jpg,Home
Home/B07V5X9Z6R.jpg,Home
Apparel/B07R7N4LYC.jpg,Apparel
Apparel/B00VI91Q78.jpg,Apparel
Apparel/B01A583VYS.jpg,Apparel
Home/B089LX968W.jpg,Home
Electronics/B07GF6F9J9.jpg,Electronics
Electronics/B09FLM3L51.jpg,Electronics
Apparel/B07LHKFPDY.jpg,Apparel
Home/B0BWYHT2XT.jpg,Home
Apparel/B01LYSNFDV.jpg,Apparel
Home/B06Y47H423.jpg,Home
Apparel/B00UVXKJNY.jpg,Apparel
Apparel/B01ATOIXNM.jpg,Apparel
Home/B015LC0FC4.jpg,Home
Electronics/3836523094.jpg,Electronics
Electronics/B00TJR4LGY.jpg,Electronics
Home/B01B2X7QN2.jpg,Home
Home/B075R5N892.jpg,Home
Apparel/B01MYMKDDM.jpg,Apparel
Home/B08DFYK2X7.jpg,Home
Electronics/B07V2JLFLS.jpg,Electronics
Apparel/B0731FZ4XK.jpg,Apparel
Electronics/B0096SDEP0.jpg,Electronics
Apparel/B0721TJ141.jpg,Apparel
Home/B097GW4SBC.jpg,Home
Home/B000TAW78E.jpg,Home
Electronics/B07BCC97RB.jpg,Electronics
Electronics/B01BXG0PSG.jpg,Electronics
Apparel/B077DXSX3V.jpg,Apparel
Electronics/B0BPY84R7W.jpg,Electronics
Home/B07W77ZW74.jpg,Home
Apparel/B08VJ846ZR.jpg,Apparel
Home/B08HVD294P.jpg,Home
Home/B0C73KH2HD.jpg,Home
Home/B09NB13R9T.jpg,Home
Home/B08JV2YWPP.jpg,Home
Home/B003O5GHJQ.jpg,Home
Electronics/B07VRN8M61.jpg,Electronics
Home/B07J5X6X6T.jpg,Home
Electronics/B09M76GG88.jpg,Electronics
Home/B07G1ZRFNL.jpg,Home
Home/B07XQS3PK2.jpg,Home
Home/B0BY2BVNSN.jpg,Home
Home/B07BRKH4Y8.jpg,Home
Home/B08CXQ3PW6.jpg,Home
Electronics/B00H1EFWA6.jpg,Electronics
Apparel/B07CN2Y9YZ.jpg,Apparel
Home/B00OUT4HI8.jpg,Home
Home/B00ET10PVA.jpg,Home
Apparel/B07MLF9CW4.jpg,Apparel
Home/B075Z862WD.jpg,Home
Electronics/B008MA4XOY.jpg,Electronics
Apparel/B098THQMG2.jpg,Apparel
Apparel/B075N5PLZF.jpg,Apparel
Home/B08CVJGKNY.jpg,Home
Apparel/B0921QCSRG.jpg,Apparel
Home/B01E4RUDJ2.jpg,Home
Electronics/B087Z6F5HC.jpg,Electronics
Home/B0868MK269.jpg,Home
Home/B07GZFFHMN.jpg,Home
Home/B08PVR5FWR.jpg,Home
Apparel/B07FFNKZ8J.jpg,Apparel
Home/B07KMJHT6Z.jpg,Home
Apparel/B0722VKWNX.jpg,Apparel
Electronics/B09JNJFVVY.jpg,Electronics
Home/B005EIWU1A.jpg,Home
Electronics/B08G1HFWDT.jpg,Electronics
Electronics/B00K7SFF3C.jpg,Electronics
Electronics/B005HGUUVG.jpg,Electronics
Home/B01KY9RVRQ.jpg,Home
Apparel/B083Y2JFLF.jpg,Apparel
Home/B06X6K2F5Y.jpg,Home
Apparel/B07D6JG6MQ.jpg,Apparel
Electronics/B08ZNP95TH.jpg,Electronics
Apparel/B01E5EXG9I.jpg,Apparel
Home/B00TK0TE0I.jpg,Home
Apparel/B07VXLY7J7.jpg,Apparel
Home/B06WRWTDVY.jpg,Home
Apparel/B094HBTYWY.jpg,Apparel
Home/B00J7U8ESO.jpg,Home
Apparel/B01LCLK6V8.jpg,Apparel
Home/B07H1V459D.jpg,Home
Home/B000R4OCLC.jpg,Home
Home/B0BGMB379S.jpg,Home
Home/B08GLQSS2D.jpg,Home
Home/B0BHQJYC4Y.jpg,Home
Electronics/B07N76GNTH.jpg,Electronics
Electronics/B086QLBXDS.jpg,Electronics
Apparel/B00PKO5SIK.jpg,Apparel
Home/B08YFKVT99.jpg,Home
Home/B0B3TD2LG4.jpg,Home
Apparel/B07MZFLBT3.jpg,Apparel
Home/B07ST5LN8H.jpg,Home
Electronics/B00206WJ42.jpg,Electronics
Home/B07C8FMV86.jpg,Home
Electronics/B00WW8XL4K.jpg,Electronics
Electronics/B006JP0IWU.jpg,Electronics
Electronics/B078GSH1LV.jpg,Electronics
Home/B0919JJGRW.jpg,Home
Apparel/B08GYG5L55.jpg,Apparel
Home/B07CLHT2FL.jpg,Home
Apparel/B013S9GS32.jpg,Apparel
Apparel/B08X4K9NV1.jpg,Apparel
Electronics/B07KF3441Y.jpg,Electronics
Home/B07PRWP6HX.jpg,Home
Home/B07VJXL6VM.jpg,Home
Home/B07LB4BCPR.jpg,Home
Electronics/B00NRE1OTW.jpg,Electronics
Electronics/B00A743A06.jpg,Electronics
Home/B0C2VKTG5L.jpg,Home
Apparel/B07KFBFRZ4.jpg,Apparel
Electronics/B00KUR0O0Y.jpg,Electronics
Electronics/B0114FSHPE.jpg,Electronics
Apparel/B004UMS9M0.jpg,Apparel
Home/B07C9RF14Y.jpg,Home
Electronics/B001DI1LBK.jpg,Electronics
Home/B0C1ZLRF31.jpg,Home
Electronics/B01BNSHIT8.jpg,Electronics
Electronics/B082SLC8ZR.jpg,Electronics
Electronics/B01CJDKPOG.jpg,Electronics
Apparel/B07G8D8CQY.jpg,Apparel
Apparel/B07GT9XF3Q.jpg,Apparel
Apparel/B089NJY4WQ.jpg,Apparel
Electronics/B005AXJHCE.jpg,Electronics
Home/B09MSP7NJH.jpg,Home
Electronics/B07PRMJ6QS.jpg,Electronics
Apparel/B07QL579CW.jpg,Apparel
Home/B08FMN43XP.jpg,Home
Home/B0BPSC3T2C.jpg,Home
Electronics/B01A94MV8A.jpg,Electronics
Home/B0B8D7BP44.jpg,Home
Home/B00440CY4M.jpg,Home
Electronics/B082YTDPHD.jpg,Electronics
Electronics/B01NATYJ13.jpg,Electronics
Apparel/B0753M2NZJ.jpg,Apparel
Home/B07NTS6MZ9.jpg,Home
Apparel/B0917MS5YQ.jpg,Apparel
Apparel/B08L7VBT5G.jpg,Apparel
Apparel/B015K4BB8U.jpg,Apparel
Electronics/B00IMKAV9A.jpg,Electronics
Electronics/B00PDHYBXC.jpg,Electronics
Home/B076GRQDLZ.jpg,Home
Electronics/B00B0RRIJ8.jpg,Electronics
Home/B000UXRBO0.jpg,Home
Apparel/B08C587R4M.jpg,Apparel
Home/B00E59X95U.jpg,Home
Apparel/B081HXFWN9.jpg,Apparel
Home/B06ZZ1CWRT.jpg,Home
Apparel/B07J447SSX.jpg,Apparel
Electronics/B001GEVUQC.jpg,Electronics
Home/B09V7VHRRT.jpg,Home
Electronics/B06W57H74V.jpg,Electronics
Electronics/B001NFE6QU.jpg,Electronics
Electronics/B003FSR7QO.jpg,Electronics
Apparel/B00JE63RW4.jpg,Apparel
Home/B085DJVXNR.jpg,Home
Apparel/B01B96NVJA.jpg,Apparel
Apparel/B00OH0QA1C.jpg,Apparel
Apparel/B07GXHNQN1.jpg,Apparel
Electronics/B075QGN74D.jpg,Electronics
Apparel/B00SMCECBG.jpg,Apparel
Home/B073VYQ7SN.jpg,Home
Electronics/B07Q4CYCTC.jpg,Electronics
Apparel/B07JLW9T6Y.jpg,Apparel
Electronics/B06X9C5LQL.jpg,Electronics
Electronics/B000F4YZW0.jpg,Electronics
Electronics/B01IMSCNII.jpg,Electronics
Electronics/B004ZL2OB8.jpg,Electronics
Electronics/B00CR9Q6P0.jpg,Electronics
Electronics/B00JDYW4VM.jpg,Electronics
Electronics/B09T5KL86Z.jpg,Electronics
Home/B08ZS8RV5P.jpg,Home
Electronics/B000QRAPLQ.jpg,Electronics
Home/B0BNJYH1W5.jpg,Home
Apparel/B072V5NB3C.jpg,Apparel
Electronics/B082NHK9ZQ.jpg,Electronics
Electronics/B0B4K1GMLF.jpg,Electronics
Apparel/B075QCM48Z.jpg,Apparel
Home/B0927Y778R.jpg,Home
Electronics/B09BR5HHKQ.jpg,Electronics
Electronics/B00BBDIK5C.jpg,Electronics
Electronics/B00I2YLDPW.jpg,Electronics
Electronics/B09572WY5J.jpg,Electronics
Home/B01C4EKTTQ.jpg,Home
Apparel/B08NP7F8XF.jpg,Apparel
Apparel/B09M9NWRW2.jpg,Apparel
Home/B09C659R74.jpg,Home
Home/B00H318768.jpg,Home
Apparel/B01IB2I44M.jpg,Apparel
Apparel/B071CMSGRH.jpg,Apparel
Electronics/B00795LZZI.jpg,Electronics
Electronics/B002YK4IES.jpg,Electronics
Apparel/B09FQFJ9MN.jpg,Apparel
Electronics/B085WXGMWG.jpg,Electronics
Home/B0BVZ45KJ6.jpg,Home
Home/B0BJ73Q254.jpg,Home
Apparel/B01D5JPN8Q.jpg,Apparel
Electronics/B01D9FO6BG.jpg,Electronics
Apparel/B01LL0HBSQ.jpg,Apparel
Electronics/B0BVFQSVJQ.jpg,Electronics
Apparel/B092W6K6CH.jpg,Apparel
Home/B002H34FKE.jpg,Home
Home/B0027Y7ZBE.jpg,Home
Electronics/B01JTDCOCU.jpg,Electronics
Electronics/B01MFFRNY3.jpg,Electronics
Home/B0BP1VKG3L.jpg,Home
Electronics/B07YVRGSZ6.jpg,Electronics
Home/B003R2HJPW.jpg,Home
Electronics/B008ZVEA2A.jpg,Electronics
Apparel/B07S4MFCQK.jpg,Apparel
Electronics/B081GHGJLJ.jpg,Electronics
Home/B08WPVWYGY.jpg,Home
Electronics/B07RLLJ96C.jpg,Electronics
Home/B08CPDRBZL.jpg,Home
Home/B01M9EIKH5.jpg,Home
Electronics/B075ZLFG65.jpg,Electronics
Home/B01LWOJE4F.jpg,Home
Home/B000FUXC1Y.jpg,Home
Home/B01C4568W2.jpg,Home
Apparel/B07PKQ97Y1.jpg,Apparel
Electronics/B008XG1N7C.jpg,Electronics
Apparel/B07Y2TGC6J.jpg,Apparel
Apparel/B08CRG6LWS.jpg,Apparel
Home/B0BFWY7X9L.jpg,Home
Home/B00IT5AV7A.jpg,Home
Apparel/B089993MVW.jpg,Apparel
Electronics/B06XPQ31YC.jpg,Electronics
Electronics/B00AFMI2JE.jpg,Electronics
Home/B08BZY333P.jpg,Home
Home/B01BIDQQR8.jpg,Home
Apparel/B07ZFWHTPJ.jpg,Apparel
Home/B071L7YL5F.jpg,Home
Home/B08D6Y428F.jpg,Home
Apparel/B07WJ7XLB8.jpg,Apparel
Apparel/B076GKFSLC.jpg,Apparel
Apparel/B072R1N482.jpg,Apparel
Home/B093PN4KPR.jpg,Home
Home/B0BG5J6848.jpg,Home
Electronics/B00HZS33U4.jpg,Electronics
Apparel/B01A6BU8LS.jpg,Apparel
Electronics/B09B69DT2J.jpg,Electronics
Home/B06XFKB2VV.jpg,Home
Home/B06XCYTQM7.jpg,Home
Apparel/B09J8784NB.jpg,Apparel
Electronics/B014FDK6IS.jpg,Electronics
Home/B00NPO7MQS.jpg,Home
Electronics/B00PFOAQMI.jpg,Electronics
Electronics/B0001U6RMO.jpg,Electronics
Home/B0895GTYHB.jpg,Home
Home/B0182NGX9I.jpg,Home
Home/B0B5KF9XH5.jpg,Home
Apparel/B08DXPRP2Y.jpg,Apparel
Electronics/B00B8XRNX0.jpg,Electronics
Electronics/B074J7K3ZW.jpg,Electronics
Apparel/B07HQHS5W9.jpg,Apparel
Apparel/B0723D7BYQ.jpg,Apparel
Home/B08T9VKNRY.jpg,Home
Apparel/B06XNQWRY6.jpg,Apparel
Home/B09WR1DX2L.jpg,Home
Electronics/B004FP1730.jpg,Electronics
Electronics/B01M21623Q.jpg,Electronics
Home/B07DT55W59.jpg,Home
Electronics/B0916LGV1J.jpg,Electronics
Electronics/B017086TTK.jpg,Electronics
Apparel/B077YZC49Q.jpg,Apparel
Apparel/B00V3K1AAA.jpg,Apparel
Home/B00NFQU4WK.jpg,Home
Electronics/B083V23DYR.jpg,Electronics
Apparel/B083NVDTQP.jpg,Apparel
Apparel/B00GW7AFDW.jpg,Apparel
Apparel/B08P1Z6YB4.jpg,Apparel
Electronics/B07DD4FWRL.jpg,Electronics
Apparel/B0B3SJHCZV.jpg,Apparel
Electronics/B06XWTGND4.jpg,Electronics
Apparel/B07MXGPQGD.jpg,Apparel
Apparel/B07CTHYGKG.jpg,Apparel
Home/B06W9HYSS6.jpg,Home
Home/B08ZL4TN56.jpg,Home
Electronics/B08JYR8WCW.jpg,Electronics
Electronics/B07BF9W3RS.jpg,Electronics
Electronics/B07S74MNPT.jpg,Electronics
Electronics/B08W262WPT.jpg,Electronics
Apparel/B000ZBUXLK.jpg,Apparel
Electronics/B0798X53HR.jpg,Electronics
Home/B075XJGZHZ.jpg,Home
Electronics/B07KGCH1G8.jpg,Electronics
Home/B001GDJ0D8.jpg,Home
Apparel/B096RJBQH2.jpg,Apparel
Home/B0BCQ5BFKL.jpg,Home
Apparel/B07ZCV26H2.jpg,Apparel
Electronics/B079LFMCMH.jpg,Electronics
Electronics/B08T9TDN26.jpg,Electronics
Electronics/B008BLXGV0.jpg,Electronics
Home/B004U41I62.jpg,Home
Home/B00462QYJY.jpg,Home
Electronics/B009FRUFMM.jpg,Electronics
Electronics/B01590WFMG.jpg,Electronics
Home/B0068A1IT8.jpg,Home
Home/B0878X9N6G.jpg,Home
Apparel/B07J5CNJJ4.jpg,Apparel
Home/B082WC4MM4.jpg,Home
Electronics/B00479BPIG.jpg,Electronics
Apparel/B079N6VNR6.jpg,Apparel
Home/B08DKSQ82K.jpg,Home
Electronics/B07WPYHLV1.jpg,Electronics
Apparel/B07BSZYXVW.jpg,Apparel
Home/B09B794Z95.jpg,Home
Apparel/B01GH0OWC8.jpg,Apparel
Home/B08XLDMTG9.jpg,Home
Home/B08FRV3FRX.jpg,Home
Home/B00HV1Y6RO.jpg,Home
Apparel/B07MMDRVWP.jpg,Apparel
Home/B00IXKVULM.jpg,Home
Electronics/B07J2D91SC.jpg,Electronics
Apparel/B019P8Z41W.jpg,Apparel
Apparel/B092C9SPTT.jpg,Apparel
Home/B07QZ3XNLW.jpg,Home
Home/B01NBUQFD3.jpg,Home
Electronics/B08KCV5SQ1.jpg,Electronics
Electronics/B0143PY9EU.jpg,Electronics
Home/B00AF0TDCG.jpg,Home
Apparel/B07VYVDKSK.jpg,Apparel
Electronics/B00ICYGJCY.jpg,Electronics
Electronics/B07DWHFP6G.jpg,Electronics
Electronics/B09SWS718S.jpg,Electronics
Home/B071KY5LL9.jpg,Home
Apparel/B07THNFVJG.jpg,Apparel
Apparel/B06X3QWWRK.jpg,Apparel
Home/B003AVDM7O.jpg,Home
Home/B08JPMGC2S.jpg,Home
Home/B08KT2G6J7.jpg,Home
Home/B0BRKN22X5.jpg,Home
Home/B077TN6CGG.jpg,Home
Electronics/B01M0CQEJ6.jpg,Electronics
Apparel/B01BE2VAGA.jpg,Apparel
Home/B0BQYYQY55.jpg,Home
Apparel/B082HM7NPC.jpg,Apparel
Home/B00U395RKG.jpg,Home
Electronics/B08KRLMCXR.jpg,Electronics
Apparel/B01DCGHE0C.jpg,Apparel
Electronics/B07KM3TKKZ.jpg,Electronics
Apparel/B00RLEJ1WQ.jpg,Apparel
Home/B08XQDCHF8.jpg,Home
Home/B0B3D9TG3R.jpg,Home
Home/B00EA68Q38.jpg,Home
Apparel/B015FY4RXG.jpg,Apparel
Home/B073PHMRGW.jpg,Home
Home/B08XKGZBN9.jpg,Home
Electronics/B07RN3JMTV.jpg,Electronics
Home/B07TVBV7BN.jpg,Home
Apparel/B00P9QPYB0.jpg,Apparel
Apparel/B0B51NTMDM.jpg,Apparel
Electronics/B07QYT3FDT.jpg,Electronics
Apparel/B07RKQW3NH.jpg,Apparel
Apparel/B07XSLZN86.jpg,Apparel
Apparel/B07BJM66N2.jpg,Apparel
Electronics/B0788C4978.jpg,Electronics
Home/B0006HWKQ4.jpg,Home
Electronics/B0BYMWTVVB.jpg,Electronics
Home/B010NNFP8U.jpg,Home
Electronics/B0000TG474.jpg,Electronics
Apparel/B08H1MGL4V.jpg,Apparel
Home/B07X8FGRLB.jpg,Home
Apparel/B08P7CGYH9.jpg,Apparel
Home/B00HHL4T8Y.jpg,Home
Apparel/B01MS5X28F.jpg,Apparel
Apparel/B074MX8YZS.jpg,Apparel
Electronics/B07H1YTQ3Y.jpg,Electronics
Home/B09DR1X2QW.jpg,Home
Home/B01004CCEC.jpg,Home
Home/B0B2DBRZ8S.jpg,Home
Apparel/B0793N1P25.jpg,Apparel
Electronics/B007F1KDSQ.jpg,Electronics
Home/B001FB4YEQ.jpg,Home
Home/B00BG04QU8.jpg,Home
Electronics/B009YBGQMC.jpg,Electronics
Electronics/B00C3R8LX6.jpg,Electronics
Electronics/B01BBPN540.jpg,Electronics
Electronics/B001TOD5FS.jpg,Electronics
Apparel/B01HCJMCU2.jpg,Apparel
Home/B08V4WVF1D.jpg,Home
Home/B0BNB2L4R9.jpg,Home
Electronics/B01GCGKAAK.jpg,Electronics
Home/B09GS6Z1TX.jpg,Home
Electronics/B084P58YV9.jpg,Electronics
Home/B008VW2YSU.jpg,Home
Electronics/B00BD6QNBK.jpg,Electronics
Home/B07J3NLCQP.jpg,Home
Electronics/B0BM36FXZM.jpg,Electronics
Electronics/B0BLXRY6KT.jpg,Electronics
Apparel/B081YJXM4L.jpg,Apparel
Electronics/B07D2F7ZMF.jpg,Electronics
Home/B07SPD9HMM.jpg,Home
Home/B09MZ9M2MD.jpg,Home
Apparel/B00IO3IVFQ.jpg,Apparel
Electronics/B07VSG1JSB.jpg,Electronics
Apparel/B07FCLBF3L.jpg,Apparel
Home/B08CT5R9DZ.jpg,Home
Home/B09CPG6W2C.jpg,Home
Home/B00R19EFZY.jpg,Home
Electronics/B088D92VT8.jpg,Electronics
Apparel/B08L4BMGNH.jpg,Apparel
Apparel/B00KKBIYAW.jpg,Apparel
Home/B09MWDHKQX.jpg,Home
Home/B00DU6SGWU.jpg,Home
Electronics/B0047N0XBW.jpg,Electronics
Home/B0BPCX3MDQ.jpg,Home
Apparel/B075SY5QZ1.jpg,Apparel
Apparel/B07G21MX4H.jpg,Apparel
Apparel/B07XJ4WSFG.jpg,Apparel
Home/B01LXZFY6D.jpg,Home
Electronics/B07VC4DKBC.jpg,Electronics
Electronics/B0966R59YP.jpg,Electronics
Electronics/B073DWG423.jpg,Electronics
Apparel/B07RLVCLBY.jpg,Apparel
Apparel/B0799PDHSY.jpg,Apparel
Apparel/B07V5VMPVV.jpg,Apparel
Electronics/B002KMIZP8.jpg,Electronics
Apparel/B01C82T6A2.jpg,Apparel
Apparel/B00DFKO1E8.jpg,Apparel
Apparel/B004TGFDBC.jpg,Apparel
Home/B00EXTLBI4.jpg,Home
Home/B003YC1Z0A.jpg,Home
Home/B08DL8QF4V.jpg,Home
Home/B0721PP486.jpg,Home
Electronics/B08FXB118L.jpg,Electronics
Home/B01G68RRPK.jpg,Home
Electronics/B012N8TB4W.jpg,Electronics
Apparel/B09KPX1GW9.jpg,Apparel
Apparel/B014K8Z9P8.jpg,Apparel
Electronics/B0B7JC1SLW.jpg,Electronics
Apparel/B07QD7W76F.jpg,Apparel
Electronics/B000OLWJX6.jpg,Electronics
Home/B08NSM93CB.jpg,Home
Home/B0B8M2YT39.jpg,Home
Home/B01A8DYG62.jpg,Home
Electronics/B000R3P8FW.jpg,Electronics
Apparel/B01NADAUZQ.jpg,Apparel
Electronics/B087D658VR.jpg,Electronics
Electronics/B0B319VZQ6.jpg,Electronics
Electronics/1947758527.jpg,Electronics
Apparel/B074BRYR9Y.jpg,Apparel
Home/B09BLG42NK.jpg,Home
Home/B004H3XPWQ.jpg,Home
Apparel/B08TJ7KPP8.jpg,Apparel
Apparel/B06XH7L88R.jpg,Apparel
Electronics/B06ZZCVGXV.jpg,Electronics
Home/B07XSL43R1.jpg,Home
Electronics/B000OYLTSY.jpg,Electronics
Home/B07L6T1XDW.jpg,Home
Apparel/B07SQDY1FX.jpg,Apparel
Apparel/B00LP9LQL2.jpg,Apparel
Apparel/B07QL968RR.jpg,Apparel
Home/B08B1L8CG3.jpg,Home
Electronics/B00CYBITQK.jpg,Electronics
Electronics/B06VWJ9BM3.jpg,Electronics
Apparel/B07SPSYTV8.jpg,Apparel
Apparel/B01D5V74IQ.jpg,Apparel
Home/B08HR35TFN.jpg,Home
Home/B078HK5J17.jpg,Home
Apparel/B00IM9QF9Q.jpg,Apparel
Electronics/B08ML6T151.jpg,Electronics
Electronics/B08GYP1VPG.jpg,Electronics
Apparel/B07BWD7V45.jpg,Apparel
Apparel/B01LEV46MG.jpg,Apparel
Apparel/B07793BXG2.jpg,Apparel
Electronics/B0BJTTY4FH.jpg,Electronics
Electronics/B003OXC2ZQ.jpg,Electronics
Electronics/B08S3VZVHP.jpg,Electronics
Apparel/B01N1K0KK2.jpg,Apparel
Home/B07HGRDGX4.jpg,Home
Electronics/B09PF6ZKL7.jpg,Electronics
Home/B09BQSYZ9R.jpg,Home
Apparel/B08VWHKBW6.jpg,Apparel
Home/B006NO1V0K.jpg,Home
Apparel/B08P5TBGTV.jpg,Apparel
Electronics/B08W27ZMBM.jpg,Electronics
Home/B09NY9337Y.jpg,Home
Home/B01E8DWQQK.jpg,Home
Home/B071NL55FP.jpg,Home
Home/B09D2DQXTB.jpg,Home
Apparel/B083W6F5QX.jpg,Apparel
Home/B009G3WVJA.jpg,Home
Apparel/B07TD43Z8P.jpg,Apparel
Electronics/B0C5JLPYHJ.jpg,Electronics
Electronics/B002O91BEY.jpg,Electronics
Electronics/B073TRZ386.jpg,Electronics
Apparel/B07WG3KNNG.jpg,Apparel
Home/B00SS071OC.jpg,Home
Electronics/B09QRYGCNH.jpg,Electronics
Home/B089FM1Q91.jpg,Home
Home/B00375TYDE.jpg,Home
Apparel/B0194Q7JR2.jpg,Apparel
Apparel/B08T9JFLQN.jpg,Apparel
Apparel/B08GQZFWYL.jpg,Apparel
Electronics/B08Z34Z4PZ.jpg,Electronics
Home/B09YTWNW96.jpg,Home
Home/B08CZL7NSK.jpg,Home
Home/B09TP4J26T.jpg,Home
Home/B07PHP3PDV.jpg,Home
Home/B07H18RNJQ.jpg,Home
Apparel/B07GVP28WV.jpg,Apparel
Electronics/B00G2QQKPK.jpg,Electronics
Electronics/B017TRDRVA.jpg,Electronics
Electronics/B099WV5GF2.jpg,Electronics
Home/B08GHCDRKC.jpg,Home
Electronics/B00XBC022U.jpg,Electronics
Apparel/B07V4JS9P5.jpg,Apparel
Electronics/B00AFHV6LK.jpg,Electronics
Electronics/B09T67T8N5.jpg,Electronics
Electronics/B0191CJFUI.jpg,Electronics
Electronics/B0153YP5RA.jpg,Electronics
Electronics/B06XDJCQ63.jpg,Electronics
Home/B01HDWELCU.jpg,Home
Apparel/B00MMU2JSM.jpg,Apparel
Home/B07V9PP4HZ.jpg,Home
Home/B01INJE8LQ.jpg,Home
Electronics/B01N4TQ83W.jpg,Electronics
Home/B007MI2H5Y.jpg,Home
Home/B000R4Q0T4.jpg,Home
Apparel/B075ZW8QFJ.jpg,Apparel
Home/B08BBYLRJS.jpg,Home
Electronics/B09TKKS56Y.jpg,Electronics
Home/B075NKJXSL.jpg,Home
Electronics/B01IMQUFBW.jpg,Electronics
Electronics/B074Z91FP4.jpg,Electronics
Home/B0192RR39M.jpg,Home
Home/B00EOMWDUA.jpg,Home
Electronics/B07CBWWZ1P.jpg,Electronics
Electronics/B013HJJI6M.jpg,Electronics
Electronics/B07XRBF5LQ.jpg,Electronics
Apparel/B01N22SFER.jpg,Apparel
Apparel/B0713YLC9Y.jpg,Apparel
Electronics/B0089STF6U.jpg,Electronics
Electronics/B0B6VVG9TP.jpg,Electronics
Electronics/B00XJRY2HS.jpg,Electronics
Apparel/B00JUW5SCE.jpg,Apparel
Home/B09F9NJSV7.jpg,Home
Home/B09CNXJM4K.jpg,Home
Electronics/B000UVWIO0.jpg,Electronics
Apparel/B01MT7SGRP.jpg,Apparel
Home/B07GKMYLYP.jpg,Home
Electronics/B07D46CZG3.jpg,Electronics
Home/B07CJCZPKR.jpg,Home
Electronics/B01MXXPTMM.jpg,Electronics
Home/B07ZQFWNQV.jpg,Home
Electronics/B0BRCBD1F3.jpg,Electronics
Apparel/B07PMW2JBW.jpg,Apparel
Apparel/B07F17PB85.jpg,Apparel
Apparel/B088NLQYJ8.jpg,Apparel
Apparel/B00PXYMN58.jpg,Apparel
Apparel/B07G7J4XZY.jpg,Apparel
Apparel/B01HFELAIE.jpg,Apparel
Home/B07J6RF6LH.jpg,Home
Home/B08LH4V5RS.jpg,Home
Electronics/B0027VT74K.jpg,Electronics
Apparel/B00NPZ162I.jpg,Apparel
Electronics/B005WL751Y.jpg,Electronics
Electronics/B08HQT1X1Z.jpg,Electronics
Electronics/B076XZ7JNB.jpg,Electronics
Apparel/B095K1GG42.jpg,Apparel
Electronics/B09J1D6ZTY.jpg,Electronics
Electronics/B09MSLLZSB.jpg,Electronics
Home/B09JSLXB2K.jpg,Home
Home/B0BGSMF4FQ.jpg,Home
Apparel/B07LCWRQN5.jpg,Apparel
Home/B07Z12J4T1.jpg,Home
Apparel/B08HGRZFFK.jpg,Apparel
Home/B0BLNCMQSG.jpg,Home
Home/B071L9YX43.jpg,Home
Electronics/B09V1R4YQK.jpg,Electronics
Electronics/B08341C3RF.jpg,Electronics
Home/B07GSNNYST.jpg,Home
Apparel/B078MKPNP2.jpg,Apparel
Electronics/B00A2QBX2G.jpg,Electronics
Electronics/B07RHY71C7.jpg,Electronics
Electronics/B0057REGVU.jpg,Electronics
Electronics/B07MR22JM8.jpg,Electronics
Home/B08BGCJ67B.jpg,Home
Home/B0B7BR6JXK.jpg,Home
Electronics/B08TM6BZNK.jpg,Electronics
Home/B003TFXPV4.jpg,Home
Electronics/B07CWHDLXM.jpg,Electronics
Electronics/B099ZQM811.jpg,Electronics
Apparel/B081NCSBV5.jpg,Apparel
Home/B016K4U7JI.jpg,Home
Home/B07YN11KH4.jpg,Home
Home/B09DVFK8SR.jpg,Home
Apparel/B08KDX5HL8.jpg,Apparel
Apparel/B08LVW8SZ4.jpg,Apparel
Home/B08N1QWN2F.jpg,Home
Electronics/B09NN9DMQ3.jpg,Electronics
Home/B0187BCX4O.jpg,Home
Apparel/B07W549MXJ.jpg,Apparel
Home/B01CUI3HF4.jpg,Home
Home/B0198ONISE.jpg,Home
Home/B08DHSQTJF.jpg,Home
Apparel/B01K6YS4KC.jpg,Apparel
Home/B09R1V7P1C.jpg,Home
Apparel/B095CCCDPD.jpg,Apparel
Home/B0B47ZBGKN.jpg,Home
Apparel/B09VF934LY.jpg,Apparel
Electronics/B00EPHDPME.jpg,Electronics
Home/B09HZC4NYR.jpg,Home
Electronics/B07KN4CDHX.jpg,Electronics
Home/B001MNTOXS.jpg,Home
Apparel/B08D9KR19N.jpg,Apparel
Apparel/B0728B8LGG.jpg,Apparel
Electronics/B00P7G5XW2.jpg,Electronics
Home/B09J31GP1S.jpg,Home
Electronics/B09V7ZYKLP.jpg,Electronics
Electronics/B09DC5365H.jpg,Electronics
Electronics/B002GWOB9G.jpg,Electronics
Electronics/B09PY5CHN4.jpg,Electronics
Apparel/B06W2LSVQ3.jpg,Apparel
Apparel/B07WP3Q6XJ.jpg,Apparel
Home/B0B3D31BT9.jpg,Home
Apparel/B07P3KFYCG.jpg,Apparel
Home/B07RP3LKT4.jpg,Home
Apparel/B00M47020K.jpg,Apparel
Electronics/B00DU2JZ0Q.jpg,Electronics
Apparel/B0BS2GBYN7.jpg,Apparel
Home/B081ZSCN2X.jpg,Home
Home/B091B1BYW5.jpg,Home
Home/B01BX2A2JM.jpg,Home
Electronics/B076M8JRC1.jpg,Electronics
Electronics/B00AAQKR70.jpg,Electronics
Home/B001UE8LK6.jpg,Home
Apparel/B00BVMQLIQ.jpg,Apparel
Home/B074CK5SMD.jpg,Home
Home/B009DMM4S2.jpg,Home
Apparel/B016W3MPTW.jpg,Apparel
Apparel/B01BEEQ6OE.jpg,Apparel
Electronics/B00GKR2M0I.jpg,Electronics
Home/B08ZC9Y521.jpg,Home
Home/B09B282NPJ.jpg,Home
Home/B0BHQZWS72.jpg,Home
Home/B09W5KWYHN.jpg,Home
Home/B00T99YCAW.jpg,Home
Home/B07SRZSNTG.jpg,Home
Electronics/B0BQBQK6GK.jpg,Electronics
Home/B07MTLTD48.jpg,Home
Electronics/B08ZNVQHTZ.jpg,Electronics
Electronics/B07PPM35ST.jpg,Electronics
Home/B01M684LTO.jpg,Home
Electronics/B00GDUQYPQ.jpg,Electronics
Apparel/B078YM586F.jpg,Apparel
Home/B094Y5ZS8V.jpg,Home
Electronics/B0015LVMUA.jpg,Electronics
Apparel/B086L7CJ33.jpg,Apparel
Home/B0BBR52ZBH.jpg,Home
Electronics/B09SDSJN5J.jpg,Electronics
Home/B08286N687.jpg,Home
Home/B07MRCC3M4.jpg,Home
Home/B01EQ2WLL8.jpg,Home
Apparel/B01KPKLGFW.jpg,Apparel
Home/B08PFXTKZ3.jpg,Home
Electronics/B0732JN59Y.jpg,Electronics
Home/B015OSMZX2.jpg,Home
Electronics/B09HKN4VQX.jpg,Electronics
Electronics/B000IEMKME.jpg,Electronics
Home/B0BMP4LXHW.jpg,Home
Home/B08H8XC944.jpg,Home
Home/B08785G8XX.jpg,Home
Apparel/B08QJ6YKNH.jpg,Apparel
Apparel/B07CLXQ1JF.jpg,Apparel
Electronics/B000L457S0.jpg,Electronics
Apparel/B08S32BMWX.jpg,Apparel
Apparel/B08J49WZSP.jpg,Apparel
Electronics/B08C59RS9P.jpg,Electronics
Home/B07NZ7V87J.jpg,Home
Apparel/B07T1Y95S4.jpg,Apparel
Apparel/B09TJ2V1VR.jpg,Apparel
Electronics/B07D5DGXJ4.jpg,Electronics
Home/B08ZY6D4HZ.jpg,Home
Home/B07D52H4GZ.jpg,Home
Electronics/B0BJ7QMYBF.jpg,Electronics
Electronics/B09B99WP98.jpg,Electronics
Electronics/B00BWBEM2I.jpg,Electronics
Apparel/B07GJD2KBC.jpg,Apparel
Apparel/B06WVHZLTG.jpg,Apparel
Home/B09G9Y42SQ.jpg,Home
Home/B07NWDW7J5.jpg,Home
Electronics/B01MQFUDRC.jpg,Electronics
Electronics/B00VR7JL1Y.jpg,Electronics
Electronics/B00AY1CLV6.jpg,Electronics
Electronics/B07VWXP88M.jpg,Electronics
Electronics/B01D4B3L6G.jpg,Electronics
Electronics/B006ZZUIR4.jpg,Electronics
Apparel/B01N6B8Q5Q.jpg,Apparel
Apparel/B00AUGY6ZY.jpg,Apparel
Home/B08B4P18L5.jpg,Home
Apparel/B00U6HB0V0.jpg,Apparel
Electronics/B08M5NX2XY.jpg,Electronics
Electronics/B006BXWDTQ.jpg,Electronics
Electronics/B006JQZ8MY.jpg,Electronics
Home/B09X8S5736.jpg,Home
Home/B06W9KPXV7.jpg,Home
Home/B08YQKDDVG.jpg,Home
Apparel/B09PMVQMHN.jpg,Apparel
Home/B0059EX7CA.jpg,Home
Apparel/B07JMQ6L45.jpg,Apparel
Apparel/B06Y4F4PY6.jpg,Apparel
Electronics/B01E6PGVXY.jpg,Electronics
Home/B07YXXW5D2.jpg,Home
Home/B07KJT6WB9.jpg,Home
Electronics/B00H8OZOBG.jpg,Electronics
Apparel/B015XF617C.jpg,Apparel
Apparel/B07RXTCJLF.jpg,Apparel
Apparel/B09XDHN8GD.jpg,Apparel
Electronics/B07W3DSSMS.jpg,Electronics
Electronics/B09H5F1R4N.jpg,Electronics
Electronics/B06XJRQ3VR.jpg,Electronics
Home/B01F9H8L6S.jpg,Home
Electronics/B07CF4H2VW.jpg,Electronics
Electronics/B00HCQE6KU.jpg,Electronics
Home/B07SZ6CRSL.jpg,Home
Home/B0921W4CCW.jpg,Home
Home/B00ORY4Q00.jpg,Home
Electronics/B07Q4MFL2J.jpg,Electronics
Home/B07SZJNCKY.jpg,Home
Apparel/B079N9H2HK.jpg,Apparel
Home/B085BY7KP4.jpg,Home
Apparel/B07T9QMT7Y.jpg,Apparel
Apparel/B018XT53EM.jpg,Apparel
Home/B005HG530O.jpg,Home
Apparel/B07C6LFYLD.jpg,Apparel
Apparel/B005DGIFO4.jpg,Apparel
Electronics/B08KHN9L53.jpg,Electronics
Electronics/B00W66IEZE.jpg,Electronics
Apparel/B01FSPLFLO.jpg,Apparel
Apparel/B07CG5TT7C.jpg,Apparel
Electronics/B0187WGRDG.jpg,Electronics
Apparel/B073B9W5MH.jpg,Apparel
Home/B0BJ6CHTNG.jpg,Home
Home/B01CF5FQF6.jpg,Home
Electronics/B0B8QK5HZF.jpg,Electronics
Home/B0812PJTGY.jpg,Home
Apparel/B09PTQN2RZ.jpg,Apparel
Apparel/B01MXIAW0E.jpg,Apparel
Electronics/B01IBM4PN6.jpg,Electronics
Apparel/B07D8S1FHL.jpg,Apparel
Apparel/B071WKJHR3.jpg,Apparel
Home/B097F2YSM7.jpg,Home
Apparel/B098BNMTFN.jpg,Apparel
Electronics/B00WH0R2Y8.jpg,Electronics
Electronics/B011Y74Z44.jpg,Electronics
Electronics/B079RMP2HC.jpg,Electronics
Electronics/B0B2DN7VVM.jpg,Electronics
Home/B07KR8S4ZX.jpg,Home
Apparel/B00MFYHHGY.jpg,Apparel
Electronics/B0BSB41TV4.jpg,Electronics
Apparel/B08Q2YGB7V.jpg,Apparel
Home/B083ZSJVYB.jpg,Home
Electronics/B0BJPG4G8Q.jpg,Electronics
Electronics/B06WV8WHF9.jpg,Electronics
Apparel/B07HHBDMNN.jpg,Apparel
Home/B07PY7DZ6L.jpg,Home
Electronics/B0BNZ5V1TF.jpg,Electronics
Home/B0B92BS72J.jpg,Home
Apparel/B0014VPDJM.jpg,Apparel
Home/B0857CCLN3.jpg,Home
Electronics/B09JNYQTZ8.jpg,Electronics
Apparel/B07QSFJLTL.jpg,Apparel
Apparel/B01IPMH19M.jpg,Apparel
Electronics/B00SVOK40S.jpg,Electronics
Home/B08FCN1K28.jpg,Home
Apparel/B07VL77BCQ.jpg,Apparel
Electronics/B07GL4MBLM.jpg,Electronics
Electronics/B01G7JGZD8.jpg,Electronics
Home/B07YKLX2F2.jpg,Home
Apparel/B00JBIY3GY.jpg,Apparel
Apparel/B01HCVPB4E.jpg,Apparel
Electronics/B01MYVJ9J1.jpg,Electronics
Apparel/B00HWROF1E.jpg,Apparel
Apparel/B07XQ1LDHF.jpg,Apparel
Electronics/B07WJSL343.jpg,Electronics
Apparel/B07PGR5JK7.jpg,Apparel
Home/B07DGKRSCQ.jpg,Home
Apparel/B0188ZGBME.jpg,Apparel
Home/B01MTEXJOB.jpg,Home
Electronics/B085W5T1Z6.jpg,Electronics
Electronics/B08L7LF1KF.jpg,Electronics
Apparel/B01DBAF104.jpg,Apparel
Apparel/B00UZGY9OC.jpg,Apparel
Apparel/B08T83ZGVK.jpg,Apparel
Electronics/B07R1NX8TS.jpg,Electronics
Home/B07B6D89YK.jpg,Home
Home/B017JI09X8.jpg,Home
Home/B07XPCYR7M.jpg,Home
Home/B07V2KVJ5L.jpg,Home
Home/B09MT39C87.jpg,Home
Electronics/B01CQBPNXO.jpg,Electronics
Apparel/B07Y7Y9HTF.jpg,Apparel
Home/B01L8E8I6O.jpg,Home
Home/B004IU8S9S.jpg,Home
Electronics/B0BZXZ78F4.jpg,Electronics
Home/B0915S4R25.jpg,Home
Electronics/B081C5H3SZ.jpg,Electronics
Electronics/B071NB7ZMT.jpg,Electronics
Apparel/B08K7GGV8D.jpg,Apparel
Home/B072JZ8KLC.jpg,Home
Apparel/B07N2RV4H6.jpg,Apparel
Home/B07BLSLND7.jpg,Home
Electronics/B00WIP26KC.jpg,Electronics
Home/B098BJZ54C.jpg,Home
Electronics/B0953VN71V.jpg,Electronics
Apparel/B097947T4L.jpg,Apparel
Home/B00NRTOR50.jpg,Home
Apparel/B01EZICUZK.jpg,Apparel
Electronics/B08K3216DR.jpg,Electronics
Home/B009QKSHU0.jpg,Home
Home/B07RJL8MT7.jpg,Home
Home/B00IBYZB8I.jpg,Home
Apparel/B01N9UTZ3T.jpg,Apparel
Apparel/B00PVJTAII.jpg,Apparel
Apparel/B01J12U46M.jpg,Apparel
Home/B09GKGKRSJ.jpg,Home
Home/B07FJLFZX1.jpg,Home
Apparel/B079MFXVLF.jpg,Apparel
Electronics/B01BO5FKFY.jpg,Electronics
Electronics/B00C2OI6BC.jpg,Electronics
Home/B077GBGXM2.jpg,Home
Apparel/B01G4UPK8G.jpg,Apparel
Home/B082HJPF8M.jpg,Home
Electronics/B0016IUN2K.jpg,Electronics
Apparel/B07CZB2CC5.jpg,Apparel
Apparel/B082KKX95N.jpg,Apparel
Home/B081TT6HF3.jpg,Home
Apparel/B006WPWLO0.jpg,Apparel
Home/B01INRF966.jpg,Home
Electronics/B09761Y5ML.jpg,Electronics
Home/B07C3R6TYR.jpg,Home
Electronics/B07QGB49X7.jpg,Electronics
Apparel/B00FH15I54.jpg,Apparel
Electronics/B08FFLTP7Q.jpg,Electronics
Electronics/B08CDCWQW6.jpg,Electronics
Home/B09VGKB8ZF.jpg,Home
Electronics/B08R2WW4DH.jpg,Electronics
Electronics/B07TWGQ8P4.jpg,Electronics
Apparel/B07NLQSDNM.jpg,Apparel
Electronics/B00JG7XC4O.jpg,Electronics
Electronics/B0029LHURE.jpg,Electronics
Electronics/B01M6A8JMX.jpg,Electronics
Apparel/B07X3Z6CM3.jpg,Apparel
Home/B0BJK7684R.jpg,Home
Home/B07518FCFF.jpg,Home
Apparel/B07M9Y6187.jpg,Apparel
Apparel/B01EGZSG0U.jpg,Apparel
Home/B07W87BJ3K.jpg,Home
Apparel/B07PDBSS2D.jpg,Apparel
Apparel/B00XO105V6.jpg,Apparel
Apparel/B00AXPRTW4.jpg,Apparel
Apparel/B0756H12Z5.jpg,Apparel
Home/B0793JZ33S.jpg,Home
Apparel/B01HVACWVQ.jpg,Apparel
Home/B019T0Y1RE.jpg,Home
Electronics/B0182QGU1G.jpg,Electronics
Electronics/B09FXZ5MX2.jpg,Electronics
Apparel/B082W41HYD.jpg,Apparel
Electronics/B0021J3RXA.jpg,Electronics
Electronics/B09S9ZXXQ2.jpg,Electronics
Home/B07S9YW532.jpg,Home
Electronics/B0753ZJ5PY.jpg,Electronics
Electronics/B009S4R9XA.jpg,Electronics
Home/B09YNQZNZW.jpg,Home
Home/B00ISHFWP0.jpg,Home
Apparel/B017LA9OXA.jpg,Apparel
Apparel/B07CBR3ZKF.jpg,Apparel
Apparel/B016DSQ6E6.jpg,Apparel
Home/B016N04DHQ.jpg,Home
Home/B089QHQGH1.jpg,Home
Home/B09SH3DDZL.jpg,Home
Electronics/B07S8MPX15.jpg,Electronics
Apparel/B07855QLCY.jpg,Apparel
Electronics/B004RZV0CQ.jpg,Electronics
Home/B076C1SNDW.jpg,Home
Apparel/B01DPV213O.jpg,Apparel
Electronics/B09FG6W2CJ.jpg,Electronics
Electronics/B00AJ48XBA.jpg,Electronics
Electronics/B009I00ITG.jpg,Electronics
Apparel/B07PTYCD7Y.jpg,Apparel
Apparel/B08YQYPXRL.jpg,Apparel
Electronics/B009AWC0Q6.jpg,Electronics
Home/B001ABPBJ8.jpg,Home
Home/B08GX5977Q.jpg,Home
Electronics/B07S9HHFFM.jpg,Electronics
Home/B00JZD8RC6.jpg,Home
Electronics/B08L4WF8CP.jpg,Electronics
Apparel/B01B1YE33S.jpg,Apparel
Apparel/B073QRJ9KG.jpg,Apparel
Apparel/B076FMW1XC.jpg,Apparel
Home/B0BCPHKBVT.jpg,Home
Apparel/B0C4LYJJ54.jpg,Apparel
Apparel/B071RRL13Q.jpg,Apparel
Home/B002PX64U0.jpg,Home
Electronics/B08H7ZBXLZ.jpg,Electronics
Home/B086DPD8CM.jpg,Home
Home/B093B91C3M.jpg,Home
Electronics/B01FKLES7E.jpg,Electronics
Apparel/B0BF8VZ84C.jpg,Apparel
Apparel/B08QJBT2LX.jpg,Apparel
Home/B0009JKGU6.jpg,Home
Electronics/B004ZLPZA0.jpg,Electronics
Home/B08JZP1Z9F.jpg,Home
Apparel/B07S8F383D.jpg,Apparel
Apparel/B07S4RD43W.jpg,Apparel
Apparel/B07FM46M57.jpg,Apparel
Home/B07CC4VT2M.jpg,Home
Electronics/B07FY6SGC2.jpg,Electronics
Apparel/B01BM36P3Y.jpg,Apparel
Home/B01KCYT5IQ.jpg,Home
Electronics/B000JI1OVM.jpg,Electronics
Electronics/B00376VYOK.jpg,Electronics
Home/B000I4RAPQ.jpg,Home
Electronics/B01M5IUBEW.jpg,Electronics
Electronics/B08SMP99P6.jpg,Electronics
Apparel/B01LLB10QO.jpg,Apparel
Electronics/B092HSPZJ3.jpg,Electronics
Home/B07GFR7W29.jpg,Home
Electronics/B0176DQGEC.jpg,Electronics
Apparel/B018FXMNXK.jpg,Apparel
Electronics/B01EAYNR1A.jpg,Electronics
Apparel/B08K8G2ZP3.jpg,Apparel
Electronics/B00AFPFCPS.jpg,Electronics
Home/B00G0EDS0O.jpg,Home
Home/B07CWV8JZF.jpg,Home
Electronics/B019QO6IRY.jpg,Electronics
Apparel/B01FDGED62.jpg,Apparel
Electronics/B075P3JXVJ.jpg,Electronics
Home/B08G18N1H8.jpg,Home
Home/B07T9BN4DB.jpg,Home
Apparel/B01LZXTA4A.jpg,Apparel
Home/B002AQXAEK.jpg,Home
Apparel/B087CF976G.jpg,Apparel
Electronics/B0163SYT0Y.jpg,Electronics
Electronics/B07YYDPQDJ.jpg,Electronics
Home/B07B4WZ948.jpg,Home
Electronics/B00008VFAM.jpg,Electronics
Home/B079C9QHB1.jpg,Home
Electronics/B0788C2VQM.jpg,Electronics
Home/B076DL9PWK.jpg,Home
Home/B0BKVDQPDK.jpg,Home
Apparel/B085JNYPHW.jpg,Apparel
Apparel/B07K51R6MZ.jpg,Apparel
Electronics/B07PFN47GK.jpg,Electronics
Electronics/B01LSJWIX8.jpg,Electronics
Home/B08XC6QY4M.jpg,Home
Apparel/B076KLJ8K3.jpg,Apparel
Home/B09B5MT5WV.jpg,Home
Electronics/B007X59LTG.jpg,Electronics
Electronics/B07QYM3Q4X.jpg,Electronics
Electronics/B0000AKVAU.jpg,Electronics
Apparel/B01M3O956F.jpg,Apparel
Electronics/B07KSZHTCT.jpg,Electronics
Electronics/B06XNQ3YJ2.jpg,Electronics
Home/B07GF3GWHR.jpg,Home
Apparel/B08QZ7NKH6.jpg,Apparel
Electronics/B00O0JHDSE.jpg,Electronics
Home/B00BLQC76W.jpg,Home
Electronics/B09SPL27L8.jpg,Electronics
Home/B01M3N0UKE.jpg,Home
Home/B00WSVZHW0.jpg,Home
Apparel/B06X41GYZC.jpg,Apparel
Electronics/B012DT0GMM.jpg,Electronics
Home/B0788775K7.jpg,Home
Apparel/B01K6PLHJQ.jpg,Apparel
Electronics/B00UTTBONY.jpg,Electronics
Apparel/B00TE6V1J0.jpg,Apparel
Home/B01LZ5YGD9.jpg,Home
Home/B089GRQ3KW.jpg,Home
Home/B0042LYSZ6.jpg,Home
Apparel/B07WSPBMZJ.jpg,Apparel
Apparel/B07CN6CPDR.jpg,Apparel
Electronics/B07BL5FQJB.jpg,Electronics
Home/B0BKTDQ78R.jpg,Home
Home/B09SGKSDBH.jpg,Home
Apparel/B009CK9ZQO.jpg,Apparel
Home/B074MR4Q2B.jpg,Home
Apparel/B08CRH4VFL.jpg,Apparel
Apparel/B07MQQR3QZ.jpg,Apparel
Electronics/B08VRD954P.jpg,Electronics
Home/B08BNK2B87.jpg,Home
Electronics/B00L6LB1F0.jpg,Electronics
Electronics/B093D323GY.jpg,Electronics
Apparel/B07J3Y6XGH.jpg,Apparel
Apparel/B09NTTHNXV.jpg,Apparel
Apparel/B078NNTVZQ.jpg,Apparel
Home/B0857G5Y2V.jpg,Home
Electronics/B09Y5NKT5N.jpg,Electronics
Home/B09BB8D9XV.jpg,Home
Electronics/B001CJQ8YU.jpg,Electronics
Apparel/B07QSPX24M.jpg,Apparel
Electronics/B096W6HJGB.jpg,Electronics
Electronics/B08B5RXSZX.jpg,Electronics
Home/B07NW8B447.jpg,Home
Home/B004R84CVE.jpg,Home
Home/B0BRYZL9ZP.jpg,Home
Apparel/B07549K8VF.jpg,Apparel
Electronics/B01FRH78E6.jpg,Electronics
Home/B07RK55BY2.jpg,Home
Apparel/B071RZT8DG.jpg,Apparel
Home/B095FCLNP3.jpg,Home
Electronics/B06ZY5SNZ6.jpg,Electronics
Home/B0BMWV7L7K.jpg,Home
Apparel/B07GJPL1VC.jpg,Apparel
Home/B018Y75K3M.jpg,Home
Electronics/B01B6JS582.jpg,Electronics
Apparel/B07GVLQ118.jpg,Apparel
Apparel/B085DJRBPR.jpg,Apparel
Electronics/B0BG5BWSLD.jpg,Electronics
Electronics/B00TI0TV8U.jpg,Electronics
Apparel/B09287VWGT.jpg,Apparel
Electronics/B09WJFZZVY.jpg,Electronics
Home/B0C5859FPY.jpg,Home
Apparel/B08VD91FBN.jpg,Apparel
Apparel/B01CUTKAGC.jpg,Apparel
Apparel/B00KGSSZQC.jpg,Apparel
Electronics/B088GMXJJZ.jpg,Electronics
Apparel/B0756DHYT2.jpg,Apparel
Electronics/B07ZVMX2BD.jpg,Electronics
Home/B07MDH1TXD.jpg,Home
Electronics/B00005LE71.jpg,Electronics
Home/B0C3V7L1JB.jpg,Home
Home/B00OZX2PQ0.jpg,Home
Apparel/B01DJCYQGY.jpg,Apparel
Apparel/B07B31G815.jpg,Apparel
Electronics/B08HYX7RXX.jpg,Electronics
Apparel/B007J3V1K4.jpg,Apparel
Home/B014DYGL06.jpg,Home
Home/B09CKQJK5Y.jpg,Home
Apparel/B07CX6N22J.jpg,Apparel
Home/B01M11D3VR.jpg,Home
Electronics/B01MQYGK4H.jpg,Electronics
Home/B00BHQG3MK.jpg,Home
Home/B0B1MQF8XK.jpg,Home
Apparel/B098B16GDZ.jpg,Apparel
Apparel/B015QEASDS.jpg,Apparel
Home/B078N7XRJZ.jpg,Home
Home/B009LQDSFI.jpg,Home
Apparel/B08YWN644N.jpg,Apparel
Home/B01EQSJ8Q8.jpg,Home
Electronics/B09NQ1QNJG.jpg,Electronics
Apparel/B07CC4TRS6.jpg,Apparel
Apparel/B08ZS2BLPH.jpg,Apparel
Home/B07BVQFNYR.jpg,Home
Electronics/B09HCR6DXT.jpg,Electronics
Apparel/B07SW2JYZC.jpg,Apparel
Electronics/B00VTDJW5Q.jpg,Electronics
Home/B00XRQG8D2.jpg,Home
Home/B07CM9PJVV.jpg,Home
Electronics/B07HFQBD9Q.jpg,Electronics
Electronics/B01N0VZ6XR.jpg,Electronics
Home/B00QH06ZWE.jpg,Home
Apparel/B086W41L24.jpg,Apparel
Home/B07FZT3MJK.jpg,Home
Electronics/B08MFSB1Q4.jpg,Electronics
Apparel/B00S2NX8GU.jpg,Apparel
Apparel/B08Q87NHFC.jpg,Apparel
Electronics/B00DAW8688.jpg,Electronics
Electronics/B07Q8B99J1.jpg,Electronics
Home/B08L9YWS49.jpg,Home
Home/B07TBHQDQ4.jpg,Home
Home/B084HG4MFB.jpg,Home
Apparel/B010A8IOCM.jpg,Apparel
Apparel/B07FQVFT6S.jpg,Apparel
Apparel/B00PDWOAY2.jpg,Apparel
Apparel/B08VJ5N5GT.jpg,Apparel
Electronics/B01DFKC6CQ.jpg,Electronics
Home/B09LCZ9NLW.jpg,Home
Home/B09XTJZLP4.jpg,Home
Home/B00V6481TQ.jpg,Home
Apparel/B08LPH4N76.jpg,Apparel
Apparel/B01GX2FH8S.jpg,Apparel
Electronics/B005JNLN8G.jpg,Electronics
Apparel/B08ZKT13FX.jpg,Apparel
Electronics/B01FGJYQIG.jpg,Electronics
Home/B00006LABR.jpg,Home
Electronics/B09Z9PXWL7.jpg,Electronics
Apparel/B00OVFIUES.jpg,Apparel
Electronics/B018F6TYAM.jpg,Electronics
Electronics/B075QWV5VB.jpg,Electronics
Apparel/B074VVNLDV.jpg,Apparel
Home/B08W32VZKN.jpg,Home
Electronics/B07GJCRQT7.jpg,Electronics
Apparel/B07RXTLQZ1.jpg,Apparel
Electronics/B09YHLFCYL.jpg,Electronics
Home/B076GPBVRH.jpg,Home
Home/B07HSZRN34.jpg,Home
Apparel/B08M672N8S.jpg,Apparel
Apparel/B083WJ2CW1.jpg,Apparel
Home/B002UBD4V4.jpg,Home
Electronics/B094N6HSM1.jpg,Electronics
Electronics/B076XFGK32.jpg,Electronics
Apparel/B01NCM5TWF.jpg,Apparel
Apparel/B087F6C47Q.jpg,Apparel
Apparel/B01HJUYSHE.jpg,Apparel
Apparel/B07ZRC4WVQ.jpg,Apparel
Home/B07KNJWJTD.jpg,Home
Home/B0754J2865.jpg,Home
Home/B07V4WBPV5.jpg,Home
Home/B0851ZWL79.jpg,Home
Apparel/B09RZCSV34.jpg,Apparel
Electronics/B01LZ5HGKS.jpg,Electronics
Apparel/B00UMLC5E6.jpg,Apparel
Apparel/B001OWFLCK.jpg,Apparel
Apparel/B07M81L3LH.jpg,Apparel
Apparel/B081L4L9LQ.jpg,Apparel
Home/B09FL71VW3.jpg,Home
Electronics/B09GM175SB.jpg,Electronics
Home/B00Y83G2BG.jpg,Home
Electronics/B00OU1NRKA.jpg,Electronics
Electronics/B07LB8F7BF.jpg,Electronics
Electronics/B07QFQCD77.jpg,Electronics
Home/B073HL18FP.jpg,Home
Electronics/B0044F8DYC.jpg,Electronics
Apparel/B07283SLBF.jpg,Apparel
Apparel/B00S5VJBRO.jpg,Apparel
Electronics/B07CRD65P4.jpg,Electronics
Home/B076TRP4NN.jpg,Home
Home/B01EVS3DTG.jpg,Home
Apparel/B0919M1348.jpg,Apparel
Electronics/B0031RACR0.jpg,Electronics
Electronics/B00N6V7UT4.jpg,Electronics
Home/B081J694D8.jpg,Home
Home/B08L71NLPV.jpg,Home
Home/B073D8SQY4.jpg,Home
Home/B0BPC7BYZ7.jpg,Home
Apparel/B00X926N16.jpg,Apparel
Home/B07FZW6TC9.jpg,Home
Home/B00I86EXWO.jpg,Home
Home/B006V2NC6U.jpg,Home
Home/B088QG2ZBJ.jpg,Home
Apparel/B07RK496CY.jpg,Apparel
Electronics/B001RJ5FJY.jpg,Electronics
Electronics/B0B56DNCVB.jpg,Electronics
Apparel/B08RMKFVB6.jpg,Apparel
Home/B0BBFCLG87.jpg,Home
Apparel/B00A35B5II.jpg,Apparel
Home/B01N9FIFAD.jpg,Home
Apparel/B092HY9R7C.jpg,Apparel
Home/B09PB7W2WC.jpg,Home
Apparel/B07GWT4LN6.jpg,Apparel
Electronics/B00JQOEBEW.jpg,Electronics
Home/B078WPN3RG.jpg,Home
Apparel/B07XGHYSHV.jpg,Apparel
Apparel/B09LV31JVC.jpg,Apparel
Home/B06WLN9SYQ.jpg,Home
Apparel/B07B3RKX89.jpg,Apparel
Apparel/B084JP3ZCP.jpg,Apparel
Home/B082XDF2DV.jpg,Home
Home/B07YJZCLDZ.jpg,Home
Apparel/B011EXFPW4.jpg,Apparel
Apparel/B072FKGSJH.jpg,Apparel
Home/B06XS8ZK11.jpg,Home
Electronics/B015ZC3RWA.jpg,Electronics
Home/B085362R69.jpg,Home
Electronics/B07RGPYXTL.jpg,Electronics
Home/B002L2CCBA.jpg,Home
Apparel/B015NQRW3S.jpg,Apparel
Home/B0BXL4X8RP.jpg,Home
Electronics/B003DTLV8A.jpg,Electronics
Apparel/B00B5KY8PW.jpg,Apparel
Electronics/B09BCVN3Z8.jpg,Electronics
Apparel/B00972FY26.jpg,Apparel
Electronics/B082GDJQ3L.jpg,Electronics
Electronics/B07NWHFMXP.jpg,Electronics
Electronics/B00203W468.jpg,Electronics
Electronics/B08ZSFSHW7.jpg,Electronics
Apparel/B0BGPWRJ1G.jpg,Apparel
Electronics/B000EIQN54.jpg,Electronics
Apparel/B01K4JYHX2.jpg,Apparel
Apparel/B08BCF57TF.jpg,Apparel
Electronics/B00AI17ER8.jpg,Electronics
Home/B000RJ8ZV0.jpg,Home
Home/B07XPW4YTY.jpg,Home
Electronics/B00PL23QIA.jpg,Electronics
Apparel/B019MRMURM.jpg,Apparel
Home/B07CT8GT8Q.jpg,Home
Apparel/B012LLNMGO.jpg,Apparel
Home/B098KRVNG8.jpg,Home
Apparel/B07YW5X28M.jpg,Apparel
Electronics/B0BKSKD8MG.jpg,Electronics
Home/B00I9W9WI2.jpg,Home
Apparel/B011F5T59A.jpg,Apparel
Electronics/B07BDFPKVG.jpg,Electronics
Electronics/B0085DAAIG.jpg,Electronics
Home/B0BJ6CRBRW.jpg,Home
Apparel/B09NKK57LZ.jpg,Apparel
Electronics/B018HGD9C4.jpg,Electronics
Electronics/B07JFRXGWN.jpg,Electronics
Home/B08H6YW5WF.jpg,Home
Apparel/B00U6OQ1RQ.jpg,Apparel
Apparel/B003HVE2XK.jpg,Apparel
Apparel/B00F4C31DW.jpg,Apparel
Electronics/B091Z9S4LC.jpg,Electronics
Apparel/B08MZH5P2N.jpg,Apparel
Electronics/B0091IL6TG.jpg,Electronics
Home/B08P98JTBK.jpg,Home
Home/B01MSLKVMI.jpg,Home
Home/B07RZZTGDF.jpg,Home
Apparel/B00RHBJO0C.jpg,Apparel
Home/B0058U0ZUM.jpg,Home
Home/B00L03V37U.jpg,Home
Home/B07BYBLCNQ.jpg,Home
Home/B00U1VM9CK.jpg,Home
Apparel/B01GGJARTW.jpg,Apparel
Electronics/B01BK7DFY4.jpg,Electronics
Apparel/B07VB1TX9F.jpg,Apparel
Home/B00JDVEL1Q.jpg,Home
Home/B01JJB631K.jpg,Home
Apparel/B07RL56PZ4.jpg,Apparel
Home/B0892G4T8K.jpg,Home
Electronics/B09R6YBHJZ.jpg,Electronics
Home/B0B2N9D2RW.jpg,Home
Electronics/B08294NS4J.jpg,Electronics
Home/B07DQKPRCN.jpg,Home
Apparel/B01MYD3LXP.jpg,Apparel
Electronics/B08C4SZJ86.jpg,Electronics
Home/B01NBFVM7H.jpg,Home
Apparel/B0083TDVTC.jpg,Apparel
Electronics/B084VBFQDQ.jpg,Electronics
Electronics/B01N23LUT4.jpg,Electronics
Electronics/B08CXMFDR1.jpg,Electronics
Electronics/B00NI74QGQ.jpg,Electronics
Apparel/B00GXJP3CW.jpg,Apparel
Home/B0002VQDUS.jpg,Home
Apparel/B09QBPKMKT.jpg,Apparel
Home/B089SPG6MM.jpg,Home
Apparel/B07YNYFDW7.jpg,Apparel
Home/B00D2QAUFO.jpg,Home
Apparel/B08D393PN8.jpg,Apparel
Apparel/B0773KN1PS.jpg,Apparel
Home/B01HCHXQYU.jpg,Home
Apparel/B00SH4ISN2.jpg,Apparel
Apparel/B07Q588GSX.jpg,Apparel
Home/B08GB6XL4H.jpg,Home
Electronics/B00192Q3G8.jpg,Electronics
Electronics/B08SF12N63.jpg,Electronics
Apparel/B09VPGZLFH.jpg,Apparel
Home/B07HF2H65W.jpg,Home
Apparel/B089NK7K3L.jpg,Apparel
Apparel/B08HZ5QKT2.jpg,Apparel
Electronics/B089SV5F1Z.jpg,Electronics
Home/B0BD1ZPH1M.jpg,Home
Apparel/B0831KWKKY.jpg,Apparel
Home/B0BNBNNNJT.jpg,Home
Home/B006IU2IYW.jpg,Home
Home/B00CCEE206.jpg,Home
Home/B0847B69VP.jpg,Home
Apparel/B0945ZF6ZC.jpg,Apparel
Electronics/B01KAVXEQU.jpg,Electronics
Electronics/B00ZB74FNU.jpg,Electronics
Home/B009TACI2K.jpg,Home
Home/B09LP91D2W.jpg,Home
Electronics/B086SF5RH7.jpg,Electronics
Electronics/B01NAXCG5J.jpg,Electronics
Home/B09Y1824KL.jpg,Home
Apparel/B086SHHWRH.jpg,Apparel
Electronics/B07XDZDLS2.jpg,Electronics
Apparel/B00ITWYB8I.jpg,Apparel
Electronics/B00CLE59QS.jpg,Electronics
Home/B0BTM3M8VW.jpg,Home
Home/B08SW6X6LQ.jpg,Home
Electronics/B07BWRX7HF.jpg,Electronics
Electronics/B075XHR1JN.jpg,Electronics
Home/B06XYRFRYB.jpg,Home
Apparel/B08PV38LL1.jpg,Apparel
Apparel/B075Z9GDFY.jpg,Apparel
Apparel/B08XNKSJL1.jpg,Apparel
Electronics/B016E1KF30.jpg,Electronics
Apparel/B0B4J91VR9.jpg,Apparel
Apparel/B01MQ3Z0RE.jpg,Apparel
Home/B01JGGS3Y8.jpg,Home
Home/B08SC1SBYY.jpg,Home
Home/B06VXQ346K.jpg,Home
Electronics/B08D98M29Z.jpg,Electronics
Apparel/B09MVR89H4.jpg,Apparel
Apparel/B07ZP1WRGP.jpg,Apparel
Home/B0BMQ3JL44.jpg,Home
Electronics/B0722B3FPG.jpg,Electronics
Electronics/B00EP71DZK.jpg,Electronics
Apparel/B01FSEKIW2.jpg,Apparel
Home/B004BAU89I.jpg,Home
Home/B07T7YWTZC.jpg,Home
Electronics/B000HA4F04.jpg,Electronics
Apparel/B08YDNDTHN.jpg,Apparel
Electronics/B01IUO08EA.jpg,Electronics
Electronics/B075ZXCLSX.jpg,Electronics
Electronics/B06X1F8KYH.jpg,Electronics
Electronics/B0BRHS9SK5.jpg,Electronics
Home/B01MYTSAUV.jpg,Home
Home/B00IWPY7UY.jpg,Home
Home/B0926NNL9M.jpg,Home
Electronics/B07V3LLPF7.jpg,Electronics
Electronics/B00PSRGWDY.jpg,Electronics
Home/B071K5CDHM.jpg,Home
Apparel/B079HNWTL4.jpg,Apparel
Apparel/B01ASOHGS6.jpg,Apparel
Home/B0B812BP1R.jpg,Home
Apparel/B08VCVFPN9.jpg,Apparel
Apparel/B08Y5MGMXD.jpg,Apparel
Home/B071RFW7T1.jpg,Home
Electronics/B07D6T4P6R.jpg,Electronics
Apparel/B09BNF9GY8.jpg,Apparel
Electronics/B083GCCS5F.jpg,Electronics
Apparel/B00XDXY9CG.jpg,Apparel
Apparel/B01C8CJ0DU.jpg,Apparel
Electronics/B00DU2ENKI.jpg,Electronics
Apparel/B075CFB7WK.jpg,Apparel
Home/B075FMCW6R.jpg,Home
Apparel/B08CGCJCSX.jpg,Apparel
Electronics/B004JMGMOS.jpg,Electronics
Apparel/B00N4506FC.jpg,Apparel
Home/B09P3FCZB1.jpg,Home
Apparel/B01AMF6W6I.jpg,Apparel
Home/B09QR3J1DZ.jpg,Home
Home/B00N8X6F3W.jpg,Home
Electronics/B07311N288.jpg,Electronics
Apparel/B01490OJ6W.jpg,Apparel
Apparel/B098T2RQYV.jpg,Apparel
Apparel/B07593PBK2.jpg,Apparel
Apparel/B00VU6SV7M.jpg,Apparel
Apparel/B01H1OO7HO.jpg,Apparel
Home/B09YTR51JK.jpg,Home
Home/B08664FSXN.jpg,Home
Apparel/B0833X1G5W.jpg,Apparel
Apparel/B01N9VY7NA.jpg,Apparel
Electronics/B07FLN4GJS.jpg,Electronics
Home/B0BNQ5M1NN.jpg,Home
Apparel/B07H7ZCLW5.jpg,Apparel
Electronics/B000BW32IY.jpg,Electronics
Apparel/B077T9F2XW.jpg,Apparel
Home/B013M6448M.jpg,Home
Home/B002UPUC6U.jpg,Home
Apparel/B078X6KQQJ.jpg,Apparel
Apparel/B07G121XZM.jpg,Apparel
Home/B00061MZWY.jpg,Home
Apparel/B08GCQ2NFJ.jpg,Apparel
Home/B08NJLTCMF.jpg,Home
Home/B0B16MSF6L.jpg,Home
Apparel/B01IWG5E0E.jpg,Apparel
Electronics/B094QQRJZX.jpg,Electronics
Home/B097BBZXKV.jpg,Home
Apparel/B07TZLCRSR.jpg,Apparel
Home/B09SPCZ82B.jpg,Home
Electronics/B07DM6PMQB.jpg,Electronics
Apparel/B0751D9MHT.jpg,Apparel
Home/B08YPB5WP5.jpg,Home
Home/B08FJ5JL9G.jpg,Home
Apparel/B07CXK91VR.jpg,Apparel
Home/B0BLZ3K7TK.jpg,Home
Home/B07FZ44VQW.jpg,Home
Home/B07Y7CPSHR.jpg,Home
Apparel/B00LBEHSLS.jpg,Apparel
Home/B09MJ4Z2LR.jpg,Home
Electronics/B075R8Z7X5.jpg,Electronics
Electronics/B08K4RDZK3.jpg,Electronics
Electronics/B084KQ1144.jpg,Electronics
Home/B07B1FCL7L.jpg,Home
Apparel/B075R28G82.jpg,Apparel
Home/B00OFH372W.jpg,Home
Home/B00JRBPJPY.jpg,Home
Apparel/B06XTH83WW.jpg,Apparel
Electronics/B07GH512FF.jpg,Electronics
Home/B0C6B6G8FM.jpg,Home
Apparel/B08NT89569.jpg,Apparel
Home/B0812CD3RW.jpg,Home
Electronics/B010TZELDM.jpg,Electronics
Apparel/B0799WJRDM.jpg,Apparel
Apparel/B06XKN198H.jpg,Apparel
Home/B07GNM7KC2.jpg,Home
Apparel/B07WKCG7L1.jpg,Apparel
Electronics/B003MX6H9U.jpg,Electronics
Home/B07ZNNFDNX.jpg,Home
Home/B01N3SGWTP.jpg,Home
Electronics/B0007Y6AKI.jpg,Electronics
Home/B08L8R861D.jpg,Home
Home/B07QVN7ZF8.jpg,Home
Electronics/B00AAF3IOK.jpg,Electronics
Home/B0B8H71XYQ.jpg,Home
Home/B016LJZRDS.jpg,Home
Home/B016X680X8.jpg,Home
Electronics/B00MQDIBUA.jpg,Electronics
Apparel/B01GPIMCQU.jpg,Apparel
Apparel/B08SJH2DSL.jpg,Apparel
Apparel/B073PQWGMR.jpg,Apparel
Apparel/B075DZW4J2.jpg,Apparel
Home/B00JIH9MXC.jpg,Home
Apparel/B00NF3S5TW.jpg,Apparel
Electronics/B085S71KYF.jpg,Electronics
Electronics/B09KV3J3T9.jpg,Electronics
Apparel/B07LB9L4VR.jpg,Apparel
Apparel/B01LWEQXKD.jpg,Apparel
Home/B07QPVPBPN.jpg,Home
Electronics/B09FSC7K32.jpg,Electronics
Apparel/B00INR7P6Y.jpg,Apparel
Home/B0051A7HGY.jpg,Home
Electronics/B00M1MZNWA.jpg,Electronics
Apparel/B0141GUG8E.jpg,Apparel
Electronics/B001DZCRBQ.jpg,Electronics
Home/B000EOHNJ8.jpg,Home
Electronics/B0027IA260.jpg,Electronics
Apparel/B09QVK8FTY.jpg,Apparel
Apparel/B07SBFQHT8.jpg,Apparel
Electronics/B00BJHA0CQ.jpg,Electronics
Electronics/B007NMSULE.jpg,Electronics
Home/B01GJFITC0.jpg,Home
Home/B00K1NKAYW.jpg,Home
Electronics/B002O13C58.jpg,Electronics
Electronics/B07NSPG9HL.jpg,Electronics
Apparel/B08643YCBR.jpg,Apparel
Electronics/B08PY1FNTV.jpg,Electronics
Apparel/B07CY5Z447.jpg,Apparel
Apparel/B08YJVMY62.jpg,Apparel
Electronics/B00WZVYMX8.jpg,Electronics
Electronics/B07VS3V4ZT.jpg,Electronics
Home/B08RDRPP4Z.jpg,Home
Home/B00PR3D1K6.jpg,Home
Home/B003AQ8706.jpg,Home
Apparel/B0791K47X5.jpg,Apparel
Home/B012PLVVVS.jpg,Home
Home/B0BHYGNK4T.jpg,Home
Electronics/B075ZMPXT8.jpg,Electronics
Home/B07VK2N36S.jpg,Home
Home/B07CMK55S5.jpg,Home
Home/B07J43PKGY.jpg,Home
Home/B01M8LGOOF.jpg,Home
Electronics/B008DZW1EC.jpg,Electronics
Apparel/B07WJXG4NS.jpg,Apparel
Apparel/B08HVTCYK9.jpg,Apparel
Home/B087VM815T.jpg,Home
Electronics/B007T1CSFS.jpg,Electronics
Home/B010T4JW0K.jpg,Home
Apparel/B07FQ96W45.jpg,Apparel
Electronics/B074XK7PFJ.jpg,Electronics
Electronics/B006FXD3SW.jpg,Electronics
Home/B082NNX6FZ.jpg,Home
Electronics/B091C58RDB.jpg,Electronics
Home/B0BVY5LJWB.jpg,Home
Apparel/B087GCTVHT.jpg,Apparel
Electronics/B01JR0JNKQ.jpg,Electronics
Apparel/B08ZJ6RFC9.jpg,Apparel
Electronics/B07JM8YD84.jpg,Electronics
Home/B072QL5W94.jpg,Home
Electronics/B009DHN5QC.jpg,Electronics
Home/B007KP2AB0.jpg,Home
Home/B00OI1N27A.jpg,Home
Electronics/B073WW4JRT.jpg,Electronics
Home/B07NZ877HF.jpg,Home
Apparel/B005B5WVCE.jpg,Apparel
Home/B002WRI812.jpg,Home
Apparel/B07HMK6FFW.jpg,Apparel
Home/B07JPJH6XC.jpg,Home
Home/B08TFVQVSB.jpg,Home
Home/B09ZL85FFJ.jpg,Home
Home/B09MYV1SVC.jpg,Home
Apparel/B087CGJHPJ.jpg,Apparel
Home/B01N784EWI.jpg,Home
Electronics/B0C98JG6RB.jpg,Electronics
Apparel/B017GYVPX8.jpg,Apparel
Home/B07X9B2B4J.jpg,Home
Electronics/B07Z262NC5.jpg,Electronics
Home/B07KB8797R.jpg,Home
Apparel/B01J1GH7I6.jpg,Apparel
Apparel/B01EV0MNFO.jpg,Apparel
Apparel/B00UIDX560.jpg,Apparel
Electronics/B06Y139KFY.jpg,Electronics
Apparel/B012DSRP9K.jpg,Apparel
Apparel/B075Y99PTP.jpg,Apparel
Electronics/B002634RZI.jpg,Electronics
Electronics/B08DHWQ8ZL.jpg,Electronics
Apparel/B07GDHJWVC.jpg,Apparel
Home/B0BM9XXXMK.jpg,Home
Apparel/B00VP2CYCO.jpg,Apparel
Apparel/B08L4W2ZRH.jpg,Apparel
Electronics/B008B9CQUY.jpg,Electronics
Home/B01N5OU15B.jpg,Home
Electronics/B0BTBPLCZN.jpg,Electronics
Apparel/B01DZPMB58.jpg,Apparel
Apparel/B01MY27OJ1.jpg,Apparel
Home/B07B2RLLYN.jpg,Home
Home/B0779XTWW2.jpg,Home
Electronics/B075J5J8QB.jpg,Electronics
Electronics/B07D7T4H1R.jpg,Electronics
Home/B0B21TN1Y2.jpg,Home
Home/B09369FPZY.jpg,Home
Apparel/B07SG5M9WF.jpg,Apparel
Apparel/B089RG7X77.jpg,Apparel
Electronics/B09CNLVM7B.jpg,Electronics
Electronics/B0937D1KFF.jpg,Electronics
Apparel/B074VZ4XR1.jpg,Apparel
Electronics/B08RF1ZKSL.jpg,Electronics
Electronics/B08RN4276M.jpg,Electronics
Apparel/B072PR7LJR.jpg,Apparel
Apparel/B014I6CNWY.jpg,Apparel
Home/B07GDYLJ6G.jpg,Home
Apparel/B07MNS6DTJ.jpg,Apparel
Electronics/B098QR3DSW.jpg,Electronics
Apparel/B08NSWDF7F.jpg,Apparel
Electronics/B0915MVYR4.jpg,Electronics
Electronics/B07D1GH6XG.jpg,Electronics
Apparel/B087X1JKTY.jpg,Apparel
Apparel/B01KK9O7QI.jpg,Apparel
Apparel/B00JK27P4S.jpg,Apparel
Apparel/B00J7SG47Y.jpg,Apparel
Electronics/B00XZVPPPG.jpg,Electronics
Electronics/B08P25VBY1.jpg,Electronics
Home/B00U4Z7N88.jpg,Home
Electronics/B00G5SQ2O4.jpg,Electronics
Apparel/B094D3MDMK.jpg,Apparel
Electronics/B07DY5VYDZ.jpg,Electronics
Electronics/B07RP5KHWJ.jpg,Electronics
Electronics/B09GBQD1KL.jpg,Electronics
Apparel/B01M0OP76P.jpg,Apparel
Apparel/B08SLKB3QS.jpg,Apparel
Apparel/B000EIDUR8.jpg,Apparel
Apparel/B07H3HHC3J.jpg,Apparel
Apparel/B08MTXFF8R.jpg,Apparel
Home/B07W993VRT.jpg,Home
Apparel/B07VBC28FN.jpg,Apparel
Home/B07GBHKKBV.jpg,Home
Electronics/B07SHL7WPX.jpg,Electronics
Electronics/B000MVRQWC.jpg,Electronics
Home/B07MKFZY44.jpg,Home
Electronics/B07X4V2KNL.jpg,Electronics
Apparel/B018NEIETS.jpg,Apparel
Electronics/B098DFZVB3.jpg,Electronics
Home/B0BJRLXC4F.jpg,Home
Home/B00XWZLJ32.jpg,Home
Home/B00009V3X0.jpg,Home
Electronics/B0969CZG21.jpg,Electronics
Electronics/B003U8ERWG.jpg,Electronics
Home/B007OUKNLK.jpg,Home
Apparel/B06ZYBQXPK.jpg,Apparel
Home/B07Z27BWFL.jpg,Home
Home/B07V3RRN1S.jpg,Home
Apparel/B07HCB8CZ3.jpg,Apparel
Apparel/B07C3TG64Z.jpg,Apparel
Apparel/B019GFDIYY.jpg,Apparel
Electronics/B0756WGVGS.jpg,Electronics
Electronics/B015Q06WD2.jpg,Electronics
Home/B08YDM56YX.jpg,Home
Apparel/B078MY6HC4.jpg,Apparel
Apparel/B075RD3GXZ.jpg,Apparel
Apparel/B000IOGVII.jpg,Apparel
Home/B00NGXZ9OA.jpg,Home
Electronics/B08QFCL2MZ.jpg,Electronics
Electronics/B01N2P2O6R.jpg,Electronics
Apparel/B0147JJ5GE.jpg,Apparel
Apparel/B01JZ4090W.jpg,Apparel
Apparel/B08Q3M6225.jpg,Apparel
Apparel/B01ET49GDY.jpg,Apparel
Apparel/B08GK8RCR4.jpg,Apparel
Electronics/B00006B9GE.jpg,Electronics
Home/B09QPLXQJ5.jpg,Home
Apparel/B07G6RCDRH.jpg,Apparel
Home/B06XJPLNLT.jpg,Home
Apparel/B07PMG94MP.jpg,Apparel
Apparel/B00Q69KS6K.jpg,Apparel
Electronics/B08W345S9K.jpg,Electronics
Electronics/B0000A98AC.jpg,Electronics
Apparel/B01M8NNVF9.jpg,Apparel
Home/B08XY92286.jpg,Home
Home/B08HKJH9JL.jpg,Home
Electronics/B078Q8ZHSC.jpg,Electronics
Apparel/B01NAQE7KR.jpg,Apparel
Home/B08286Q3QH.jpg,Home
Apparel/B08P652K2N.jpg,Apparel
Apparel/B07XYNPMW6.jpg,Apparel
Home/B07C4WBY64.jpg,Home
Apparel/B06XJ8NFV9.jpg,Apparel
Home/B07481W4WX.jpg,Home
Home/B00ZG163ZY.jpg,Home
Apparel/B09YV4NSTD.jpg,Apparel
Apparel/B083K9R88B.jpg,Apparel
Electronics/B071DXY4JB.jpg,Electronics
Apparel/B00P2VNQL2.jpg,Apparel
Home/B075CR51TN.jpg,Home
Home/B015RDVM9W.jpg,Home
Apparel/B07C52QL1Z.jpg,Apparel
Electronics/B074QJLX59.jpg,Electronics
Apparel/B01FZ02V6K.jpg,Apparel
Electronics/B0014C4UPY.jpg,Electronics
Home/B07BJF4H3M.jpg,Home
Electronics/B081359HVX.jpg,Electronics
Electronics/B0BKSKXGLC.jpg,Electronics
Apparel/B00L4HYGP8.jpg,Apparel
Apparel/B08B1VLSPH.jpg,Apparel
Home/B0BP6G1V13.jpg,Home
Electronics/B07RGDJX1G.jpg,Electronics
Apparel/B01NAUERPZ.jpg,Apparel
Home/B07PHVG2T3.jpg,Home
Electronics/B0B6W36843.jpg,Electronics
Apparel/B09HMDJ2RY.jpg,Apparel
Apparel/B01LYLZKOC.jpg,Apparel
Electronics/B01MU31MM3.jpg,Electronics
Electronics/B07K5FPH9F.jpg,Electronics
Home/B07H14XL1M.jpg,Home
Home/B00TTZGPK6.jpg,Home
Apparel/B07BPW5MJS.jpg,Apparel
Apparel/B07HFW1F87.jpg,Apparel
Electronics/B010B0WIEY.jpg,Electronics
Home/B00DD1S47O.jpg,Home
Home/B0BHS51HKT.jpg,Home
Home/B098KM4NY6.jpg,Home
Apparel/B00CPU5422.jpg,Apparel
Home/B08B5GFVRM.jpg,Home
Home/B077SK323Z.jpg,Home
Apparel/B088S2889P.jpg,Apparel
Electronics/B01HFFOYUE.jpg,Electronics
Home/B07P56DVT9.jpg,Home
Home/B0BCDFF79T.jpg,Home
Apparel/B07KQZC5ZY.jpg,Apparel
Electronics/B095J1BZVZ.jpg,Electronics
Home/B08LQ882KB.jpg,Home
Electronics/B099R9XC4K.jpg,Electronics
Apparel/B07FCX5GLV.jpg,Apparel
Home/B08RP2JWW7.jpg,Home
Apparel/B09FK7WFRP.jpg,Apparel
Home/B0043R6XJS.jpg,Home
Electronics/B07G4CPXFC.jpg,Electronics
Apparel/B08P8PJW17.jpg,Apparel
Home/B07P2JRGPC.jpg,Home
Apparel/B08T1VZ3PC.jpg,Apparel
Electronics/B00WUVF9GM.jpg,Electronics
Apparel/B005KPBX42.jpg,Apparel
Electronics/B0058PZFVG.jpg,Electronics
Electronics/B08K8L74Q6.jpg,Electronics
Apparel/B07R77Y264.jpg,Apparel
Home/B073XCMYTL.jpg,Home
Apparel/B00KDUC44C.jpg,Apparel
Apparel/B074RHK18G.jpg,Apparel
Apparel/B079RLPQWS.jpg,Apparel
Apparel/B00CER2HP8.jpg,Apparel
Electronics/B00348YYW0.jpg,Electronics
Apparel/B08QCHGJHK.jpg,Apparel
Apparel/B012XZDEI4.jpg,Apparel
Electronics/B09TG3GQVY.jpg,Electronics
Electronics/B0111OGMQ4.jpg,Electronics
Electronics/B09MJVBR7M.jpg,Electronics
Home/B076RW5B4D.jpg,Home
Electronics/B07X3CCG82.jpg,Electronics
Electronics/B00USNLX7I.jpg,Electronics
Apparel/B0711PP3BC.jpg,Apparel
Electronics/B00KBBHU74.jpg,Electronics
Apparel/B0158D5NC8.jpg,Apparel
Apparel/B00STU54E0.jpg,Apparel
Home/B07KLHN7H7.jpg,Home
Apparel/B07R683RGJ.jpg,Apparel
Home/B06XKNFF8T.jpg,Home
Apparel/B075CBHGRP.jpg,Apparel
Apparel/B07TF74LXZ.jpg,Apparel
Home/B000RYUT82.jpg,Home
Electronics/B00LTADK66.jpg,Electronics
Apparel/B013F65762.jpg,Apparel
Electronics/B07XDX3XW7.jpg,Electronics
Apparel/B07XCN7R14.jpg,Apparel
Electronics/B072F9467Z.jpg,Electronics
Apparel/B097M37112.jpg,Apparel
Electronics/B098NQQJKG.jpg,Electronics
Apparel/B07V47BTH9.jpg,Apparel
Electronics/B00JFR9SWU.jpg,Electronics
Home/B01FV3FDKC.jpg,Home
Electronics/B00IJGX9BO.jpg,Electronics
Home/B07R196K3N.jpg,Home
Electronics/B09C2Q9QVP.jpg,Electronics
Electronics/B07P5H8PF7.jpg,Electronics
Electronics/B08BCGBHPM.jpg,Electronics
Apparel/B07L4MLGHW.jpg,Apparel
Electronics/B07WK281HS.jpg,Electronics
Home/B0C6Q2PRL6.jpg,Home
Apparel/B00IE4G7KQ.jpg,Apparel
Apparel/B07MCVF3F3.jpg,Apparel
Home/B07DQNMX3X.jpg,Home
Apparel/B01LXG3BC7.jpg,Apparel
Apparel/B07SK58C8M.jpg,Apparel
Home/B085M7NXHJ.jpg,Home
Electronics/B01MYT9GNK.jpg,Electronics
Apparel/B01EW06L4C.jpg,Apparel
Electronics/B08NWT1B4G.jpg,Electronics
Electronics/B091C83VCV.jpg,Electronics
Home/B07ZHSBCJY.jpg,Home
Electronics/B078L8WY5B.jpg,Electronics
Electronics/B0C73YDPRT.jpg,Electronics
Electronics/B0019CT40A.jpg,Electronics
Apparel/B08Z2ZJ38S.jpg,Apparel
Apparel/B01JZDJ3C8.jpg,Apparel
Apparel/B06XPRBKRR.jpg,Apparel
Apparel/B07QHTF3QP.jpg,Apparel
Home/B0936GSP78.jpg,Home
Home/B08BZYYJF5.jpg,Home
Apparel/B01NGZRFMN.jpg,Apparel
Electronics/B073PJDJK7.jpg,Electronics
Home/B00Y1UXKGG.jpg,Home
Apparel/B00UX2TS1W.jpg,Apparel
Home/B00A9SPJM2.jpg,Home
Apparel/B09FT4NBPZ.jpg,Apparel
Apparel/B010XJU598.jpg,Apparel
Home/B08MYMPSQP.jpg,Home
Home/B009DQKHU0.jpg,Home
Apparel/B08K3K3M9D.jpg,Apparel
Electronics/B0823SW737.jpg,Electronics
Electronics/B08BXS25YC.jpg,Electronics
Electronics/B00HSQFMG6.jpg,Electronics
Home/B086QRBZQW.jpg,Home
Electronics/B07CMY5C9X.jpg,Electronics
Home/B072Z5PBJ7.jpg,Home
Home/B01G79QWMM.jpg,Home
Apparel/B07L5DLLWX.jpg,Apparel
Apparel/B07S8G3JNS.jpg,Apparel
Electronics/B01MFFTIM9.jpg,Electronics
Home/B07761J68B.jpg,Home
Apparel/B09Q131DVQ.jpg,Apparel
Electronics/B09V536MPH.jpg,Electronics
Electronics/B081H4LWVT.jpg,Electronics
Apparel/B09FYXHRKP.jpg,Apparel
Electronics/B005K2XP6Y.jpg,Electronics
Apparel/B07549JVFK.jpg,Apparel
Apparel/B08DHPK3SL.jpg,Apparel
Electronics/B0047Y0JD8.jpg,Electronics
Home/B095Z4JJMH.jpg,Home
Apparel/B01N9B4AR0.jpg,Apparel
Home/B09TMZH35H.jpg,Home
Apparel/B09GBLHTSG.jpg,Apparel
Electronics/B001KMMSTS.jpg,Electronics
Home/B09MD3ML93.jpg,Home
Electronics/B013HB6GQA.jpg,Electronics
Electronics/B087R967RQ.jpg,Electronics
Apparel/B07VPH7L3P.jpg,Apparel
Electronics/B01NBD8L35.jpg,Electronics
Electronics/B01LYG43XM.jpg,Electronics
Electronics/B01N75JKUI.jpg,Electronics
Home/B000UUQVYY.jpg,Home
Home/B003IX5DY4.jpg,Home
Electronics/B07NRCTSXL.jpg,Electronics
Home/B0C1JS8QJJ.jpg,Home
Electronics/B084DL11B2.jpg,Electronics
Electronics/B07WNVDND9.jpg,Electronics
Home/B08HLH1J22.jpg,Home
Apparel/B07CJPPC5G.jpg,Apparel
Home/B0956WY8X1.jpg,Home
Home/B00D0H526C.jpg,Home
Home/B01C85I3TO.jpg,Home
Apparel/B07RC2QCQJ.jpg,Apparel
Electronics/B08L1F1TZM.jpg,Electronics
Home/B000S5ZIU4.jpg,Home
Home/B085R473W7.jpg,Home
Electronics/B014AP2PLC.jpg,Electronics
Apparel/B01CEYOZQE.jpg,Apparel
Electronics/B0B9HZZ2Q7.jpg,Electronics
Home/B07PZ6SMSR.jpg,Home
Home/B012O7ZR5E.jpg,Home
Electronics/B07BRKBQX7.jpg,Electronics
Apparel/B07N1CPKRY.jpg,Apparel
Apparel/B07NVJDLG8.jpg,Apparel
Apparel/B08TWMNSR7.jpg,Apparel
Apparel/B0879GCQ4R.jpg,Apparel
Home/B09GJMTKX2.jpg,Home
Electronics/B086BYGRZW.jpg,Electronics
Home/B009R2YVDE.jpg,Home
Electronics/B0031KKRKY.jpg,Electronics
Electronics/B00C2DJ3WE.jpg,Electronics
Home/B07GQ35JLY.jpg,Home
Electronics/B09711XVSZ.jpg,Electronics
Home/B001DXDNJ8.jpg,Home
Apparel/B07MC89TNJ.jpg,Apparel
Apparel/B01KNIEGEO.jpg,Apparel
Apparel/B09P6FK4NX.jpg,Apparel
Home/B0832Q96FD.jpg,Home
Apparel/B092RB8KBF.jpg,Apparel
Apparel/B08RN2TFNM.jpg,Apparel
Apparel/B08DK9X5MR.jpg,Apparel
Electronics/B07M6QZWBZ.jpg,Electronics
Electronics/B0BFFQ4FLX.jpg,Electronics
Electronics/B07CKS6VJ2.jpg,Electronics
Electronics/B00KAXCVQ8.jpg,Electronics
Electronics/B00M26Q36K.jpg,Electronics
Home/B09FF5K2N7.jpg,Home
Home/B075SWR8ZB.jpg,Home
Apparel/B07G27HQ76.jpg,Apparel
Home/B081TFLWHC.jpg,Home
Apparel/B01F8KXZEE.jpg,Apparel
Apparel/B01DLTSSSM.jpg,Apparel
Electronics/B00OA2I362.jpg,Electronics
Electronics/B0BQC46SX7.jpg,Electronics
Electronics/B00AAHL6VU.jpg,Electronics
Electronics/B00E9WBIHY.jpg,Electronics
Home/B00W5WMPIQ.jpg,Home
Electronics/B074JB8695.jpg,Electronics
Apparel/B07BC7V61G.jpg,Apparel
Electronics/B0BVT19J7H.jpg,Electronics
Home/B07TQHKZY7.jpg,Home
Electronics/B000E9ZMNC.jpg,Electronics
Home/B074PHJ9D8.jpg,Home
Home/B0B1DP2NFV.jpg,Home
Home/B09PMQF7BN.jpg,Home
Electronics/B07FLQ6FFZ.jpg,Electronics
Electronics/B082M8PL6Q.jpg,Electronics
Electronics/B09TKTB4RP.jpg,Electronics
Apparel/B00WNLOJM4.jpg,Apparel
Electronics/B019AT4QRO.jpg,Electronics
Home/B08MVRLSBL.jpg,Home
Electronics/B00DFBN60M.jpg,Electronics
Home/B00AY6ZR62.jpg,Home
Electronics/B0B9BNPMCD.jpg,Electronics
Electronics/B08BNF9BXP.jpg,Electronics
Electronics/B0082JFV64.jpg,Electronics
Apparel/B06Y2BCNK7.jpg,Apparel
Home/B0BFHRDY1V.jpg,Home
Home/B000SSX9CK.jpg,Home
Apparel/B0191U1XBY.jpg,Apparel
Apparel/B06XFT6NJR.jpg,Apparel
Electronics/B0764L4MMN.jpg,Electronics
Home/B093GNHWV2.jpg,Home
Electronics/B07K98CVCC.jpg,Electronics
Electronics/B097NLQ54J.jpg,Electronics
Home/B0B191BKTV.jpg,Home
Home/B08SBNN7VX.jpg,Home
Electronics/B09Y1HLS8W.jpg,Electronics
Home/B07KGJ7VMF.jpg,Home
Apparel/B01MXIL7G9.jpg,Apparel
Home/B07N14RH1S.jpg,Home
Apparel/B07F38DF73.jpg,Apparel
Home/B095HP29VT.jpg,Home
Apparel/B07S291YCR.jpg,Apparel
Home/B09QC9QRW4.jpg,Home
Electronics/B0B9ZDQKB7.jpg,Electronics
Home/B07QBB7PYT.jpg,Home
Apparel/B076DZ8TZZ.jpg,Apparel
Electronics/B00GRE9D42.jpg,Electronics
Electronics/B005VA94CE.jpg,Electronics
Apparel/B08CK8Y1G2.jpg,Apparel
Electronics/B0C98YYSCZ.jpg,Electronics
Apparel/B09KXZSZGQ.jpg,Apparel
Home/B083J9T33J.jpg,Home
Home/B07JCTWP7P.jpg,Home
Electronics/B07W3DKSC5.jpg,Electronics
Apparel/B01GUI1QAI.jpg,Apparel
Home/B0BSR4F9ZF.jpg,Home
Home/B07RPMFN4W.jpg,Home
Electronics/B07WRBZPSF.jpg,Electronics
Home/B08HLLWLDM.jpg,Home
Electronics/B07T3R3CZV.jpg,Electronics
Home/B0BKRX36CY.jpg,Home
Apparel/B08L9B47D1.jpg,Apparel
Electronics/B007V9XAVY.jpg,Electronics
Home/B0BB7K6797.jpg,Home
Electronics/B081ZG33QC.jpg,Electronics
Apparel/B088LJV92R.jpg,Apparel
Home/B002KXF4JM.jpg,Home
Electronics/B01EGN8SCI.jpg,Electronics
Electronics/B0C2FF3J8G.jpg,Electronics
Apparel/B06X1BS21T.jpg,Apparel
Electronics/B07FBBJ7N1.jpg,Electronics
Electronics/B09D3GRST4.jpg,Electronics
Apparel/B01EWBKQT2.jpg,Apparel
Home/B01FTZ9KAG.jpg,Home
Home/B089CSHGBG.jpg,Home
Home/B07JR798JQ.jpg,Home
Electronics/B07MJ8L477.jpg,Electronics
Electronics/B083K7BZGW.jpg,Electronics
Home/B08LHGWS72.jpg,Home
Apparel/B074G28HXG.jpg,Apparel
Electronics/B000AUNC4G.jpg,Electronics
Home/B07F27TP8J.jpg,Home
Home/B074PJ1CQB.jpg,Home
Apparel/B08PC2RHVQ.jpg,Apparel
Home/B09QSV2V71.jpg,Home
Apparel/B072M5ZJ16.jpg,Apparel
Apparel/B01N5BTPB6.jpg,Apparel
Electronics/B018J02UHI.jpg,Electronics
Apparel/B08F7D17MR.jpg,Apparel
Electronics/B001LF40R2.jpg,Electronics
Home/B008TU063Y.jpg,Home
Electronics/B00WSTFNGW.jpg,Electronics
Home/B001DJQL5K.jpg,Home
Home/B07VD1R7BH.jpg,Home
Home/B0B14QWNLS.jpg,Home
Apparel/B074V42XQW.jpg,Apparel
Home/B07CS188TS.jpg,Home
Home/B081K8KZLQ.jpg,Home
Electronics/B0793JS4QB.jpg,Electronics
Apparel/B071S2VGQB.jpg,Apparel
Apparel/B073LRN8KN.jpg,Apparel
Electronics/B00JX9N13C.jpg,Electronics
Electronics/B01MXM035W.jpg,Electronics
Home/B007I9F7BS.jpg,Home
Electronics/B00CYX9V9C.jpg,Electronics
Electronics/B00FKQ0HZW.jpg,Electronics
Apparel/B07TVPL7LF.jpg,Apparel
Apparel/B07SC3LDJW.jpg,Apparel
Electronics/B00DOEC4PS.jpg,Electronics
Electronics/B00006BBI9.jpg,Electronics
Electronics/B0757ZYQDD.jpg,Electronics
Apparel/B01E5E5CLS.jpg,Apparel
Home/B09JLYPWSN.jpg,Home
Apparel/B00NTB9IF0.jpg,Apparel
Electronics/B07TK5YP5X.jpg,Electronics
Home/B01LW6O5NO.jpg,Home
Home/B09TFWTVLK.jpg,Home
Home/B07TBQ879C.jpg,Home
Home/B08MQGM7J2.jpg,Home
Apparel/B0921Q3SSX.jpg,Apparel
Home/B08MDQFVP7.jpg,Home
Apparel/B08YYW1WQZ.jpg,Apparel
Electronics/B007WSK1N4.jpg,Electronics
Electronics/B07CT31WFQ.jpg,Electronics
Apparel/B07GX4JJV7.jpg,Apparel
Electronics/B014580P7U.jpg,Electronics
Electronics/B01M07GEZL.jpg,Electronics
Home/B08TWDHXDM.jpg,Home
Home/B0055FSC6Y.jpg,Home
Apparel/B07BVQF3NF.jpg,Apparel
Electronics/B00468KV9W.jpg,Electronics
Home/B07K6WD7MT.jpg,Home
Electronics/B00JS7S71A.jpg,Electronics
Home/B00HX3IXK6.jpg,Home
Home/B079J98J7D.jpg,Home
Electronics/B08QMYTYFH.jpg,Electronics
Home/B06XG88DZF.jpg,Home
Apparel/B07S92BBKX.jpg,Apparel
Apparel/B07QWQNB24.jpg,Apparel
Apparel/B0778MFC1C.jpg,Apparel
Electronics/B0BGJCYY9Q.jpg,Electronics
Electronics/B00ET3N4JI.jpg,Electronics
Home/B09H4JNMPY.jpg,Home
Home/B00C5PJPQ8.jpg,Home
Apparel/B07JQ59FV7.jpg,Apparel
Electronics/B000001OMT.jpg,Electronics
Apparel/B08YR4ST6S.jpg,Apparel
Electronics/B00KDYM9CA.jpg,Electronics
Home/B0032LNAU6.jpg,Home
Apparel/B07M8TQWSP.jpg,Apparel
Home/B09BZV37JL.jpg,Home
Home/B08G9QFKZV.jpg,Home
Home/B00091PMOY.jpg,Home
Apparel/B01JKWED0G.jpg,Apparel
Home/B01NB22QI9.jpg,Home
Apparel/B08FD727KJ.jpg,Apparel
Electronics/B07DLGQT2T.jpg,Electronics
Home/B07WS3Q9PW.jpg,Home
Electronics/B09KLJV678.jpg,Electronics
Electronics/B08QVQBZLG.jpg,Electronics
Home/B0BS3N277V.jpg,Home
Home/B08F58MRNV.jpg,Home
Home/B00BR2PSKW.jpg,Home
Apparel/B00LFFLV2A.jpg,Apparel
Apparel/B085C6KCTC.jpg,Apparel
Home/B07NC8H5JB.jpg,Home
Apparel/B07J3ZM8ZY.jpg,Apparel
Apparel/B00YUMH67E.jpg,Apparel
Apparel/B01LX47RUQ.jpg,Apparel
Home/B0819ZR2GP.jpg,Home
Apparel/B00E95Q83U.jpg,Apparel
Home/B0842YMBCM.jpg,Home
Home/B09NPM7FLB.jpg,Home
Home/B076FPS3FG.jpg,Home
Electronics/B089KMPVMJ.jpg,Electronics
Home/B07NPKXYTG.jpg,Home
Home/B0BGHTKYFM.jpg,Home
Apparel/B076DVDKQ4.jpg,Apparel
Apparel/B0170OCXAI.jpg,Apparel
Apparel/B07Y1JH1V7.jpg,Apparel
Apparel/B07HVH9RV1.jpg,Apparel
Electronics/B07WDFPDY8.jpg,Electronics
Electronics/B007II0EYO.jpg,Electronics
Home/B08CXRR1BJ.jpg,Home
Electronics/B00JE2G0JK.jpg,Electronics
Electronics/B000JMHLRE.jpg,Electronics
Electronics/B081Z4SQPM.jpg,Electronics
Apparel/B00ZRJT1U4.jpg,Apparel
Home/B000VXM1GC.jpg,Home
Home/B093DFV5WN.jpg,Home
Apparel/B0768R3NZK.jpg,Apparel
Apparel/B077RZLF78.jpg,Apparel
Home/B07MLXWDQ6.jpg,Home
Electronics/B098D4K9DN.jpg,Electronics
Apparel/B086JZ9CB1.jpg,Apparel
Home/B01H60UXHQ.jpg,Home
Electronics/B014APLDXI.jpg,Electronics
Home/B0C2P68VST.jpg,Home
Electronics/B089CTKVHW.jpg,Electronics
Electronics/B0BG25GVYC.jpg,Electronics
Home/B00IKC07P8.jpg,Home
Electronics/B07L1N4FS2.jpg,Electronics
Electronics/B086DP8ZG6.jpg,Electronics
Apparel/B0BQHJ5NCD.jpg,Apparel
Apparel/B083QBWL81.jpg,Apparel
Electronics/B01CU4O33S.jpg,Electronics
Apparel/B01F4P9YAC.jpg,Apparel
Apparel/B01LE9XL3S.jpg,Apparel
Home/B08P4L4PLK.jpg,Home
Apparel/B08KW7XQT6.jpg,Apparel
Electronics/B01HTIH0IA.jpg,Electronics
Apparel/B07DLSPRN2.jpg,Apparel
Home/B0BWDYSZRR.jpg,Home
Apparel/B07H4F8HC9.jpg,Apparel
Apparel/B06X6KN6YY.jpg,Apparel
Apparel/B01M18USP5.jpg,Apparel
Home/B088CWH6DZ.jpg,Home
Electronics/B08C2F47D2.jpg,Electronics
Apparel/B000JGEIEE.jpg,Apparel
Home/B015HHXYG2.jpg,Home
Home/B09FX8SVG7.jpg,Home
Apparel/B083NMNWYL.jpg,Apparel
Home/B088TJBQQ5.jpg,Home
Electronics/B0BJ8N9KN5.jpg,Electronics
Electronics/B00QSMPBC6.jpg,Electronics
Apparel/B07QXHGHYB.jpg,Apparel
Home/B07PLD2TM3.jpg,Home
Electronics/B07R8V9XDW.jpg,Electronics
Home/B09FF3ZMTT.jpg,Home
Apparel/B08CZJW1RQ.jpg,Apparel
Electronics/B0753R71ZH.jpg,Electronics
Apparel/B01FZ1TQ3U.jpg,Apparel
Apparel/B01EHR736A.jpg,Apparel
Apparel/B0773TBG31.jpg,Apparel
Electronics/B00X731S5I.jpg,Electronics
Electronics/B08BV2P3NC.jpg,Electronics
Apparel/B01LXLWQNL.jpg,Apparel
Apparel/B081Y5CYHD.jpg,Apparel
Home/B0029LHISA.jpg,Home
Electronics/B013QV6UZ8.jpg,Electronics
Electronics/B0053B1VO0.jpg,Electronics
Electronics/B01730OGAY.jpg,Electronics
Electronics/B081PR4XK8.jpg,Electronics
Apparel/B0986TCMJL.jpg,Apparel
Home/B0BS9HYXM9.jpg,Home
Apparel/B09VPF5FR6.jpg,Apparel
Apparel/B01MDUTCYB.jpg,Apparel
Electronics/B07JVQ97JY.jpg,Electronics
Apparel/B0080F5BOM.jpg,Apparel
Apparel/B07ZSXGYTN.jpg,Apparel
Electronics/B08CVHHYB2.jpg,Electronics
Home/B06XDM3PFS.jpg,Home
Electronics/B00859TC84.jpg,Electronics
Electronics/B01KV6JGG6.jpg,Electronics
Home/B01KYLLJ72.jpg,Home
Electronics/B01MG6CL45.jpg,Electronics
Home/B01AXTZ4OO.jpg,Home
Apparel/B01HXXZO1Q.jpg,Apparel
Home/B017S27028.jpg,Home
Apparel/B07CH8PQ8T.jpg,Apparel
Home/B07Y14SXFX.jpg,Home
Apparel/B0725VJ2RQ.jpg,Apparel
Apparel/B08QRY2W88.jpg,Apparel
Apparel/B08KT599WZ.jpg,Apparel
Home/B0C5XWZD6S.jpg,Home
Apparel/B07P77FQQF.jpg,Apparel
Home/B08JS957BL.jpg,Home
Home/B0966B97WL.jpg,Home
Apparel/B07C9J2GW8.jpg,Apparel
Electronics/B01H1SP6YI.jpg,Electronics
Home/B0BR358FJ9.jpg,Home
Apparel/B07BDRDYMF.jpg,Apparel
Home/B07PGFY5X3.jpg,Home
Electronics/B07GPSM6FW.jpg,Electronics
Electronics/B08TQLZYKB.jpg,Electronics
Apparel/B07D1DG1Q3.jpg,Apparel
Home/B06X6G821X.jpg,Home
Electronics/B089MWXV94.jpg,Electronics
Apparel/B089YSRW7R.jpg,Apparel
Home/B0BZQ9JZNZ.jpg,Home
Home/B08JSVY2GC.jpg,Home
Electronics/B07NPJTVX6.jpg,Electronics
Apparel/B093QG21C6.jpg,Apparel
Home/B09J4H58C5.jpg,Home
Apparel/B007C2YDL6.jpg,Apparel
Home/B00466M142.jpg,Home
Electronics/B003PC1PX6.jpg,Electronics
Home/B087NHMRMF.jpg,Home
Home/B0986X9P7F.jpg,Home
Home/B07N8VQ3BF.jpg,Home
Home/B0BCKX8BJL.jpg,Home
Apparel/B08M36Q5VZ.jpg,Apparel
Apparel/B00EE0R9CY.jpg,Apparel
Apparel/B01GJLRT0M.jpg,Apparel
Apparel/B00DQV9NKI.jpg,Apparel
Home/B00ICV0SDI.jpg,Home
Apparel/B01DXX284Q.jpg,Apparel
Home/B078H1X5KQ.jpg,Home
Home/B07JDRT5C4.jpg,Home
Apparel/B07DCNN4V8.jpg,Apparel
Home/B07ZT7J4GY.jpg,Home
Home/B097GVSB8Z.jpg,Home
Electronics/B09WMD1379.jpg,Electronics
Home/B0BZJM97GP.jpg,Home
Apparel/B00G4DBA3I.jpg,Apparel
Home/B00GX919LQ.jpg,Home
Apparel/B01MDK1E8D.jpg,Apparel
Apparel/B076MQCD2Q.jpg,Apparel
Home/B07D7GHWK6.jpg,Home
Apparel/B07GQC1TJS.jpg,Apparel
Electronics/B08B48PH1S.jpg,Electronics
Apparel/B08JGNS1NK.jpg,Apparel
Electronics/B009E47ZDI.jpg,Electronics
Home/B08PK1V3BM.jpg,Home
Home/B01H6OYT40.jpg,Home
Electronics/B00BLYPUKY.jpg,Electronics
Electronics/B071R8PW6C.jpg,Electronics
Home/B07TLKSR41.jpg,Home
Apparel/B09CM4KVTB.jpg,Apparel
Home/B08M6G194Y.jpg,Home
Apparel/B094ZB7ZBV.jpg,Apparel
Apparel/B07RHX3DZW.jpg,Apparel
Apparel/B01MEHNGRO.jpg,Apparel
Apparel/B0936QFQ9F.jpg,Apparel
Apparel/B086SPWYKY.jpg,Apparel
Home/B07YV9144B.jpg,Home
Apparel/B00T69GP78.jpg,Apparel
Home/B00467UWRE.jpg,Home
Home/B07DBQXVBB.jpg,Home
Electronics/B0995PB8P6.jpg,Electronics
Apparel/B08X6KQM6G.jpg,Apparel
Apparel/B09PN781L1.jpg,Apparel
Home/B09PZKB48T.jpg,Home
Home/B01MUF3Q10.jpg,Home
Apparel/B000XJTEO6.jpg,Apparel
Home/B09L4SM22R.jpg,Home
Apparel/B07PHW5MBD.jpg,Apparel
Home/B07GL9SMZ3.jpg,Home
Electronics/B07432XDF9.jpg,Electronics
Electronics/B00WTOHEBI.jpg,Electronics
Home/B08HPCGVRQ.jpg,Home
Apparel/B07TC9PKN5.jpg,Apparel
Home/B07K3MW7VR.jpg,Home
Electronics/B00JQ8ISYM.jpg,Electronics
Home/B0BPMC5VRX.jpg,Home
Electronics/B004FLU0WS.jpg,Electronics
Apparel/B08YYLMQC1.jpg,Apparel
Apparel/B07QZ9TXS8.jpg,Apparel
Electronics/B081SB5G1Y.jpg,Electronics
Electronics/B00XIZUZGI.jpg,Electronics
Home/B07QFZ4XZ8.jpg,Home
Apparel/B073QSVJMW.jpg,Apparel
Electronics/B0C3SNVPC1.jpg,Electronics
Electronics/B0B8YTW36M.jpg,Electronics
Electronics/B00WREWHPS.jpg,Electronics
Apparel/B00LCU32UC.jpg,Apparel
Home/B07F3G596W.jpg,Home
Home/B07X1537BY.jpg,Home
Home/B09DX1TSPK.jpg,Home
Home/B084S54Z1Z.jpg,Home
Home/B08NPG6PVS.jpg,Home
Home/B00A9WEYVU.jpg,Home
Home/B09TSWBLWR.jpg,Home
Home/B089KC1PD6.jpg,Home
Home/B08N45659N.jpg,Home
Electronics/B092M6KLQF.jpg,Electronics
Home/B0051SYDIQ.jpg,Home
Apparel/B09PG4QR46.jpg,Apparel
Apparel/B08D6Q6MM4.jpg,Apparel
Electronics/B00S7LEK0U.jpg,Electronics
Home/B07WCKSXB7.jpg,Home
Home/B001EXLTKW.jpg,Home
Home/B07RD3YTX9.jpg,Home
Home/B08GM4BJZK.jpg,Home
Apparel/B00LMUANAO.jpg,Apparel
Apparel/B07L1PLZJC.jpg,Apparel
Home/B083FM1NS7.jpg,Home
Electronics/B00H6LV7IU.jpg,Electronics
Electronics/B000UA0JMO.jpg,Electronics
Electronics/B08CSGF585.jpg,Electronics
Electronics/B00AAQKNSS.jpg,Electronics
Home/B07B6G261V.jpg,Home
Electronics/B00LBC7OUA.jpg,Electronics
Apparel/B016TIT0UW.jpg,Apparel
Apparel/B00M1NMPOI.jpg,Apparel
Apparel/B07KP9K5KN.jpg,Apparel
Electronics/B07QY76TQ8.jpg,Electronics
Home/B00O06YD80.jpg,Home
Electronics/B00BGUIAJG.jpg,Electronics
Home/B07XXXZVPG.jpg,Home
Home/B08VG3BZJV.jpg,Home
Electronics/B07ZK8QJ3V.jpg,Electronics
Electronics/B00JSZVWOG.jpg,Electronics
Home/B07S2L1THY.jpg,Home
Home/B08559JC7D.jpg,Home
Electronics/B01D73Z7I6.jpg,Electronics
Electronics/B00IO23F4O.jpg,Electronics
Electronics/B07YDRQHYR.jpg,Electronics
Electronics/B000I3DTW0.jpg,Electronics
Apparel/B075F9262K.jpg,Apparel
Apparel/B0168KQSGU.jpg,Apparel
Home/B01J78RTVS.jpg,Home
Apparel/B01KZ0RXKY.jpg,Apparel
Apparel/B074RMZZ7H.jpg,Apparel
Electronics/B07J2NN11T.jpg,Electronics
Home/B00BD50CR2.jpg,Home
Apparel/B01EK3T3K0.jpg,Apparel
Apparel/B07PFCG1BY.jpg,Apparel
Home/B01NAXACE9.jpg,Home
Electronics/B00BWYZZFI.jpg,Electronics
Apparel/B07Y4V7ST7.jpg,Apparel
Electronics/B0BCG4S2CW.jpg,Electronics
Home/B07WZLK454.jpg,Home
Apparel/B0122CQIF4.jpg,Apparel
Apparel/B01F4O1O2Y.jpg,Apparel
Electronics/B000FH8HCG.jpg,Electronics
Home/B000RXT628.jpg,Home
Electronics/B09DCPYLX9.jpg,Electronics
Home/B07X2W5Z1P.jpg,Home
Electronics/B09X2ZYVTQ.jpg,Electronics
Home/B00V540L7W.jpg,Home
Apparel/B07DQ3YCVZ.jpg,Apparel
Electronics/B07KG6N88N.jpg,Electronics
Electronics/B00BBME9W6.jpg,Electronics
Home/B07PS4L1P9.jpg,Home
Electronics/B01N0SKJFL.jpg,Electronics
Apparel/B00GNLRI7I.jpg,Apparel
Home/B00NN50TZ0.jpg,Home
Home/B0B3X6FQZC.jpg,Home
Home/B01M7YR8IY.jpg,Home
Home/B085XS424V.jpg,Home
Apparel/B085QGWVFH.jpg,Apparel
Home/B08M9QLL9P.jpg,Home
Home/B0C282ZHPC.jpg,Home
Apparel/B01MRC2UT3.jpg,Apparel
Electronics/B07ZD3CH93.jpg,Electronics
Home/B08L4N3Q7V.jpg,Home
Apparel/B072BHZDFN.jpg,Apparel
Apparel/B07V8STX3Y.jpg,Apparel
Apparel/B092ZLKLQL.jpg,Apparel
Apparel/B072FBLT2Y.jpg,Apparel
Apparel/B07YS1Y3L2.jpg,Apparel
Apparel/B09DPM7V7R.jpg,Apparel
Apparel/B07G3J8T1R.jpg,Apparel
Electronics/B09TGWM9M9.jpg,Electronics
Home/B085NXZMPQ.jpg,Home
Apparel/B08BG1PBHC.jpg,Apparel
Electronics/B00BHV4SFY.jpg,Electronics
Electronics/B002NZG4CS.jpg,Electronics
Electronics/B08BHY3X9B.jpg,Electronics
Home/B09Y661C3N.jpg,Home
Apparel/B00OJDJ6HW.jpg,Apparel
Home/B08YK4F5DN.jpg,Home
Electronics/B06Y2YT25H.jpg,Electronics
Apparel/B01N19KQLD.jpg,Apparel
Home/B0894RLSJN.jpg,Home
Home/B07BH51NCL.jpg,Home
Electronics/B083SV317W.jpg,Electronics
Home/B00JS1KXXQ.jpg,Home
Apparel/B07SXSCTG7.jpg,Apparel
Electronics/B07CGC1ZSM.jpg,Electronics
Home/B0BLBC6BNC.jpg,Home
Home/B0B69G1DGM.jpg,Home
Home/B07GFQ1J1L.jpg,Home
Apparel/B00O88MRPG.jpg,Apparel
Home/B00KC8R9T0.jpg,Home
Electronics/B089XBB75X.jpg,Electronics
Apparel/B00C40UQJO.jpg,Apparel
Electronics/B000NDHE2Q.jpg,Electronics
Apparel/B06XYGNWNF.jpg,Apparel
Electronics/B00008BNZ3.jpg,Electronics
Home/B09JLVFBB1.jpg,Home
Home/B0190ZUNEI.jpg,Home
Home/B09JMWH8JK.jpg,Home
Electronics/B07VNJRFVF.jpg,Electronics
Home/B0C6XN2CX2.jpg,Home
Apparel/B08B1JS7MP.jpg,Apparel
Electronics/B08RSSGYT2.jpg,Electronics
Electronics/B00BEC7MJU.jpg,Electronics
Home/B0888L5SPR.jpg,Home
Electronics/B0C677Q3MM.jpg,Electronics
Home/B08GPBGXQ1.jpg,Home
Apparel/B08VJ35RJ7.jpg,Apparel
Home/B0C3PJB82V.jpg,Home
Apparel/B018LX4YL8.jpg,Apparel
Apparel/B0988715HJ.jpg,Apparel
Apparel/B07NVFQN3B.jpg,Apparel
Electronics/B0B8YR3ZQV.jpg,Electronics
Apparel/B00JMF1V3E.jpg,Apparel
Apparel/B072L6ZP7B.jpg,Apparel
Apparel/B094D28WQG.jpg,Apparel
Electronics/B00F5UAHSK.jpg,Electronics
Electronics/B00VLA3JT2.jpg,Electronics
Apparel/B07H8BNPY7.jpg,Apparel
Home/B08RBKWZCY.jpg,Home
Home/B089NF32SL.jpg,Home
Home/B087JPMT9M.jpg,Home
Electronics/B00030EFLW.jpg,Electronics
Apparel/B002OTQSZ6.jpg,Apparel
Electronics/B0795DR3M3.jpg,Electronics
Apparel/B01IP25WMA.jpg,Apparel
Electronics/B07NZ59Q7N.jpg,Electronics
Home/B00SNIQH2Q.jpg,Home
Apparel/B08LV91PMY.jpg,Apparel
Electronics/B0000E659H.jpg,Electronics
Home/B076DYVVLL.jpg,Home
Home/B01CRK4T2K.jpg,Home
Electronics/B082V8J82D.jpg,Electronics
Home/B0B87QF9D3.jpg,Home
Home/B07WHTFF32.jpg,Home
Apparel/B07Q4W4ZM5.jpg,Apparel
Electronics/B01DEC3KT8.jpg,Electronics
Apparel/B004POE9YA.jpg,Apparel
Home/B081W5Y9MS.jpg,Home
Apparel/B01K38XWS0.jpg,Apparel
Apparel/B086RQ5YNJ.jpg,Apparel
Apparel/B07XX2TDNP.jpg,Apparel
Electronics/B01MFAAHFP.jpg,Electronics
Home/B0BB5HJ82T.jpg,Home
Electronics/B09LQ4VTNT.jpg,Electronics
Apparel/B078VZCQ1F.jpg,Apparel
Apparel/B01EFN79BU.jpg,Apparel
Home/B08SQC318B.jpg,Home
Home/B00E2O7TBS.jpg,Home
Apparel/B094Q8RTS5.jpg,Apparel
Home/B08FM7LGLJ.jpg,Home
Home/B08P1WK97D.jpg,Home
Home/B09MDWCHHW.jpg,Home
Electronics/B01K67UE84.jpg,Electronics
Apparel/B00GCEKVJS.jpg,Apparel
Electronics/B06XY9ZWYT.jpg,Electronics
Home/B08S78HKLZ.jpg,Home
Electronics/B0764F84LD.jpg,Electronics
Home/B07QBXWQK3.jpg,Home
Home/B08LGR53TJ.jpg,Home
Apparel/B082Y88BRQ.jpg,Apparel
Home/B002F508UA.jpg,Home
Apparel/B07T3JGCXG.jpg,Apparel
Electronics/B079DD5YT5.jpg,Electronics
Apparel/B00E3RCU5O.jpg,Apparel
Home/B0C1J632PK.jpg,Home
Electronics/B01AJIJBK2.jpg,Electronics
Electronics/B008J2HER8.jpg,Electronics
Home/B0B9GRV5FW.jpg,Home
Apparel/B010TM407W.jpg,Apparel
Home/B07KFN4LJY.jpg,Home
Apparel/B075CMPP17.jpg,Apparel
Electronics/B09285442J.jpg,Electronics
Electronics/B009GMKXOQ.jpg,Electronics
Electronics/B0776R4ZQ3.jpg,Electronics
Home/B07C66MTBX.jpg,Home
Electronics/B087P5RH3R.jpg,Electronics
Apparel/B005QDOEHG.jpg,Apparel
Electronics/B09BQT9ZHB.jpg,Electronics
Apparel/B00TZ7UOI2.jpg,Apparel
Electronics/B01HESNU5M.jpg,Electronics
Home/B07LCK5DN8.jpg,Home
Home/B0874LXQTD.jpg,Home
Home/B07DN868MZ.jpg,Home
Apparel/B08KVLXGCZ.jpg,Apparel
Electronics/B00021Y9N6.jpg,Electronics
Apparel/B082LRPGPS.jpg,Apparel
Electronics/B0C19G4M89.jpg,Electronics
Electronics/B076MDQM55.jpg,Electronics
Home/B07LDGJ3SK.jpg,Home
Electronics/B07KPNMQHN.jpg,Electronics
Apparel/B08DLLSGQY.jpg,Apparel
Electronics/B06XS8N639.jpg,Electronics
Apparel/B007WABB5O.jpg,Apparel
Home/B0BK8TJ6XZ.jpg,Home
Home/B00IJXGRVG.jpg,Home
Apparel/B097SXPJBM.jpg,Apparel
Apparel/B01N3CGJEK.jpg,Apparel
Apparel/B0861PNM7H.jpg,Apparel
Electronics/B09KT2Q34R.jpg,Electronics
Home/B00886DXSO.jpg,Home
Home/B06Y3H1HW2.jpg,Home
Home/B001FBDAYG.jpg,Home
Home/B00VA736YE.jpg,Home
Apparel/B07BYSQDYT.jpg,Apparel
Apparel/B0864T7J2J.jpg,Apparel
Apparel/B06Y24N599.jpg,Apparel
Apparel/B08734CS3V.jpg,Apparel
Apparel/B07WP879SF.jpg,Apparel
Apparel/B082J1QWWR.jpg,Apparel
Apparel/B0983XDDGF.jpg,Apparel
Home/B0792DTC9Q.jpg,Home
Electronics/B001GXLDMO.jpg,Electronics
Electronics/B00006688V.jpg,Electronics
Apparel/B010CKWQEK.jpg,Apparel
Electronics/B0812DR63S.jpg,Electronics
Apparel/B089Y7MR1H.jpg,Apparel
Electronics/B099SGZC8C.jpg,Electronics
Apparel/B004GMAXJ6.jpg,Apparel
Home/B07BN7F9L4.jpg,Home
Home/B08GC9TDLG.jpg,Home
Electronics/B01BPBB72C.jpg,Electronics
Apparel/B00TSTX1L4.jpg,Apparel
Electronics/B09C99K478.jpg,Electronics
Apparel/B015X0R6AI.jpg,Apparel
Apparel/B07WG76WLD.jpg,Apparel
Home/B09F29D6BS.jpg,Home
Apparel/B07ZWFT3K3.jpg,Apparel
Apparel/B09NHR1LNG.jpg,Apparel
Apparel/B0793RSHRM.jpg,Apparel
Electronics/B07D51W6WH.jpg,Electronics
Apparel/B08K7PDYMC.jpg,Apparel
Apparel/B00K5FZ7M6.jpg,Apparel
Electronics/B07NVPSKZQ.jpg,Electronics
Home/B0016J674W.jpg,Home
Apparel/B00IQE2JUG.jpg,Apparel
Electronics/B0B4VSL7J4.jpg,Electronics
Home/B08HZ1RLY1.jpg,Home
Apparel/B07DYRG547.jpg,Apparel
Apparel/B06XNWGYG5.jpg,Apparel
Apparel/B001HZZ8CM.jpg,Apparel
Home/B01N8STX21.jpg,Home
Home/B0C3S7M5H9.jpg,Home
Home/B01MRWAGAH.jpg,Home
Electronics/B0015M49Z4.jpg,Electronics
Apparel/B06Y994RGT.jpg,Apparel
Apparel/B006G3L0AE.jpg,Apparel
Apparel/B077D17T6J.jpg,Apparel
Home/B07JZ1955J.jpg,Home
Electronics/B019KPN9I0.jpg,Electronics
Electronics/B08P21M2FT.jpg,Electronics
Home/B09XWB9F4D.jpg,Home
Electronics/B000068CNU.jpg,Electronics
Electronics/B0B14QF1L4.jpg,Electronics
Home/B01MR7EIXU.jpg,Home
Electronics/B07WS9BDLC.jpg,Electronics
Apparel/B083JNK834.jpg,Apparel
Apparel/B07281KF68.jpg,Apparel
Apparel/B08675V7TT.jpg,Apparel
Apparel/B083LRFJH4.jpg,Apparel
Home/B01LT697RU.jpg,Home
Apparel/B08XTJNRLZ.jpg,Apparel
Electronics/B09YLZYV4K.jpg,Electronics
Home/B00BS7Z1BW.jpg,Home
Apparel/B08DH9CM36.jpg,Apparel
Home/B01AM8LRTM.jpg,Home
Home/B0779KGJ2Y.jpg,Home
Apparel/B07H92RNGS.jpg,Apparel
Home/B086349GZS.jpg,Home
Home/B00H8ZF9L0.jpg,Home
Apparel/B0739PHCC6.jpg,Apparel
Apparel/B072N8G14V.jpg,Apparel
Home/B07PLXMJ1G.jpg,Home
Home/B00F9JSRQG.jpg,Home
Home/B07734B6Y3.jpg,Home
Electronics/B09TWKZ467.jpg,Electronics
Electronics/B09CDF8T3Q.jpg,Electronics
Home/B07YKMNQD1.jpg,Home
Electronics/B07YBFSJD3.jpg,Electronics
Home/B01MT5HNEQ.jpg,Home
Home/B07V463DM5.jpg,Home
Electronics/B0895NZM39.jpg,Electronics
Home/B09F33K759.jpg,Home
Home/B0777164TW.jpg,Home
Apparel/B07NVC6Z48.jpg,Apparel
Home/B08MX18NDG.jpg,Home
Apparel/B01MSNUXLJ.jpg,Apparel
Home/B09FF7PNYJ.jpg,Home
Apparel/B079N5V4CS.jpg,Apparel
Home/B09D74WSXH.jpg,Home
Home/B01EV3DMC4.jpg,Home
Home/B0B4PR626M.jpg,Home
Electronics/B06ZZ6RKQY.jpg,Electronics
Home/B09NVT8MQS.jpg,Home
Apparel/B0895R3X1Z.jpg,Apparel
Apparel/B07KJK1RCR.jpg,Apparel
Home/B0BTVRD317.jpg,Home
Home/B09439RCQW.jpg,Home
Apparel/B07C5RZZQX.jpg,Apparel
Electronics/B0C22VT8F2.jpg,Electronics
Apparel/B00VPDLZKA.jpg,Apparel
Apparel/B01KT0ARWG.jpg,Apparel
Electronics/B08FTYS9S7.jpg,Electronics
Electronics/B000BC2OBU.jpg,Electronics
Electronics/B094XM674L.jpg,Electronics
Electronics/B01IF0CG94.jpg,Electronics
Apparel/B0923J3K2W.jpg,Apparel
Apparel/B01M7SZPPX.jpg,Apparel
Home/B07FY1PKNQ.jpg,Home
Apparel/B07ZCSR9R8.jpg,Apparel
Home/B00LZKDZD8.jpg,Home
Home/B09QNR7PY7.jpg,Home
Electronics/B0BBGRRQGF.jpg,Electronics
Electronics/B00AI18Y1S.jpg,Electronics
Apparel/B00R30O2LI.jpg,Apparel
Electronics/B0791GKY5J.jpg,Electronics
Apparel/B073SGFV1V.jpg,Apparel
Apparel/B08FDKZBKZ.jpg,Apparel
Electronics/B073F9NZDD.jpg,Electronics
Electronics/B06X9L8ZT2.jpg,Electronics
Electronics/B09MT4M3YG.jpg,Electronics
Apparel/B082MCZ6Q2.jpg,Apparel
Home/B08HGRDSB6.jpg,Home
Electronics/B005HQ514C.jpg,Electronics
Electronics/B086DXZB8L.jpg,Electronics
Home/B07WQGJVBJ.jpg,Home
Apparel/6152004349.jpg,Apparel
Home/B08FYR534G.jpg,Home
Apparel/B0799K5FFP.jpg,Apparel
Electronics/B00LUT9LOQ.jpg,Electronics
Apparel/B08961CKH7.jpg,Apparel
Apparel/B07JB3LYNK.jpg,Apparel
Home/B015649J3S.jpg,Home
Electronics/B00DW42O0U.jpg,Electronics
Home/B09ZPL8VQH.jpg,Home
Home/B09XR4X6ND.jpg,Home
Apparel/B0721SJB6N.jpg,Apparel
Electronics/B075VQ9NYP.jpg,Electronics
Apparel/B07G361H67.jpg,Apparel
Apparel/B09RS8PL8C.jpg,Apparel
Electronics/B00K2FC9G6.jpg,Electronics
Electronics/B06WRVRK9L.jpg,Electronics
Home/B0B589Q258.jpg,Home
Home/B016RMFHPM.jpg,Home
Apparel/B06Y498LMX.jpg,Apparel
Apparel/B07BJ339SD.jpg,Apparel
Apparel/B085M6V1BW.jpg,Apparel
Home/B06XP49VXT.jpg,Home
Home/B08XBFFKF4.jpg,Home
Electronics/B08L3N2B5Q.jpg,Electronics
Electronics/B00HX1WYOY.jpg,Electronics
Home/B08P4VWQMK.jpg,Home
Apparel/B01GDRDHKI.jpg,Apparel
Electronics/B0078CZJK4.jpg,Electronics
Electronics/B097SJH8R6.jpg,Electronics
Electronics/B01EAQYXZ2.jpg,Electronics
Electronics/B07TCGCGRT.jpg,Electronics
Apparel/B01AJHPKYO.jpg,Apparel
Apparel/B07314KK71.jpg,Apparel
Apparel/B08PYKQNR1.jpg,Apparel
Apparel/B07RPPKRD7.jpg,Apparel
Electronics/B077GP5RP8.jpg,Electronics
Home/B08S3RQC99.jpg,Home
Electronics/B09J4NJQ1B.jpg,Electronics
Home/B07VVCQJC8.jpg,Home
Apparel/B076V3CVPH.jpg,Apparel
Home/B01FPQ1426.jpg,Home
Electronics/B08MLGGWPB.jpg,Electronics
Apparel/B095HC6KDB.jpg,Apparel
Apparel/B000N38SP8.jpg,Apparel
Electronics/B07R3Z9K8V.jpg,Electronics
Electronics/B019N9R1WS.jpg,Electronics
Electronics/B073S59CWF.jpg,Electronics
Apparel/B07DT183R8.jpg,Apparel
Apparel/B07JWG3FZF.jpg,Apparel
Apparel/B091FFC5QD.jpg,Apparel
Apparel/B07HHZT7N4.jpg,Apparel
Apparel/B01EXTK3ZU.jpg,Apparel
Apparel/B092MNT6H4.jpg,Apparel
Electronics/B00N9NRLKW.jpg,Electronics
Apparel/B0725HQL23.jpg,Apparel
Home/B07ZHJX7SY.jpg,Home
Electronics/B00AW4OCW6.jpg,Electronics
Home/B08TM9F9TQ.jpg,Home
Home/B006IAZU38.jpg,Home
Apparel/B00LUUFDZ6.jpg,Apparel
Apparel/B09TSB4RPZ.jpg,Apparel
Electronics/B07JNNM1R6.jpg,Electronics
Electronics/B01MA59DWR.jpg,Electronics
Electronics/B08DCWDJ4T.jpg,Electronics
Home/B07MB6P88J.jpg,Home
Home/B00A3G99XK.jpg,Home
Home/B01M5I9FQ3.jpg,Home
Home/B09GXTDJ9D.jpg,Home
Home/B0B1ZQV1H4.jpg,Home
Apparel/B01DON16L6.jpg,Apparel
Home/B00RW5X9RM.jpg,Home
Electronics/B08BX2L8F2.jpg,Electronics
Home/B00006ID2J.jpg,Home
Apparel/B093FJC1HN.jpg,Apparel
Electronics/B09TNS61Q8.jpg,Electronics
Electronics/B0C4BHLCQN.jpg,Electronics
Home/B08XYQXWXY.jpg,Home
Electronics/B08GH9NQJL.jpg,Electronics
Apparel/B01BA8O0GK.jpg,Apparel
Electronics/B07NPV9Y4F.jpg,Electronics
Home/B07SZ6J88D.jpg,Home
Electronics/B07PLXP77Z.jpg,Electronics
Apparel/B0824L35B4.jpg,Apparel
Apparel/B081GL4J8Z.jpg,Apparel
Electronics/B0054WYNV6.jpg,Electronics
Apparel/B01GW6YLDW.jpg,Apparel
Electronics/B01FQLEMJ2.jpg,Electronics
Home/B00IHLBWFQ.jpg,Home
Home/B00GZ8EHPA.jpg,Home
Home/B084JKCPWW.jpg,Home
Electronics/B0B98WTPJJ.jpg,Electronics
Home/B00NIYW2B0.jpg,Home
Apparel/B09ZDZ5T39.jpg,Apparel
Electronics/B00HYHMXES.jpg,Electronics
Home/B08L4NSZTN.jpg,Home
Home/B00BD7PJIC.jpg,Home
Electronics/B07L2SC5N2.jpg,Electronics
Electronics/B003CT0862.jpg,Electronics
Electronics/B07R1K585F.jpg,Electronics
Electronics/B005GIWBIA.jpg,Electronics
Apparel/B07TNRKBLJ.jpg,Apparel
Electronics/B07R8C4CL2.jpg,Electronics
Apparel/B074JN6VCM.jpg,Apparel
Home/B09S5L69K3.jpg,Home
Apparel/B01M5GA1UU.jpg,Apparel
Electronics/B088DQ7LQQ.jpg,Electronics
Electronics/B0151E7WZU.jpg,Electronics
Home/B07QX8FWBD.jpg,Home
Home/B0BHQNNKDG.jpg,Home
Home/B07QFRYBKW.jpg,Home
Home/B08TT9G1Y7.jpg,Home
Electronics/B003HS7YVU.jpg,Electronics
Apparel/B01FS64R9A.jpg,Apparel
Home/B016OHGHB8.jpg,Home
Electronics/B00JHA57DY.jpg,Electronics
Home/B07CNG5WYZ.jpg,Home
Home/B07PJZHKNP.jpg,Home
Apparel/B08XBKZ8TC.jpg,Apparel
Apparel/B018V1EH9E.jpg,Apparel
Home/B017LNWW2W.jpg,Home
Home/B0924V83H5.jpg,Home
Apparel/B08N69X1Q7.jpg,Apparel
Electronics/B01KUZCR82.jpg,Electronics
Home/B0BVZCVJYT.jpg,Home
Apparel/B07JNQFYKF.jpg,Apparel
Electronics/B00OK1WUEE.jpg,Electronics
Apparel/B0822K46BG.jpg,Apparel
Electronics/B00JH9C2SS.jpg,Electronics
Home/B013EUUGRO.jpg,Home
Apparel/B00W481LT0.jpg,Apparel
Apparel/B081TSR426.jpg,Apparel
Home/B07VMBMN9H.jpg,Home
Apparel/B07PHLWBK7.jpg,Apparel
Home/B0B36Z9W54.jpg,Home
Electronics/B07CVL4Z9F.jpg,Electronics
Apparel/B07NVGZN5W.jpg,Apparel
Apparel/B07Q2Z4L3V.jpg,Apparel
Electronics/B0030YUHN8.jpg,Electronics
Home/B0BVHNVLPT.jpg,Home
Electronics/B07SMTJNBT.jpg,Electronics
Apparel/B082VV63N4.jpg,Apparel
Electronics/B01D1LH4QC.jpg,Electronics
Electronics/B07F243C1Y.jpg,Electronics
Home/B0BG125G84.jpg,Home
Electronics/B081QCCVTD.jpg,Electronics
Home/B0815RZ5PN.jpg,Home
Electronics/B08HMF3XMQ.jpg,Electronics
Electronics/B0B5D919F3.jpg,Electronics
Electronics/B0B2CRQYSF.jpg,Electronics
Apparel/B09C87GD35.jpg,Apparel
Apparel/B07FYJQSBR.jpg,Apparel
Electronics/B077YCKKHS.jpg,Electronics
Electronics/B00J5YUXJA.jpg,Electronics
Electronics/B075RCSM7M.jpg,Electronics
Electronics/B08C5DRQKF.jpg,Electronics
Apparel/B012C16PXK.jpg,Apparel
Apparel/B07D28RN6M.jpg,Apparel
Apparel/B00QA8AJEI.jpg,Apparel
Electronics/B01CHB12II.jpg,Electronics
Electronics/B094F9WMRG.jpg,Electronics
Apparel/B01CLDWKCY.jpg,Apparel
Electronics/B08C755L8S.jpg,Electronics
Apparel/B01HGP71US.jpg,Apparel
Electronics/B08XNGBBH5.jpg,Electronics
Home/B08B5NQRVV.jpg,Home
Home/B07JXYGCM5.jpg,Home
Electronics/B075D4YB6X.jpg,Electronics
Home/B09JP6Q5TS.jpg,Home
Apparel/B084BTKV8N.jpg,Apparel
Electronics/B0999DXDM2.jpg,Electronics
Home/B098QYYN3K.jpg,Home
Home/B09GX9PLHS.jpg,Home
Apparel/B08265NDLW.jpg,Apparel
Apparel/B07CK64QH8.jpg,Apparel
Electronics/B01N1SKQ7E.jpg,Electronics
Electronics/B0056C75QY.jpg,Electronics
Apparel/B077VGTSXB.jpg,Apparel
Electronics/B003RD0Q5Q.jpg,Electronics
Electronics/B0B7R6JSML.jpg,Electronics
Electronics/B004BQ3H6S.jpg,Electronics
Home/B09J22YCD8.jpg,Home
Apparel/B09DCJBVGW.jpg,Apparel
Electronics/B07HKB67XM.jpg,Electronics
Home/B0BN814567.jpg,Home
Home/B06XPMDCKR.jpg,Home
Apparel/B01BO4AZCS.jpg,Apparel
Apparel/B08GZQ7JYT.jpg,Apparel
Apparel/B08H5KCL5S.jpg,Apparel
Apparel/B07WPRTKJP.jpg,Apparel
Apparel/B09MFBTZ9W.jpg,Apparel
Electronics/B09R3V1K64.jpg,Electronics
Home/B0BDCGHK9X.jpg,Home
Apparel/B016LYEZCC.jpg,Apparel
Apparel/B074XQR4W2.jpg,Apparel
Apparel/B09PTR9ZZG.jpg,Apparel
Apparel/B07686738V.jpg,Apparel
Apparel/B076GZXH6K.jpg,Apparel
Apparel/B0763GGG9X.jpg,Apparel
Home/B09YCQ8TK9.jpg,Home
Electronics/B0895K3L9Q.jpg,Electronics
Electronics/B093CTKHR8.jpg,Electronics
Apparel/B00CYMAFW0.jpg,Apparel
Home/B07MTQVW9Q.jpg,Home
Apparel/B07S9YFLYQ.jpg,Apparel
Home/B0041UE4ZM.jpg,Home
Electronics/B09MVZF8KD.jpg,Electronics
Home/B01MA3NNWN.jpg,Home
Apparel/B08SSPS4TJ.jpg,Apparel
Home/B08LPRGK9G.jpg,Home
Electronics/B08NFGYJRK.jpg,Electronics
Home/B07MXQ5YMM.jpg,Home
Home/B091KQTNW6.jpg,Home
Electronics/B01BMJ25DC.jpg,Electronics
Home/B017858V6E.jpg,Home
Home/B00ULIE3T0.jpg,Home
Home/B08C37CD63.jpg,Home
Electronics/B0BJ9865FL.jpg,Electronics
Home/B06WJ59QSL.jpg,Home
Electronics/B01M9GL5M5.jpg,Electronics
Apparel/B073CYDFS4.jpg,Apparel
Home/B07KBCG37H.jpg,Home
Home/B06XD13JFQ.jpg,Home
Electronics/B0BCQQNKZT.jpg,Electronics
Home/B0B24H9TYM.jpg,Home
Apparel/B07XYF31LJ.jpg,Apparel
Electronics/B07HVT1XXS.jpg,Electronics
Apparel/B07KSQXJGD.jpg,Apparel
Home/B092YVSWDC.jpg,Home
Home/B013RXH7WU.jpg,Home
Electronics/B002HIKE3Q.jpg,Electronics
Electronics/B07Q4QVLHD.jpg,Electronics
Apparel/B077NXM42X.jpg,Apparel
Home/B01E1W4U8A.jpg,Home
Home/B088NL1PM7.jpg,Home
Apparel/B07H6QYL8H.jpg,Apparel
Electronics/B084S2KRR1.jpg,Electronics
Electronics/B0BFJ531CG.jpg,Electronics
Apparel/B072B81MZ7.jpg,Apparel
Electronics/B0C826K2ZW.jpg,Electronics
Electronics/B088LY8R1H.jpg,Electronics
Apparel/B0184O0SNC.jpg,Apparel
Home/B08YLXYCYK.jpg,Home
Apparel/B079KRHFLX.jpg,Apparel
Electronics/B08FHZKJT1.jpg,Electronics
Apparel/B07SWKVX7B.jpg,Apparel
Electronics/B003L1702G.jpg,Electronics
Electronics/B08C6ZYR75.jpg,Electronics
Apparel/B07L5GDKM7.jpg,Apparel
Home/B0C62K2T43.jpg,Home
Apparel/B08BDPFYMK.jpg,Apparel
Home/B07K3MVR76.jpg,Home
Apparel/B09CDM1DMZ.jpg,Apparel
Home/B0794V1KLF.jpg,Home
Electronics/B003CRZFT4.jpg,Electronics
Apparel/B08YJCJW8L.jpg,Apparel
Apparel/B00NQW55YU.jpg,Apparel
Home/B00HUAM196.jpg,Home
Home/B0062C8FCU.jpg,Home
Electronics/B016OGQ4TY.jpg,Electronics
Electronics/B004MNSGXY.jpg,Electronics
Apparel/B09JN1BBVV.jpg,Apparel
Apparel/B07CWXWZ6H.jpg,Apparel
Home/B0C6KK4WSS.jpg,Home
Electronics/B00D1FL3KW.jpg,Electronics
Electronics/B000UWILKY.jpg,Electronics
Electronics/B0C6QTRZ1H.jpg,Electronics
Apparel/B012DPPE6O.jpg,Apparel
Apparel/B01N24DY0I.jpg,Apparel
Apparel/B09J8LK2ND.jpg,Apparel
Electronics/B07CPQ4FTW.jpg,Electronics
Electronics/B00HNAVT5K.jpg,Electronics
Apparel/B089NRBRMP.jpg,Apparel
Electronics/B0BXXCSP3J.jpg,Electronics
Apparel/B0791KVWPF.jpg,Apparel
Home/B07CZ8QVMW.jpg,Home
Electronics/B073W1R4XQ.jpg,Electronics
Home/B0BTC64C5V.jpg,Home
Electronics/B019HR7GW6.jpg,Electronics
Apparel/B07NWP1112.jpg,Apparel
Electronics/B01LDTYB4W.jpg,Electronics
Electronics/B00645NQ7E.jpg,Electronics
Electronics/B00H3ZQGYE.jpg,Electronics
Home/B078LG1MN4.jpg,Home
Home/B076H1WB2W.jpg,Home
Home/B00ENJXCPY.jpg,Home
Home/B008MKGQXU.jpg,Home
Electronics/B0728L6S5H.jpg,Electronics
Home/B00HW7FVEO.jpg,Home
Home/B0B8V37BPX.jpg,Home
Home/B0819C4NZD.jpg,Home
Electronics/B098W3K12D.jpg,Electronics
Home/B083NRXVN5.jpg,Home
Apparel/B083Q193M7.jpg,Apparel
Electronics/B07PHBDMV8.jpg,Electronics
Electronics/B007XQQD0U.jpg,Electronics
Electronics/B007PB519W.jpg,Electronics
Electronics/B07BW6K371.jpg,Electronics
Electronics/B0C5VPVN2Y.jpg,Electronics
Electronics/B01IRY0FJG.jpg,Electronics
Apparel/B0771HS3QS.jpg,Apparel
Apparel/B07H45Y9P7.jpg,Apparel
Electronics/B09SM2LYBS.jpg,Electronics
Apparel/B091614PXH.jpg,Apparel
Electronics/B0BQLV7TSJ.jpg,Electronics
Electronics/B0151E38FI.jpg,Electronics
Apparel/B087FGMBXQ.jpg,Apparel
Home/B093F9CL83.jpg,Home
Home/B08CK1MV31.jpg,Home
Home/B09GXYFBYN.jpg,Home
Electronics/B086GFJ1N7.jpg,Electronics
Electronics/B01FMLQA7S.jpg,Electronics
Apparel/B01LEKDW3Q.jpg,Apparel
Home/B083L9KDT2.jpg,Home
Apparel/B01F4N8TVO.jpg,Apparel
Apparel/B08749PQV6.jpg,Apparel
Home/B079SZNTJV.jpg,Home
Electronics/B08HRXJFW6.jpg,Electronics
Home/B08PBNS6HQ.jpg,Home
Apparel/B01NBRQHTO.jpg,Apparel
Electronics/B00N18V91W.jpg,Electronics
Electronics/B07XYH5JY4.jpg,Electronics
Apparel/B097WF9WBK.jpg,Apparel
Apparel/B085W88ZG2.jpg,Apparel
Home/B0096K1PF4.jpg,Home
Home/B07H22WNZL.jpg,Home
Electronics/B07PFW3R3Z.jpg,Electronics
Home/B08KYJY4TT.jpg,Home
Apparel/B00KGSZ2O0.jpg,Apparel
Home/B089K1T7DM.jpg,Home
Apparel/B08YDMT65R.jpg,Apparel
Home/B00KSQVGHC.jpg,Home
Apparel/B073V437DQ.jpg,Apparel
Electronics/B078PLHHS5.jpg,Electronics
Apparel/B09GVRYW3T.jpg,Apparel
Apparel/B007CKDOTA.jpg,Apparel
Electronics/B01LRX4BIU.jpg,Electronics
Electronics/B07BY7CQYT.jpg,Electronics
Apparel/B0748DG9Y3.jpg,Apparel
Electronics/B09S8QB11D.jpg,Electronics
Home/B000B62UFG.jpg,Home
Home/B00676MIGU.jpg,Home
Home/B002R2ZE28.jpg,Home
Electronics/B00E1OTN1S.jpg,Electronics
Electronics/B01864N1YS.jpg,Electronics
Apparel/B01AU2ROUQ.jpg,Apparel
Apparel/B016IAWHFQ.jpg,Apparel
Apparel/B019FYIQE8.jpg,Apparel
Apparel/B00ZB1GBEW.jpg,Apparel
Home/B07D73B5BH.jpg,Home
Electronics/B09PMTV4GL.jpg,Electronics
Electronics/B07PW5JXVV.jpg,Electronics
Home/B0000BVBEI.jpg,Home
Apparel/B01LY85IKQ.jpg,Apparel
Home/B0BNWWWKVS.jpg,Home
Home/B07RND5H34.jpg,Home
Home/B08F2975J4.jpg,Home
Apparel/B01LXY2AR8.jpg,Apparel
Apparel/B07JWHG7F4.jpg,Apparel
Apparel/B094ZCRT3D.jpg,Apparel
Apparel/B07CCN2984.jpg,Apparel
Apparel/B08HR14HVF.jpg,Apparel
Apparel/B0716F1N5Q.jpg,Apparel
Electronics/B0969ZWDLJ.jpg,Electronics
Apparel/B0794CPX7S.jpg,Apparel
Home/B07JK9RK8B.jpg,Home
Apparel/B09GLTNXHN.jpg,Apparel
Electronics/B000MB1WSG.jpg,Electronics
Home/B0B4RSQY9J.jpg,Home
Electronics/B08TSY28C9.jpg,Electronics
Apparel/B07D4CK947.jpg,Apparel
Apparel/B07R4N5XF5.jpg,Apparel
Home/B08LZ8SXG1.jpg,Home
Home/B08ZWBGTTC.jpg,Home
Electronics/B096K6JX74.jpg,Electronics
Electronics/B00ILX2XFS.jpg,Electronics
Home/B006M0N6GM.jpg,Home
Apparel/B093BFZJ7P.jpg,Apparel
Home/B07C6KLZFZ.jpg,Home
Apparel/B003WA044C.jpg,Apparel
Electronics/B07HHSR3TD.jpg,Electronics
Electronics/B09W5LLN77.jpg,Electronics
Apparel/B01LXI4JMW.jpg,Apparel
Electronics/B01COS8JM6.jpg,Electronics
Electronics/B07DZNJKG8.jpg,Electronics
Home/B07HYXJQMM.jpg,Home
Apparel/B00969LI1Q.jpg,Apparel
Electronics/B000BPFHNE.jpg,Electronics
Home/B09YVNPFRS.jpg,Home
Electronics/B07ZGJCVYD.jpg,Electronics
Apparel/B00IEGJY2W.jpg,Apparel
Apparel/B07YF11L4K.jpg,Apparel
Apparel/B07BFKLGQV.jpg,Apparel
Apparel/B00L8C7EPI.jpg,Apparel
Electronics/B004GIGV2I.jpg,Electronics
Home/B07SQ74Z19.jpg,Home
Home/B00QL2Y1YC.jpg,Home
Home/B07DK5MYS9.jpg,Home
Home/B00J41VNZ2.jpg,Home
Electronics/B07FB6B8H4.jpg,Electronics
Electronics/B01N9LAJXM.jpg,Electronics
Home/B01NBJNMV1.jpg,Home
Apparel/B01ASWY8CA.jpg,Apparel
Apparel/B078Z2823H.jpg,Apparel
Electronics/B077XD5K6K.jpg,Electronics
Apparel/B07CTPFJCM.jpg,Apparel
Apparel/B074D23BLQ.jpg,Apparel
Electronics/B01AXQ551Y.jpg,Electronics
Electronics/B08FZ1BDGH.jpg,Electronics
Apparel/B00PW7HW02.jpg,Apparel
Electronics/B01NCE7P96.jpg,Electronics
Apparel/B07SMVQ6VZ.jpg,Apparel
Apparel/B08245L37Y.jpg,Apparel
Electronics/B0086G13PG.jpg,Electronics
Apparel/B08ZK3QGSQ.jpg,Apparel
Apparel/B09PNFDPTS.jpg,Apparel
Apparel/B00TAU93DG.jpg,Apparel
Electronics/B00NJE0Q1M.jpg,Electronics
Apparel/B0912VCNVM.jpg,Apparel
Home/B07SQTC25D.jpg,Home
Electronics/B003Y335BG.jpg,Electronics
Electronics/B0BN8ZGCPB.jpg,Electronics
Electronics/B09Q4ZJBYS.jpg,Electronics
Electronics/B07BFW6R5K.jpg,Electronics
Apparel/B00JG2E5Q8.jpg,Apparel
Electronics/B09MW3KXBT.jpg,Electronics
Apparel/B085DK5PDR.jpg,Apparel
Home/B079TC5X3L.jpg,Home
Electronics/B077NH1LS5.jpg,Electronics
Electronics/B082TQ6QG1.jpg,Electronics
Home/B08KBSH1PL.jpg,Home
Home/B017VQ7TFY.jpg,Home
Electronics/B08K2MK649.jpg,Electronics
Electronics/B07C9RZ234.jpg,Electronics
Apparel/B074MWS6RB.jpg,Apparel
Electronics/B009IQKH46.jpg,Electronics
Electronics/B00ANBK11Y.jpg,Electronics
Electronics/B00J86UXE0.jpg,Electronics
Apparel/B01EHM9SFE.jpg,Apparel
Electronics/B0B3MR758S.jpg,Electronics
Home/B01AJP9S9Y.jpg,Home
Electronics/B09F3D5ZKQ.jpg,Electronics
Apparel/B093LGJC8G.jpg,Apparel
Electronics/B07L2TRFWZ.jpg,Electronics
Home/B0034KYORI.jpg,Home
Apparel/B01FU2F4J4.jpg,Apparel
Electronics/B09NJM77VN.jpg,Electronics
Home/B000OR0VK8.jpg,Home
Home/B08P5BJRYX.jpg,Home
Electronics/B01BNDL90W.jpg,Electronics
Home/B08THNK4V1.jpg,Home
Apparel/B000NRV95U.jpg,Apparel
Home/B01K84OEVS.jpg,Home
Electronics/B01HMXE3S2.jpg,Electronics
Apparel/B07WRV1T3H.jpg,Apparel
Electronics/B08FX4ZYJR.jpg,Electronics
Apparel/B01EU7I1VS.jpg,Apparel
Home/B07F3DS6M8.jpg,Home
Electronics/B07P7XC3N4.jpg,Electronics
Home/B0BMY8HLVV.jpg,Home
Apparel/B004BIWBEA.jpg,Apparel
Apparel/B087Q4ST1V.jpg,Apparel
Apparel/B078F9TBJD.jpg,Apparel
Apparel/B09B11XKNQ.jpg,Apparel
Apparel/B00B0OPZSC.jpg,Apparel
Apparel/B01GD525SA.jpg,Apparel
Electronics/B08BZCRL7N.jpg,Electronics
Electronics/B0BZVNGWK7.jpg,Electronics
Electronics/B0BGHKSXPB.jpg,Electronics
Home/B00VKNS3GE.jpg,Home
Apparel/B0765QV82J.jpg,Apparel
Apparel/B0155YFGTK.jpg,Apparel
Apparel/B07F6Y2F83.jpg,Apparel
Electronics/B08B676QZK.jpg,Electronics
Home/B09N7KPBGN.jpg,Home
Electronics/B07JDH92CN.jpg,Electronics
Electronics/B00086HUIG.jpg,Electronics
Home/B0811LGRSY.jpg,Home
Home/B0BG646GVM.jpg,Home
Apparel/B095YKG6XL.jpg,Apparel
Home/B09QPMRYQ9.jpg,Home
Home/B09YGK31QS.jpg,Home
Apparel/B01FMBRU1I.jpg,Apparel
Electronics/B019XQMIS8.jpg,Electronics
Apparel/B07KNL5NQ8.jpg,Apparel
Apparel/B072F26JCB.jpg,Apparel
Electronics/B01E56R002.jpg,Electronics
Apparel/B014WMHGYY.jpg,Apparel
Electronics/B07CRJ46C9.jpg,Electronics
Electronics/B07DX6TVJ2.jpg,Electronics
Electronics/B0164FAXZG.jpg,Electronics
Electronics/B0768S4YFP.jpg,Electronics
Electronics/B083HVC57F.jpg,Electronics
Home/B0040QT3ZS.jpg,Home
Home/B073CH5XRP.jpg,Home
Electronics/B000FVQVQ6.jpg,Electronics
Electronics/B074PN4P1Q.jpg,Electronics
Electronics/B07FJP4DH7.jpg,Electronics
Electronics/B004LGHS8G.jpg,Electronics
Electronics/B08M8Z1VRS.jpg,Electronics
Home/B0982WH8WC.jpg,Home
Electronics/B005BUF4KU.jpg,Electronics
Apparel/B09WK4P8HT.jpg,Apparel
Home/B07TVF9GG1.jpg,Home
Electronics/B0021ON6HW.jpg,Electronics
Apparel/B07PMMZ2HG.jpg,Apparel
Electronics/B0BL2CQRGW.jpg,Electronics
Home/B0B1J81M8R.jpg,Home
Electronics/B07PB18L6N.jpg,Electronics
Apparel/B09VBYC3GN.jpg,Apparel
Apparel/B081VVYFLL.jpg,Apparel
Home/B09V3L49KF.jpg,Home
Apparel/B07578QTBK.jpg,Apparel
Apparel/B072MDZJWT.jpg,Apparel
Apparel/B07DCHSS4R.jpg,Apparel
Home/B00EP5EPWU.jpg,Home
Home/B08BF87NNC.jpg,Home
Home/B07XKR9Q5R.jpg,Home
Home/B06Y5BK8YF.jpg,Home
Apparel/B07G8VLHL4.jpg,Apparel
Apparel/B072QD2S1X.jpg,Apparel
Home/B07X21MF7J.jpg,Home
Electronics/B09QQ21WJZ.jpg,Electronics
Electronics/B006MKF2CS.jpg,Electronics
Apparel/B07V527V91.jpg,Apparel
Home/B08FHRZSJW.jpg,Home
Electronics/B0010CM1HC.jpg,Electronics
Electronics/B07NPLNJHD.jpg,Electronics
Electronics/B074H13BYF.jpg,Electronics
Home/B01L0NF6PO.jpg,Home
Apparel/B0019NJIKA.jpg,Apparel
Apparel/B089QD58LB.jpg,Apparel
Home/B07JM5DYGB.jpg,Home
Apparel/B07KY4V7RH.jpg,Apparel
Electronics/B00821DF2Y.jpg,Electronics
Apparel/B07DQ9WYSM.jpg,Apparel
Apparel/B0855NMNX9.jpg,Apparel
Apparel/B07GHV3HTF.jpg,Apparel
Home/B09FLF29NQ.jpg,Home
Home/B082MRZSKP.jpg,Home
Apparel/B08163HP84.jpg,Apparel
Electronics/B07T9P7SCH.jpg,Electronics
Home/B08T9XVCQM.jpg,Home
Apparel/B08F7BS81S.jpg,Apparel
Apparel/B06XWYYB2V.jpg,Apparel
Apparel/B07DMG6KJQ.jpg,Apparel
Apparel/B071CP3LP4.jpg,Apparel
Home/B085BY8KH6.jpg,Home
Home/B071WHJB3T.jpg,Home
Apparel/B07F2LQNT7.jpg,Apparel
Electronics/B0071RQ64E.jpg,Electronics
Home/B082VKC2B7.jpg,Home
Apparel/B07D8S3YX4.jpg,Apparel
Electronics/B0BGR7DJRZ.jpg,Electronics
Home/B07ZTYZ3S5.jpg,Home
Electronics/B009D5NDO8.jpg,Electronics
Home/B0BJ6WR4VL.jpg,Home
Electronics/B07PTPFSQF.jpg,Electronics
Apparel/B07GFKNBBR.jpg,Apparel
Home/B0BN759MGJ.jpg,Home
Home/B07H23V45W.jpg,Home
Home/B087NCLV7T.jpg,Home
Apparel/B07FYDMWX4.jpg,Apparel
Home/B00GHIS2YA.jpg,Home
Apparel/B07VZWR724.jpg,Apparel
Electronics/B07KXPB7QH.jpg,Electronics
Home/B0991PFTRV.jpg,Home
Apparel/B01MDTFHO1.jpg,Apparel
Apparel/B07BFYKX3V.jpg,Apparel
Apparel/B08C7WR8P8.jpg,Apparel
Electronics/B09PD3H6GG.jpg,Electronics
Home/B0BX6G6MWF.jpg,Home
Home/B07MQYB6YD.jpg,Home
Home/B01FYFUGSG.jpg,Home
Electronics/B08ZCSTS2X.jpg,Electronics
Home/B00N4QEDMS.jpg,Home
Apparel/B09ZV6J6GV.jpg,Apparel
Apparel/B07MCSW84B.jpg,Apparel
Apparel/B08P4V2LP7.jpg,Apparel
Home/B00PYHI420.jpg,Home
Apparel/B01ESNNS5S.jpg,Apparel
Home/B0BTNQVWKH.jpg,Home
Electronics/B07ZNL1KXW.jpg,Electronics
Home/B0009OAMZ0.jpg,Home
Electronics/B004LLPUSG.jpg,Electronics
Electronics/B07XD6KH48.jpg,Electronics
Electronics/B0B8YZCWJF.jpg,Electronics
Home/B08D3FZM4S.jpg,Home
Home/B00MIOSHG0.jpg,Home
Home/B08R6S55WF.jpg,Home
Apparel/B07QSRZXGB.jpg,Apparel
Apparel/B091C6RZYZ.jpg,Apparel
Home/B0BSTRZBF9.jpg,Home
Apparel/B0773KP5J5.jpg,Apparel
Apparel/B000SIH386.jpg,Apparel
Apparel/B07C2Z9P6D.jpg,Apparel
Electronics/B06XV8GPVB.jpg,Electronics
Home/B07VBK52RY.jpg,Home
Home/B00QA22UGE.jpg,Home
Electronics/B08B8LQMRZ.jpg,Electronics
Apparel/B01EIDXUF6.jpg,Apparel
Electronics/B08H7ZLNR4.jpg,Electronics
Home/B008QV90D8.jpg,Home
Electronics/B013FAGTQA.jpg,Electronics
Electronics/B08ZZV1S4L.jpg,Electronics
Apparel/B09QBVNP23.jpg,Apparel
Electronics/B000ARDHN0.jpg,Electronics
Home/B000LZVTWW.jpg,Home
Electronics/B08G8XX479.jpg,Electronics
Home/B09CL1J315.jpg,Home
Home/B00DDV2UK6.jpg,Home
Electronics/B00915CTYU.jpg,Electronics
Home/B01N0292NN.jpg,Home
Home/B09T9SS4NH.jpg,Home
Home/B09PC9SVYN.jpg,Home
Apparel/B088NJ3V1C.jpg,Apparel
Apparel/B016NOQL4K.jpg,Apparel
Home/B098TL3JJF.jpg,Home
Home/B074W1SLDX.jpg,Home
Apparel/B07G7N8HK3.jpg,Apparel
Home/B09XMQPVHL.jpg,Home
Electronics/B08L93M96G.jpg,Electronics
Home/B092NFT11Z.jpg,Home
Electronics/B01MRHFKTY.jpg,Electronics
Home/B09J4T5ZNR.jpg,Home
Apparel/B07QF333RY.jpg,Apparel
Home/B074Z193RR.jpg,Home
Electronics/B007XL5NNI.jpg,Electronics
Apparel/B07V9H9BH4.jpg,Apparel
Home/B09C1XYCH8.jpg,Home
Apparel/B07MQB12ZC.jpg,Apparel
Electronics/B001DU24VO.jpg,Electronics
Apparel/B06Y4F658H.jpg,Apparel
Home/B09Y1JZ52M.jpg,Home
Home/B08R3G47XC.jpg,Home
Home/B0006B3VKE.jpg,Home
Home/B098DMD3JG.jpg,Home
Home/B06X1BDBR9.jpg,Home
Electronics/B001FWXFKE.jpg,Electronics
Home/B014HHBKKU.jpg,Home
Apparel/B00PHXPYX8.jpg,Apparel
Apparel/B08LXM6Y6D.jpg,Apparel
Apparel/B015OBFF4K.jpg,Apparel
Electronics/B091FLQXGN.jpg,Electronics
Electronics/B077JSMPS6.jpg,Electronics
Electronics/B01M0INCFI.jpg,Electronics
Apparel/B01MG5FKPY.jpg,Apparel
Apparel/B097DCTLPF.jpg,Apparel
Home/B0039PQSYU.jpg,Home
Home/B06XDSC2RQ.jpg,Home
Electronics/B07NQ319GC.jpg,Electronics
Electronics/B00GF4NJJY.jpg,Electronics
Electronics/B00KSTXVDQ.jpg,Electronics
Home/B0718ZNMLH.jpg,Home
Home/B08XB9D8HG.jpg,Home
Home/B0B1LNXQ12.jpg,Home
Apparel/B093FRBD7N.jpg,Apparel
Apparel/B09BZQHPY2.jpg,Apparel
Electronics/B01M0HPRQC.jpg,Electronics
Electronics/B007DAJXP8.jpg,Electronics
Electronics/B01M1VAE6P.jpg,Electronics
Electronics/B07JZHXN7W.jpg,Electronics
Home/B001D1DUL6.jpg,Home
Apparel/B09N3YC1VR.jpg,Apparel
Apparel/B01NAJ1MD3.jpg,Apparel
Apparel/B0BVMDDMB3.jpg,Apparel
Electronics/B01AU844EE.jpg,Electronics
Apparel/B00FT9SX8S.jpg,Apparel
Electronics/B08TQR9JTW.jpg,Electronics
Apparel/B0BRLB9P46.jpg,Apparel
Apparel/B00CPABRSM.jpg,Apparel
Apparel/B08Z7TKB7V.jpg,Apparel
Apparel/B0984VVC6D.jpg,Apparel
Apparel/B08S3GJJP6.jpg,Apparel
Home/B09D94T84N.jpg,Home
Electronics/B07MVZK5X1.jpg,Electronics
Electronics/B077NPS25F.jpg,Electronics
Electronics/B01GW56VHM.jpg,Electronics
Home/B0814K7WF9.jpg,Home
Apparel/B00SUUBLN2.jpg,Apparel
Home/B0B4DL6J1M.jpg,Home
Apparel/B07Q3HWN78.jpg,Apparel
Electronics/B073TX5X33.jpg,Electronics
Apparel/B0816BDGBV.jpg,Apparel
Home/B00KC3C73S.jpg,Home
Electronics/B0006JKIC0.jpg,Electronics
Electronics/B01KUWSZ3Q.jpg,Electronics
Home/B07D45PT6H.jpg,Home
Home/B0000VMHDW.jpg,Home
Apparel/B06XWXXNH3.jpg,Apparel
Home/B002ROFTKS.jpg,Home
Apparel/B0B7MR8BPP.jpg,Apparel
Home/B00AXOQXDG.jpg,Home
Apparel/B0BFCM9Q7K.jpg,Apparel
Home/B07GCMBG6T.jpg,Home
Home/B01KKNJN4K.jpg,Home
Electronics/B01JUBGRAQ.jpg,Electronics
Home/B00BIXPDT6.jpg,Home
Apparel/B09JSH3P8T.jpg,Apparel
Electronics/B079YCS3N6.jpg,Electronics
Home/B00FRIATFG.jpg,Home
Electronics/B081SNJRWY.jpg,Electronics
Electronics/B07S2HY3BW.jpg,Electronics
Home/B0090H6I1E.jpg,Home
Apparel/B07M926T5G.jpg,Apparel
Apparel/B01L7MWTK8.jpg,Apparel
Apparel/B00GXG0U8M.jpg,Apparel
Home/B089F66CTM.jpg,Home
Electronics/B00KWBO6T8.jpg,Electronics
Apparel/B082YYNKF8.jpg,Apparel
Apparel/B07BY4D8ZC.jpg,Apparel
Apparel/B01E7TWMWS.jpg,Apparel
Home/B07T677JZS.jpg,Home
Electronics/B006D8FZQW.jpg,Electronics
Electronics/B07STDVDJV.jpg,Electronics
Home/B0BKSY8JJ8.jpg,Home
Electronics/B004ZF7UX6.jpg,Electronics
Apparel/B00HZSHOV8.jpg,Apparel
Apparel/B0088K5HMU.jpg,Apparel
Home/B087Q3TBTQ.jpg,Home
Apparel/B01N4BAC6U.jpg,Apparel
Electronics/B007UYKG4E.jpg,Electronics
Electronics/B08KZ7BPQQ.jpg,Electronics
Electronics/B017Y9P0WC.jpg,Electronics
Apparel/B085T7Q6WC.jpg,Apparel
Electronics/B07Q19KZWM.jpg,Electronics
Electronics/B09BN64X1D.jpg,Electronics
Apparel/B0B9HVFCN9.jpg,Apparel
Home/B09LYG9R67.jpg,Home
Electronics/B00KAJ2PKO.jpg,Electronics
Electronics/B019MC4QEW.jpg,Electronics
Apparel/B089GVQ2ZD.jpg,Apparel
Apparel/B08LVD579M.jpg,Apparel
Electronics/B0006ZSWCW.jpg,Electronics
Apparel/B01JBH7ZS2.jpg,Apparel
Apparel/B01GJ365XW.jpg,Apparel
Home/B086WVZP6X.jpg,Home
Apparel/B07JW53WZ9.jpg,Apparel
Home/B07BTSFSZ3.jpg,Home
Home/B07Y8B9PCL.jpg,Home
Home/B085ZTSZ38.jpg,Home
Home/B00SI6NO8I.jpg,Home
Electronics/B00HFKN1EA.jpg,Electronics
Home/B00I40X4EW.jpg,Home
Electronics/B09RX28G43.jpg,Electronics
Apparel/B00DCKDO7G.jpg,Apparel
Home/B08QVDJCF5.jpg,Home
Apparel/B07DVHQJHM.jpg,Apparel
Apparel/B07TKB9VRZ.jpg,Apparel
Home/B09LVL72V4.jpg,Home
Electronics/B00RUIP0Y6.jpg,Electronics
Electronics/B0731MBXSD.jpg,Electronics
Electronics/B001F0RO08.jpg,Electronics
Apparel/B06ZZSTMH9.jpg,Apparel
Home/B0C6JTNGLJ.jpg,Home
Electronics/B07VTM42F9.jpg,Electronics
Electronics/B074XS5XJT.jpg,Electronics
Apparel/B072MF959P.jpg,Apparel
Home/B07B8QJ1L2.jpg,Home
Apparel/B07TYN2XBP.jpg,Apparel
Apparel/B01HW1ZC5W.jpg,Apparel
Electronics/B01H4FOMTI.jpg,Electronics
Electronics/B081KLHWGY.jpg,Electronics
Apparel/B07D4Q8KHJ.jpg,Apparel
Electronics/B08NP1LWG3.jpg,Electronics
Apparel/B07CY4QHC8.jpg,Apparel
Electronics/B0C7CM949R.jpg,Electronics
Apparel/B07V1NZSYB.jpg,Apparel
Electronics/B0B5KZ8KGG.jpg,Electronics
Apparel/B073RT968R.jpg,Apparel
Home/B01LW91MSB.jpg,Home
Apparel/B07K71QKNN.jpg,Apparel
Apparel/B08BXRSWQF.jpg,Apparel
Home/B08221RTSR.jpg,Home
Apparel/B07G5XZKMG.jpg,Apparel
Home/B00QJ4L4FQ.jpg,Home
Home/B009AB42JU.jpg,Home
Apparel/B07HTH8YKM.jpg,Apparel
Apparel/B013RVTSG0.jpg,Apparel
Electronics/B0722KG6D6.jpg,Electronics
Apparel/B07NV241MQ.jpg,Apparel
Home/B07GJ6T2DX.jpg,Home
Home/B077HLRH38.jpg,Home
Electronics/B00EO01ZOM.jpg,Electronics
Apparel/B07S9LKL6Y.jpg,Apparel
Electronics/B00DMFMADA.jpg,Electronics
Home/B0817738H4.jpg,Home
Apparel/B07F35ZF5Z.jpg,Apparel
Electronics/B0045ZTQJ2.jpg,Electronics
Electronics/B07PS9MZZH.jpg,Electronics
Electronics/B015TCMULA.jpg,Electronics
Apparel/B00S5XMDIQ.jpg,Apparel
Home/B07DZVVSJL.jpg,Home
Apparel/B07R3GZZZF.jpg,Apparel
Electronics/B08LKHKJGQ.jpg,Electronics
Apparel/B083WFYCL1.jpg,Apparel
Home/B07PQGT9QS.jpg,Home
Electronics/B0038Q7R9K.jpg,Electronics
Electronics/B07PGHT94K.jpg,Electronics
Apparel/B01FMU3GQ2.jpg,Apparel
Electronics/B001V7R6A8.jpg,Electronics
Apparel/B01MXEABG8.jpg,Apparel
Home/B09V6GM2MX.jpg,Home
Apparel/B076PPLWNV.jpg,Apparel
Apparel/B01C4OTLFY.jpg,Apparel
Electronics/B07H85VD2F.jpg,Electronics
Apparel/B08Q6CN249.jpg,Apparel
Home/B0147MSU8A.jpg,Home
Apparel/B000FV3GLY.jpg,Apparel
Apparel/B01LOK0G26.jpg,Apparel
Electronics/B0B4JV16YJ.jpg,Electronics
Apparel/B086JYHFH9.jpg,Apparel
Apparel/B07KT8CMF9.jpg,Apparel
Electronics/B06Y41BGX2.jpg,Electronics
Apparel/B07H94TTGL.jpg,Apparel
Apparel/B016SSC2WQ.jpg,Apparel
Apparel/B00L3P76SA.jpg,Apparel
Home/B07JNQ3VGK.jpg,Home
Home/B07SC4LJVM.jpg,Home
Apparel/B004E48HHG.jpg,Apparel
Home/B086TV1CQF.jpg,Home
Home/B07Q72M6YW.jpg,Home
Apparel/B071W6GVHX.jpg,Apparel
Home/B008MM45XQ.jpg,Home
Apparel/B01N2OZUOK.jpg,Apparel
Electronics/B07Q37CCVR.jpg,Electronics
Electronics/B07SXD6Q4Z.jpg,Electronics
Home/B08FDLW1LW.jpg,Home
Apparel/B01DX10ZM0.jpg,Apparel
Electronics/B00V0WKPN4.jpg,Electronics
Electronics/B0BLC41B88.jpg,Electronics
Electronics/B000067RQB.jpg,Electronics
Apparel/B077K6F2G2.jpg,Apparel
Electronics/B075M9QX46.jpg,Electronics
Electronics/B011LI94ZG.jpg,Electronics
Home/B0BLST793V.jpg,Home
Home/B07JCJ6J6J.jpg,Home
Home/B00X9FGWCS.jpg,Home
Apparel/B01CJKC0UQ.jpg,Apparel
Apparel/B00HEYWFL2.jpg,Apparel
Apparel/B01EMCKO84.jpg,Apparel
Apparel/B07MC1D9TF.jpg,Apparel
Apparel/B01ER29QI8.jpg,Apparel
Home/B007Y1LMNC.jpg,Home
Home/B08X44HTXN.jpg,Home
Electronics/B08JKQQ8YY.jpg,Electronics
Electronics/B00BZABGWK.jpg,Electronics
Apparel/B07RH9RKS9.jpg,Apparel
Electronics/B00005LLVP.jpg,Electronics
Apparel/B07DQFPM6H.jpg,Apparel
Home/B09TWZHVDC.jpg,Home
Electronics/B077T48R3V.jpg,Electronics
Electronics/B00HCM0CJ8.jpg,Electronics
Home/B018YGZ9A2.jpg,Home
Electronics/B09NLYQDSG.jpg,Electronics
Electronics/B07YJJ1G1S.jpg,Electronics
Apparel/B08QLY1MXK.jpg,Apparel
Home/B0000VLEOK.jpg,Home
Home/B088D8V6WQ.jpg,Home
Apparel/B01CVHTTOW.jpg,Apparel
Apparel/B008J1HMU8.jpg,Apparel
Electronics/B00FRDIU3E.jpg,Electronics
Home/B086MC21D5.jpg,Home
Electronics/B0769D4RN5.jpg,Electronics
Apparel/B01F8IWD9O.jpg,Apparel
Apparel/B073ZP5H6K.jpg,Apparel
Home/B095SFPCYT.jpg,Home
Home/B076XX97MR.jpg,Home
Electronics/B01L0YQSDM.jpg,Electronics
Electronics/B0756WDWW5.jpg,Electronics
Apparel/B07G74F7RJ.jpg,Apparel
Electronics/B01BVUWXKC.jpg,Electronics
Home/B0001BMYHU.jpg,Home
Home/B07Y9QMV9C.jpg,Home
Electronics/B09RLQ8YJ8.jpg,Electronics
Home/B0BSKR49Q8.jpg,Home
Home/B0B6V9DK4R.jpg,Home
Apparel/B01MR4ROSB.jpg,Apparel
Electronics/B0744NJFC7.jpg,Electronics
Home/B07QM619KM.jpg,Home
Electronics/B001DAIEVI.jpg,Electronics
Home/B0996B8M2T.jpg,Home
Apparel/B00ZOQB2YI.jpg,Apparel
Electronics/B0BR3VVDQ2.jpg,Electronics
Apparel/B013LO6LZ4.jpg,Apparel
Apparel/B07X6CFCXV.jpg,Apparel
Electronics/B0153RGFG2.jpg,Electronics
Home/B099287JY6.jpg,Home
Electronics/B01CJU8FV4.jpg,Electronics
Home/B0B5ZP6B9Z.jpg,Home
Apparel/B01HD6DR9O.jpg,Apparel
Electronics/B013W3BJR4.jpg,Electronics
Apparel/B07V6514G7.jpg,Apparel
Home/B09QCYGSNN.jpg,Home
Home/B08T5NYLQC.jpg,Home
Home/B08MPXMD4R.jpg,Home
Electronics/B000EEW0M8.jpg,Electronics
Home/B00KG5I8D0.jpg,Home
Home/B012PO977U.jpg,Home
Electronics/B004CMYI3W.jpg,Electronics
Apparel/B08D8HZTN9.jpg,Apparel
Apparel/B0777DWZMM.jpg,Apparel
Apparel/B0792TBQY1.jpg,Apparel
Apparel/B083HQX8R2.jpg,Apparel
Home/B085NX9H6K.jpg,Home
Electronics/B0002WT6S8.jpg,Electronics
Home/B09ZX9MHH6.jpg,Home
Home/B0BKPS1C4W.jpg,Home
Home/B000CO01KS.jpg,Home
Apparel/B08NXQZYCG.jpg,Apparel
Electronics/B01I2EGNPG.jpg,Electronics
Apparel/B00KR31U8Q.jpg,Apparel
Apparel/B07S4PLYWC.jpg,Apparel
Electronics/B007T1IQAY.jpg,Electronics
Apparel/B08B4LFZL7.jpg,Apparel
Electronics/B08V1DGCYN.jpg,Electronics
Electronics/B00K91D8CW.jpg,Electronics
Electronics/B0007L8ATK.jpg,Electronics
Apparel/B01J28RRYC.jpg,Apparel
Apparel/B06VW519CM.jpg,Apparel
Electronics/B000060JYU.jpg,Electronics
Home/B0BR961H6P.jpg,Home
Electronics/B07QP5ZNSV.jpg,Electronics
Electronics/B09GMM55GZ.jpg,Electronics
Home/B00NL3P9VI.jpg,Home
Home/B07Q43NNB2.jpg,Home
Electronics/B07BX92BGP.jpg,Electronics
Apparel/B06Y66X4PR.jpg,Apparel
Home/B07MVR62NN.jpg,Home
Electronics/B004O3DE7K.jpg,Electronics
Home/B07B3VXX9S.jpg,Home
Electronics/B01D3OB18O.jpg,Electronics
Home/B00EQCY0MC.jpg,Home
Home/B0097CDMJ8.jpg,Home
Apparel/B0895Q64G8.jpg,Apparel
Electronics/B07CP9ZQ72.jpg,Electronics
Apparel/B07D8FDCP3.jpg,Apparel
Apparel/B0728LP4QR.jpg,Apparel
Electronics/B07CQNMGD6.jpg,Electronics
Electronics/B077FVDZC4.jpg,Electronics
Electronics/B00NUQHN2O.jpg,Electronics
Apparel/B072KMNN9T.jpg,Apparel
Apparel/B08DZY8PL8.jpg,Apparel
Electronics/B07W85NWFH.jpg,Electronics
Apparel/B01DIN1QB2.jpg,Apparel
Home/B0774WF9SK.jpg,Home
Electronics/B01F4MB2UK.jpg,Electronics
Home/B07VLH2S13.jpg,Home
Electronics/B09CTFXYQL.jpg,Electronics
Apparel/B07BCZW4KG.jpg,Apparel
Home/B082X11CQS.jpg,Home
Apparel/B08BCMPSFX.jpg,Apparel
Electronics/B08T6FBJ1N.jpg,Electronics
Electronics/B07MQ7JBK9.jpg,Electronics
Electronics/B000A7QI5O.jpg,Electronics
Electronics/B07JCZM4C3.jpg,Electronics
Apparel/B015YON5H6.jpg,Apparel
Electronics/B00VRGKVWS.jpg,Electronics
Apparel/B00E8GNP8G.jpg,Apparel
Home/B00XWLHTIU.jpg,Home
Home/B094N645FX.jpg,Home
Electronics/B0007OWN0Y.jpg,Electronics
Apparel/B00888LV5Y.jpg,Apparel
Home/B0B28BH3J8.jpg,Home
Apparel/B01NAJHBLU.jpg,Apparel
Home/B01MUCL07C.jpg,Home
Apparel/B01LXLY15X.jpg,Apparel
Home/B00PSAPRLE.jpg,Home
Apparel/B07C22WQJN.jpg,Apparel
Electronics/B017MG0ACC.jpg,Electronics
Home/B01EXJOP5Y.jpg,Home
Electronics/B0BR882YHH.jpg,Electronics
Apparel/B07WNG1S89.jpg,Apparel
Electronics/B006EKHQEI.jpg,Electronics
Electronics/B092QVGWYG.jpg,Electronics
Apparel/B07K2LNSKW.jpg,Apparel
Apparel/B086GC4XXN.jpg,Apparel
Apparel/B093BHFYD7.jpg,Apparel
Apparel/B017D7H636.jpg,Apparel
Home/B07FCT1QFG.jpg,Home
Home/B0BGP6DSRB.jpg,Home
Electronics/B085QBBXQ4.jpg,Electronics
Electronics/B00BKVZWIS.jpg,Electronics
Home/B002LSHXSG.jpg,Home
Apparel/B08GC821DF.jpg,Apparel
Home/B09C29V9L9.jpg,Home
Apparel/B07X5FV97H.jpg,Apparel
Apparel/B09MTJV7LF.jpg,Apparel
Home/B0B7SN7W4N.jpg,Home
Apparel/B07JX8H2R1.jpg,Apparel
Home/B09Y98PGRM.jpg,Home
Electronics/B00EHDONUY.jpg,Electronics
Home/B075QL89JX.jpg,Home
Home/B0BS1VZ93P.jpg,Home
Electronics/B00HOH5PNY.jpg,Electronics
Home/B08QR99HNT.jpg,Home
Apparel/B00GT08IEA.jpg,Apparel
Electronics/B0BLH1K479.jpg,Electronics
Electronics/B08J6NCW17.jpg,Electronics
Apparel/B07GCHHF8D.jpg,Apparel
Apparel/B06XJZR22T.jpg,Apparel
Home/B01FYZLKNG.jpg,Home
Electronics/B07X4J49MX.jpg,Electronics
Apparel/B07VC12QPP.jpg,Apparel
Apparel/B07PWGL3VR.jpg,Apparel
Home/B00D41PHLY.jpg,Home
Home/B0897D318H.jpg,Home
Home/B093TGD79Q.jpg,Home
Home/B07M6PK31S.jpg,Home
Home/B013ZHSWW2.jpg,Home
Electronics/B07KJCX85G.jpg,Electronics
Apparel/B07GSD9JPT.jpg,Apparel
Apparel/B09CZLP9C7.jpg,Apparel
Apparel/B077889NHW.jpg,Apparel
Electronics/B00134MMRG.jpg,Electronics
Home/B07XTF6VJP.jpg,Home
Electronics/B00C43A0YM.jpg,Electronics
Apparel/B088X4CLD8.jpg,Apparel
Electronics/B01MYW3LCJ.jpg,Electronics
Apparel/B019HIT092.jpg,Apparel
Home/B00ZBCFP5C.jpg,Home
Home/B0BCFYL453.jpg,Home
Apparel/B078XDG3CP.jpg,Apparel
Home/B0852WNSY5.jpg,Home
Electronics/B0C27YLFPD.jpg,Electronics
Apparel/B00GRL5V0U.jpg,Apparel
Apparel/B08HC5JTT8.jpg,Apparel
Home/B07QX7ZSFQ.jpg,Home
Home/B09QKJ3K6G.jpg,Home
Electronics/B01N5LQ7Z3.jpg,Electronics
Home/B01HT2VV9A.jpg,Home
Apparel/B07XTDSTBM.jpg,Apparel
Electronics/B09KH95VQN.jpg,Electronics
Home/B00KMD2FZI.jpg,Home
Apparel/B07WNLDDRN.jpg,Apparel
Electronics/B01LYXFJWB.jpg,Electronics
Apparel/B07MYYKRMV.jpg,Apparel
Apparel/B074PF2VRG.jpg,Apparel
Apparel/B079HLK5NV.jpg,Apparel
Apparel/B08TWM9CZV.jpg,Apparel
Electronics/B003ZC7UQC.jpg,Electronics
Home/B000RZPVGG.jpg,Home
Electronics/B00GWF7DJS.jpg,Electronics
Home/B09CTKPYK3.jpg,Home
Electronics/B0BN9M77DL.jpg,Electronics
Home/B01MD1CTBQ.jpg,Home
Home/B08T6Z886Y.jpg,Home
Electronics/B09GLR8VXZ.jpg,Electronics
Electronics/B001E1ETSI.jpg,Electronics
Electronics/B091GTW1SH.jpg,Electronics
Apparel/B00OOX9J0G.jpg,Apparel
Home/B07H47WFCM.jpg,Home
Electronics/B074S39NKC.jpg,Electronics
Home/B07SLXM9W1.jpg,Home
Home/B007J3JO94.jpg,Home
Home/B0176SPZGW.jpg,Home
Home/B07DKSVVWW.jpg,Home
Home/B08TWN1FHW.jpg,Home
Apparel/B0748D1C81.jpg,Apparel
Apparel/B016EWDQWQ.jpg,Apparel
Apparel/B013QM5C24.jpg,Apparel
Electronics/B00J8D0LT0.jpg,Electronics
Electronics/B07P2VJ2H6.jpg,Electronics
Home/B09XF5MSQ6.jpg,Home
Apparel/B092TDCK9P.jpg,Apparel
Apparel/B07B45YH1S.jpg,Apparel
Home/B004FN11D8.jpg,Home
Apparel/B08LGQRCPK.jpg,Apparel
Home/B001TPA9LK.jpg,Home
Apparel/B09GJTN99F.jpg,Apparel
Home/B019ANBO2U.jpg,Home
Apparel/B074Y9TYK8.jpg,Apparel
Electronics/B00XJC2LF8.jpg,Electronics
Electronics/B07X98HW1P.jpg,Electronics
Apparel/B01LY1DRYU.jpg,Apparel
Apparel/B07D29CSYY.jpg,Apparel
Apparel/B08D6THQ8K.jpg,Apparel
Apparel/B01MT6RRK0.jpg,Apparel
Apparel/B0194A6DWA.jpg,Apparel
Apparel/B013W94G7I.jpg,Apparel
Apparel/B0995H1XMW.jpg,Apparel
Apparel/B07DM947M3.jpg,Apparel
Apparel/B0172BDU7E.jpg,Apparel
Electronics/B000E261BQ.jpg,Electronics
Electronics/B015IYT03A.jpg,Electronics
Electronics/B01N4PPT4K.jpg,Electronics
Apparel/B08LYMZ494.jpg,Apparel
Home/B07Q5MN8GQ.jpg,Home
Electronics/B09VFHYBCV.jpg,Electronics
Electronics/B07CZMB7L8.jpg,Electronics
Apparel/B07NXTHMBQ.jpg,Apparel
Electronics/B07K7Y65F7.jpg,Electronics
Electronics/B08DYFXF4X.jpg,Electronics
Apparel/B08JYKDDXY.jpg,Apparel
Apparel/B08M9R4LR1.jpg,Apparel
Home/B07XZS6TYG.jpg,Home
Home/B07GR3GF7K.jpg,Home
Electronics/B00B20MA5K.jpg,Electronics
Electronics/B00I14JT9K.jpg,Electronics
Electronics/B00J23DZMG.jpg,Electronics
Electronics/B09TSKFB8S.jpg,Electronics
Electronics/B07W19RR5N.jpg,Electronics
Home/B07Q8769Y8.jpg,Home
Home/B09BL1BTDS.jpg,Home
Apparel/B071CFZ68C.jpg,Apparel
Home/B085WQN9ZG.jpg,Home
Home/B0BLBZ4V5P.jpg,Home
Apparel/B08NPRWBN8.jpg,Apparel
Apparel/B01MDK3RMU.jpg,Apparel
Electronics/B07D5D11C5.jpg,Electronics
Electronics/B000FLD01K.jpg,Electronics
Electronics/B09STVM9HQ.jpg,Electronics
Apparel/B096VD3M73.jpg,Apparel
Home/B0B8SNW49P.jpg,Home
Apparel/B016L4CODO.jpg,Apparel
Home/B005V1YKRC.jpg,Home
Home/B071148XDT.jpg,Home
Home/B07GTDS7B2.jpg,Home
Electronics/B07WFJPDK6.jpg,Electronics
Apparel/B00FNO5DYQ.jpg,Apparel
Apparel/B013QS549O.jpg,Apparel
Home/B01N1NM7RW.jpg,Home
Apparel/B01LWTH37F.jpg,Apparel
Home/B076HBX4TR.jpg,Home
Apparel/B07QZ1B983.jpg,Apparel
Apparel/B07K6SD91P.jpg,Apparel
Electronics/B01MR15JCU.jpg,Electronics
Electronics/B015KCLE3Y.jpg,Electronics
Electronics/B0BJVBTZ4K.jpg,Electronics
Apparel/B085XRSR6C.jpg,Apparel
Home/B09WDL98MT.jpg,Home
Electronics/B00IVD4E8M.jpg,Electronics
Apparel/B014W5VKAC.jpg,Apparel
Electronics/B00QA233CY.jpg,Electronics
Electronics/B001TUZFZU.jpg,Electronics
Home/B09XPWF6H5.jpg,Home
Electronics/B07MY862KP.jpg,Electronics
Home/B0BNQDYYRN.jpg,Home
Electronics/B07RWHYTVB.jpg,Electronics
Home/B07H7D5PCN.jpg,Home
Apparel/B07NZTCN4H.jpg,Apparel
Apparel/B0897JRXP8.jpg,Apparel
Home/B013ITUD24.jpg,Home
Home/B0B9GG3HH7.jpg,Home
Electronics/B01FGRQHS0.jpg,Electronics
Home/B0915J8MX5.jpg,Home
Apparel/B018X8IE76.jpg,Apparel
Home/B08NWRBK51.jpg,Home
Electronics/B07QF8TDT1.jpg,Electronics
Apparel/B013G72FLU.jpg,Apparel
Home/B074HF7DX5.jpg,Home
Home/B08CWCKYYB.jpg,Home
Home/B09G9986F4.jpg,Home
Electronics/B076LGZW1B.jpg,Electronics
Home/B00EPMOGPE.jpg,Home
Apparel/B07MQPTRP5.jpg,Apparel
Apparel/B00B62XJ8Q.jpg,Apparel
Home/B01CR6HO5I.jpg,Home
Electronics/B00SG6MZF8.jpg,Electronics
Electronics/B09KXX9PDT.jpg,Electronics
Electronics/B0714P126Y.jpg,Electronics
Apparel/B07FJL92BB.jpg,Apparel
Electronics/B0002CNQ3E.jpg,Electronics
Apparel/B0755X31BL.jpg,Apparel
Apparel/B01HMEDX0U.jpg,Apparel
Electronics/B0009M1B9I.jpg,Electronics
Home/B07C6NLTT4.jpg,Home
Electronics/B0761G3V3R.jpg,Electronics
Electronics/B091BZLXG1.jpg,Electronics
Electronics/B00A0HZMEM.jpg,Electronics
Electronics/B01EJV7RUG.jpg,Electronics
Apparel/B09NSBG1KJ.jpg,Apparel
Electronics/B09XTPTSYW.jpg,Electronics
Home/B014VG4ZYA.jpg,Home
Electronics/B01M4F9YL0.jpg,Electronics
Home/B001CHIE4Y.jpg,Home
Electronics/B00F2O2494.jpg,Electronics
Home/B078W4K7D1.jpg,Home
Electronics/B01GPBDJFA.jpg,Electronics
Apparel/B07478WB3C.jpg,Apparel
Electronics/B0B1VJT9W1.jpg,Electronics
Home/B0BJDKS9W6.jpg,Home
Electronics/B08CXPX78D.jpg,Electronics
Apparel/B074KJGH85.jpg,Apparel
Home/B06XTRQYFN.jpg,Home
Apparel/B01FIVUHJE.jpg,Apparel
Electronics/B00005T7CD.jpg,Electronics
Electronics/B0BKK2XK42.jpg,Electronics
Apparel/B07XVDHXVN.jpg,Apparel
Home/B01DED26DI.jpg,Home
Apparel/B01FWKXOR8.jpg,Apparel
Apparel/B08146BM7K.jpg,Apparel
Electronics/B0C62322YT.jpg,Electronics
Electronics/B01LWSJV08.jpg,Electronics
Home/B00ARM3EG8.jpg,Home
Home/B07F5W1ZT4.jpg,Home
Apparel/B074VVNMDG.jpg,Apparel
Electronics/B07L6NRBNZ.jpg,Electronics
Home/B07BJ1T9M8.jpg,Home
Apparel/B07G43TFXS.jpg,Apparel
Apparel/B07F1M4T9Q.jpg,Apparel
Apparel/B01N21KF3E.jpg,Apparel
Home/B07GX1DQ4X.jpg,Home
Home/B07FNP81ZJ.jpg,Home
Apparel/B01BURUXDU.jpg,Apparel
Home/B00G067L3W.jpg,Home
Electronics/B013VLSF0G.jpg,Electronics
Home/B00KKCWS80.jpg,Home
Apparel/B09W5K1J1K.jpg,Apparel
Electronics/B07Z5R8CRS.jpg,Electronics
Home/B07MTNVV65.jpg,Home
Home/B08QMNYHMJ.jpg,Home
Apparel/B08V95XS34.jpg,Apparel
Electronics/B008C7AFH6.jpg,Electronics
Apparel/B08J3RJ6ZG.jpg,Apparel
Electronics/B07K2JT26J.jpg,Electronics
Apparel/B07S1GZ1DD.jpg,Apparel
Electronics/B00475VS1Y.jpg,Electronics
Apparel/B075F414S7.jpg,Apparel
Electronics/B075R94CRR.jpg,Electronics
Apparel/B00G1PRGQ4.jpg,Apparel
Electronics/B08JGF5DTM.jpg,Electronics
Home/B0BCP46LDT.jpg,Home
Home/B001A44JAM.jpg,Home
Home/B093CPPGB3.jpg,Home
Electronics/B06XR36TYN.jpg,Electronics
Home/B0BD4ZKC74.jpg,Home
Apparel/B0861W1SDB.jpg,Apparel
Home/B09FG5HXP4.jpg,Home
Home/B082LR2R5P.jpg,Home
Electronics/B0952M2DN7.jpg,Electronics
Electronics/B0BFNVDP3R.jpg,Electronics
Apparel/B00N1TBEY8.jpg,Apparel
Electronics/B09CCV321R.jpg,Electronics
Home/B01HYDT5ME.jpg,Home
Apparel/B00A6C26Z4.jpg,Apparel
Apparel/B07QDM53BR.jpg,Apparel
Apparel/B09Y1NKF58.jpg,Apparel
Home/B0B99GBZW4.jpg,Home
Home/B0BQ6R2V66.jpg,Home
Home/B09MQKN8M9.jpg,Home
Home/B008I6G83Q.jpg,Home
Electronics/B01AJ36IIK.jpg,Electronics
Electronics/B07J9TDYHR.jpg,Electronics
Electronics/B07WPS2YH7.jpg,Electronics
Home/B01N071WCH.jpg,Home
Electronics/B001GLSIQA.jpg,Electronics
Electronics/B09KB7T877.jpg,Electronics
Apparel/B08D8ZFJLM.jpg,Apparel
Electronics/B00HZLXDRY.jpg,Electronics
Apparel/B0B2XNKX9X.jpg,Apparel
Electronics/B0036XBXTA.jpg,Electronics
Home/B088TJVLF4.jpg,Home
Electronics/B08SBPMRLQ.jpg,Electronics
Apparel/B00T264XYC.jpg,Apparel
Electronics/B0021Z570A.jpg,Electronics
Electronics/B00WAJLHQU.jpg,Electronics
Electronics/B01M5I66TV.jpg,Electronics
Home/B00A3PT1SO.jpg,Home
Electronics/B0932D4Q69.jpg,Electronics
Electronics/B00RJQIIJI.jpg,Electronics
Apparel/B083TYT2SH.jpg,Apparel
Home/B07XDQZ5KZ.jpg,Home
Electronics/B09X9SVLVX.jpg,Electronics
Apparel/B0BCYVLL9K.jpg,Apparel
Electronics/B0102PFVVK.jpg,Electronics
Home/B07LGBMQLH.jpg,Home
Electronics/B089K8NFB8.jpg,Electronics
Apparel/B01LC6F7A8.jpg,Apparel
Electronics/B0014TU58I.jpg,Electronics
Electronics/B006JHY6X0.jpg,Electronics
Apparel/B00Z7X7XSC.jpg,Apparel
Home/B004DISU3E.jpg,Home
Electronics/B07CLZF86T.jpg,Electronics
Electronics/B001JSIAFO.jpg,Electronics
Home/B07K92TQ29.jpg,Home
Apparel/B07MXR5NS9.jpg,Apparel
Home/B09KCBCPKG.jpg,Home
Home/B08MXQGCJB.jpg,Home
Home/B07K3T5QTF.jpg,Home
Home/B07KPLBZBF.jpg,Home
Home/B084NZJKCS.jpg,Home
Home/B00BR74V6E.jpg,Home
Apparel/B09MK3ZSJY.jpg,Apparel
Apparel/B08SMFFM18.jpg,Apparel
Home/B07VBS6SJF.jpg,Home
Electronics/B08864FBLY.jpg,Electronics
Electronics/B003U3VMLU.jpg,Electronics
Electronics/B01MRWKBCK.jpg,Electronics
Home/B08MQ9ZMVM.jpg,Home
Apparel/B06XGTCM7Q.jpg,Apparel
Apparel/B07T8368GJ.jpg,Apparel
Electronics/B00AEKM6LC.jpg,Electronics
Home/B08F2FT33X.jpg,Home
Home/B07VLNG8Q7.jpg,Home
Electronics/B08LPSKF7H.jpg,Electronics
Apparel/B07GPB7CHN.jpg,Apparel
Apparel/B01GCKB7WG.jpg,Apparel
Apparel/B09MG9JLHG.jpg,Apparel
Apparel/B07CNZPSFZ.jpg,Apparel
Apparel/B07NVGMSS7.jpg,Apparel
Home/B096KT9GP1.jpg,Home
Home/B08XDLX389.jpg,Home
Electronics/B07NW2P2BK.jpg,Electronics
Home/B09PR746FY.jpg,Home
Home/B011L5WBEU.jpg,Home
Apparel/B073BK7Y7S.jpg,Apparel
Electronics/B07NRZ31PR.jpg,Electronics
Electronics/B003FO9ZEK.jpg,Electronics
Apparel/B07FHLQMG2.jpg,Apparel
Apparel/B08GZ4JY9V.jpg,Apparel
Apparel/B08YJ6B2Q9.jpg,Apparel
Home/B07KJQY4X5.jpg,Home
Home/B01MEG15AK.jpg,Home
Apparel/B08FX6N3WD.jpg,Apparel
Apparel/B09VTKMGS2.jpg,Apparel
Apparel/B07J5VQFNV.jpg,Apparel
Apparel/B00PHO19Q8.jpg,Apparel
Electronics/B00070PE7W.jpg,Electronics
Apparel/B01HZJ7ITE.jpg,Apparel
Electronics/B08G1DNHVQ.jpg,Electronics
Home/B01M3SZUJU.jpg,Home
Apparel/B0042B7Y2U.jpg,Apparel
Electronics/B097BXQZL9.jpg,Electronics
Electronics/B08TVQCLLX.jpg,Electronics
Apparel/B07GX866GT.jpg,Apparel
Apparel/B01L01QGIM.jpg,Apparel
Apparel/B07RZYHBQ2.jpg,Apparel
Electronics/B002GY8JCO.jpg,Electronics
Home/B06ZZ3KNGB.jpg,Home
Electronics/B07D3K4LMS.jpg,Electronics
Home/B09G2WFJ1T.jpg,Home
Apparel/B07ZB7Z13G.jpg,Apparel
Home/B016E8FIR6.jpg,Home
Apparel/B0793KKWRD.jpg,Apparel
Electronics/B06W2KS9B9.jpg,Electronics
Apparel/B0793JQB9G.jpg,Apparel
Apparel/B0181ENSQ4.jpg,Apparel
Apparel/B00MQRK53C.jpg,Apparel
Apparel/B07PLNYFB7.jpg,Apparel
Home/B07N1WM6BN.jpg,Home
Apparel/B01M5I09I6.jpg,Apparel
Electronics/B01E8FSCAM.jpg,Electronics
Apparel/B00PJO2LSQ.jpg,Apparel
Home/B09DP8RK56.jpg,Home
Electronics/B01MAV5A9X.jpg,Electronics
Home/B0BMNS975C.jpg,Home
Apparel/B08YMTX55T.jpg,Apparel
Electronics/B005ZWD118.jpg,Electronics
Electronics/B09NPG3Z9C.jpg,Electronics
Home/B07QJ6NQ34.jpg,Home
Apparel/B01C56R8WE.jpg,Apparel
Home/B08Y97T65C.jpg,Home
Apparel/B01HUT3PY6.jpg,Apparel
Apparel/B07P729GMZ.jpg,Apparel
Apparel/B07T92X732.jpg,Apparel
Home/B01KSWEAAK.jpg,Home
Electronics/B00KW6WNF2.jpg,Electronics
Electronics/B00M9VT9QY.jpg,Electronics
Home/B009X09GHQ.jpg,Home
Electronics/B00D67D75Y.jpg,Electronics
Apparel/B0B5WQKLL1.jpg,Apparel
Home/B00C3KUPI2.jpg,Home
Electronics/B002FU5VM0.jpg,Electronics
Home/B07X7CPLV7.jpg,Home
Electronics/B07X9N289V.jpg,Electronics
Apparel/B085ZKQ3T3.jpg,Apparel
Apparel/B07CBTXBXN.jpg,Apparel
Apparel/B00HNW2KUG.jpg,Apparel
Home/B095RYGWCZ.jpg,Home
Home/B07QB2ZSCK.jpg,Home
Home/B08L77X7F9.jpg,Home
Electronics/B08QH9L81H.jpg,Electronics
Electronics/B00499DUAK.jpg,Electronics
Apparel/B07BHGKJ7W.jpg,Apparel
Home/B084G1K38N.jpg,Home
Apparel/B015KLHO9S.jpg,Apparel
Electronics/B07YVWV7RT.jpg,Electronics
Apparel/B08CMQPS1N.jpg,Apparel
Apparel/B071HMRMT7.jpg,Apparel
Apparel/B07DKFD1L9.jpg,Apparel
Electronics/B0B4GVWLLQ.jpg,Electronics
Home/B07ZYPJS53.jpg,Home
Home/B009CXXTD6.jpg,Home
Electronics/B01KIPAJ70.jpg,Electronics
Electronics/B08Y5PB13X.jpg,Electronics
Apparel/B00CO5Z5VI.jpg,Apparel
Electronics/B07HRXVRJB.jpg,Electronics
Apparel/B07GSJ5JPC.jpg,Apparel
Apparel/B08GLG38ML.jpg,Apparel
Apparel/B08P1H75RR.jpg,Apparel
Electronics/B0C5HYW7RT.jpg,Electronics
Home/B010ADKDDA.jpg,Home
Apparel/B07XQCXL4N.jpg,Apparel
Apparel/B08CDL5DQG.jpg,Apparel
Home/B08598X4NX.jpg,Home
Electronics/B0BNBR3RHT.jpg,Electronics
Apparel/B087D6GSPB.jpg,Apparel
Home/B094QKFK9D.jpg,Home
Home/B09NM8N5DR.jpg,Home
Apparel/B0160325Z8.jpg,Apparel
Home/B0835C4SRK.jpg,Home
Home/B09L4W46DD.jpg,Home
Home/B0721LG2RC.jpg,Home
Apparel/B014KDFYIK.jpg,Apparel
Apparel/B07FCX9BVG.jpg,Apparel
Apparel/B01HCXUNB8.jpg,Apparel
Electronics/B0014KUL4K.jpg,Electronics
Home/B00ICF7QXE.jpg,Home
Home/B09W49RDJ9.jpg,Home
Apparel/B07FL14R9P.jpg,Apparel
Electronics/B00NBYGOXE.jpg,Electronics
Electronics/B07DNYJ4QD.jpg,Electronics
Electronics/B07VVCNWYD.jpg,Electronics
Apparel/B097RB6YQF.jpg,Apparel
Apparel/B01HOWL5N2.jpg,Apparel
Home/B07XP8S3LX.jpg,Home
Home/B00JB7QQYM.jpg,Home
Apparel/B08R9S581J.jpg,Apparel
Apparel/B07GXHLTRP.jpg,Apparel
Home/B0148WE6XM.jpg,Home
Home/B01LVXK9J6.jpg,Home
Electronics/B00AN7VI92.jpg,Electronics
Electronics/B07QKS8HPL.jpg,Electronics
Apparel/B0711PCBL3.jpg,Apparel
Apparel/B013F4FJ9Y.jpg,Apparel
Electronics/B07NVJXMNS.jpg,Electronics
Apparel/B0756YZZW6.jpg,Apparel
Electronics/B082D95KDF.jpg,Electronics
Home/B09M84VY2J.jpg,Home
Apparel/B00TXRMKFY.jpg,Apparel
Apparel/B003KV60O6.jpg,Apparel
Home/B0BMM6Q7LZ.jpg,Home
Home/B07RT4SP3K.jpg,Home
Apparel/B00HVMMDWS.jpg,Apparel
Electronics/B00PMBWR12.jpg,Electronics
Home/B08L5615KJ.jpg,Home
Home/B08QFKR92L.jpg,Home
Home/B09GK62F4R.jpg,Home
Electronics/B00R6TN4QK.jpg,Electronics
Electronics/B00CMNZ35A.jpg,Electronics
Electronics/B0085O4GFS.jpg,Electronics
Apparel/B01JOBBY96.jpg,Apparel
Electronics/B0B8KXWD1P.jpg,Electronics
Electronics/B09C1JBG3S.jpg,Electronics
Apparel/B071NB68SD.jpg,Apparel
Home/B09JWP8TNB.jpg,Home
Apparel/B079K48WY7.jpg,Apparel
Apparel/B07THJ92M7.jpg,Apparel
Home/B09LLMRHTK.jpg,Home
Apparel/B01M7PWEZ7.jpg,Apparel
Apparel/B08P1K7WTZ.jpg,Apparel
Apparel/B07BRS26WS.jpg,Apparel
Apparel/B079GM27MC.jpg,Apparel
Electronics/B003M3LGV4.jpg,Electronics
Apparel/B09PYPRZD7.jpg,Apparel
Home/B01M5LFBZG.jpg,Home
Home/B079TH5VBM.jpg,Home
Home/B08FLX6CDY.jpg,Home
Electronics/B07RTNFNK8.jpg,Electronics
Home/B0B6P65FNT.jpg,Home
Home/B0964ZMNGM.jpg,Home
Electronics/B08VDMXYGJ.jpg,Electronics
Home/B07BT29ZZV.jpg,Home
Home/B00KAA43GM.jpg,Home
Home/B07TTNVDHJ.jpg,Home
Home/B08TQ14RQK.jpg,Home
Apparel/B08VMY5XZQ.jpg,Apparel
Apparel/B01877BE02.jpg,Apparel
Apparel/B07R3FHWXK.jpg,Apparel
Home/B09GZC6Z4X.jpg,Home
Electronics/B003TPKX6E.jpg,Electronics
Apparel/B06XVK5T8T.jpg,Apparel
Apparel/B00K4M6LXO.jpg,Apparel
Home/B001VG5NB8.jpg,Home
Electronics/B075NT5TSM.jpg,Electronics
Apparel/B07JP53YW5.jpg,Apparel
Electronics/B01NB8Q0V6.jpg,Electronics
Electronics/B00488X3NG.jpg,Electronics
Home/B0928N5YYP.jpg,Home
Electronics/B08SM7GPRC.jpg,Electronics
Apparel/B08MPZKH3R.jpg,Apparel
Apparel/B07YGX65YG.jpg,Apparel
Home/B08NXWZDDJ.jpg,Home
Home/B075CQP8WH.jpg,Home
Electronics/B008EQ1YTS.jpg,Electronics
Electronics/B07GN93HVD.jpg,Electronics
Home/B00R3E4HX2.jpg,Home
Apparel/B01DJL1H2Q.jpg,Apparel
Apparel/B01LYEZSZ2.jpg,Apparel
Apparel/B01MS4KC0O.jpg,Apparel
Electronics/B0989RP9DF.jpg,Electronics
Home/B07Y34HZ1Y.jpg,Home
Electronics/B00134SCCA.jpg,Electronics
Apparel/B074RY2J84.jpg,Apparel
Apparel/B09KRDT77V.jpg,Apparel
Electronics/B07HFVPWQV.jpg,Electronics
Home/B01M5GK4PJ.jpg,Home
Electronics/B08PC12Z5C.jpg,Electronics
Home/B01EZP38B8.jpg,Home
Apparel/B018T2NLY2.jpg,Apparel
Apparel/B01LYE0S46.jpg,Apparel
Apparel/B01D5BXRNC.jpg,Apparel
Electronics/B08ZNF6R4B.jpg,Electronics
Electronics/B00MUD37GE.jpg,Electronics
Home/B01G3N3A7M.jpg,Home
Home/B00W4L6AMU.jpg,Home
Apparel/B073QXZD21.jpg,Apparel
Electronics/B01GZADPMI.jpg,Electronics
Electronics/B078RZMSP2.jpg,Electronics
Home/B000QHD67G.jpg,Home
Home/B005M92YLC.jpg,Home
Home/B0B2R89FJD.jpg,Home
Electronics/B07H8BZYT9.jpg,Electronics
Apparel/B00QQC7STC.jpg,Apparel
Home/B0C5CCCK32.jpg,Home
Electronics/B08BF81VPJ.jpg,Electronics
Electronics/B01N6SS624.jpg,Electronics
Electronics/B07ZHF2BPB.jpg,Electronics
Home/B082PZ9BYW.jpg,Home
Electronics/B00USZZ8FY.jpg,Electronics
Electronics/B0895DRSXT.jpg,Electronics
Apparel/B073GM52J6.jpg,Apparel
Home/B085C9F1WN.jpg,Home
Apparel/B07KT17F9Q.jpg,Apparel
Home/B0991PVFJC.jpg,Home
Home/B07TDWJ4NT.jpg,Home
Home/B07C1H7NTB.jpg,Home
Home/B08PVC77BW.jpg,Home
Electronics/B07WMQNXGQ.jpg,Electronics
Electronics/B0739R7FVK.jpg,Electronics
Home/B00VM8ZVBM.jpg,Home
Home/B00HWH71WY.jpg,Home
Electronics/B07QH2WDS9.jpg,Electronics
Apparel/B01N34YCP9.jpg,Apparel
Electronics/B0045JPFKW.jpg,Electronics
Home/B07R778LJZ.jpg,Home
Electronics/B00Y82M1S0.jpg,Electronics
Apparel/B0126GV6FS.jpg,Apparel
Apparel/B097M4MPHR.jpg,Apparel
Electronics/B08PS4FYTY.jpg,Electronics
Home/B018LVYUJG.jpg,Home
Electronics/B019ZRIP3W.jpg,Electronics
Apparel/B083NK3R7Z.jpg,Apparel
Electronics/B0BW75CJKZ.jpg,Electronics
Electronics/B00OAIU4PE.jpg,Electronics
Electronics/B015MXXPC4.jpg,Electronics
Electronics/B011B52QIG.jpg,Electronics
Electronics/B096VZ9XSQ.jpg,Electronics
Electronics/B07PMFN22W.jpg,Electronics
Electronics/B07C9YQVWX.jpg,Electronics
Home/B01CX7VSRQ.jpg,Home
Electronics/B07CCZS2DJ.jpg,Electronics
Electronics/B00006JQPE.jpg,Electronics
Electronics/B00009R7X0.jpg,Electronics
Apparel/B018Q7E5ZY.jpg,Apparel
Apparel/B08J7JFYX8.jpg,Apparel
Apparel/B08PC3WTKD.jpg,Apparel
Apparel/B00278XQHW.jpg,Apparel
Home/B08QHJKZ8Z.jpg,Home
Apparel/B06WWJB6SL.jpg,Apparel
Electronics/B01I64ZRMC.jpg,Electronics
Home/B0779XDHDJ.jpg,Home
Apparel/B074DVHJGW.jpg,Apparel
Home/B08Y55YGBM.jpg,Home
Electronics/B07ZTVCV69.jpg,Electronics
Home/B005DGOTT4.jpg,Home
Electronics/B01GQ1WYYQ.jpg,Electronics
Home/B016NPGO50.jpg,Home
Apparel/B08P1LWYMF.jpg,Apparel
Electronics/B003I15AOE.jpg,Electronics
Home/B0029XXD4Q.jpg,Home
Electronics/B07ZC6TNCT.jpg,Electronics
Electronics/B0BLV9BN5M.jpg,Electronics
Home/B072K49Z6P.jpg,Home
Apparel/B01M22RL42.jpg,Apparel
Apparel/B0933BLN2G.jpg,Apparel
Apparel/B00VIBYGGE.jpg,Apparel
Electronics/B076PSXQX8.jpg,Electronics
Electronics/B0055PPH4Y.jpg,Electronics
Apparel/B07MYZGJ5J.jpg,Apparel
Home/B0BYZ47PKS.jpg,Home
Home/B07N18MV7T.jpg,Home
Apparel/B085L9CV2G.jpg,Apparel
Home/B07W3BNPMQ.jpg,Home
Electronics/B08R9MK71X.jpg,Electronics
Electronics/B0BS22ZZY8.jpg,Electronics
Apparel/B06XWML4MX.jpg,Apparel
Electronics/B0BS2Q4K9Q.jpg,Electronics
Home/B09RCW2FFX.jpg,Home
Apparel/B0966ZM6JS.jpg,Apparel
Electronics/B07GN12771.jpg,Electronics
Home/B07QZ4CF36.jpg,Home
Home/B001F6MCR2.jpg,Home
Apparel/B07BSNS2SL.jpg,Apparel
Apparel/B08159JZ2B.jpg,Apparel
Electronics/B00UOB43DA.jpg,Electronics
Home/B07X1ZDD29.jpg,Home
Electronics/B019SU6YA2.jpg,Electronics
Home/B000WZXIX4.jpg,Home
Electronics/B0C2TTP8S7.jpg,Electronics
Electronics/B00SV68VWE.jpg,Electronics
Apparel/B01C6R2QSI.jpg,Apparel
Electronics/B07CMRT77D.jpg,Electronics
Electronics/B00I95ZXLY.jpg,Electronics
Home/B079VRDT5G.jpg,Home
Electronics/B09YCC2383.jpg,Electronics
Apparel/B00QO3W9L0.jpg,Apparel
Electronics/B00E07LDOQ.jpg,Electronics
Home/B0BS9N746C.jpg,Home
Home/B0185B3IMM.jpg,Home
Home/B08546QT1H.jpg,Home
Home/B07H5KHVKD.jpg,Home
Electronics/B005NJCF7E.jpg,Electronics
Electronics/B00HNXE95O.jpg,Electronics
Home/B001KW0ERG.jpg,Home
Apparel/B07YXDD69F.jpg,Apparel
Home/B09BVPLFQR.jpg,Home
Apparel/B0088PAJQE.jpg,Apparel
Electronics/B01BNTY7GE.jpg,Electronics
Home/B099ZZTWJ9.jpg,Home
Apparel/B07DR78TJH.jpg,Apparel
Apparel/B07MZSBTRX.jpg,Apparel
Home/B07H9YMZDK.jpg,Home
Home/B003JKKEYU.jpg,Home
Home/B01NBB228W.jpg,Home
Home/B08HR3TZBT.jpg,Home
Apparel/B07FD264YY.jpg,Apparel
Apparel/B0BFXS14HC.jpg,Apparel
Home/B08JGC86V4.jpg,Home
Apparel/B07DT27KX9.jpg,Apparel
Electronics/B07M95QWH1.jpg,Electronics
Electronics/B07FC8J3F4.jpg,Electronics
Apparel/B09GLJCFRS.jpg,Apparel
Home/B0B4BBSS7X.jpg,Home
Home/B08ZKDZHWG.jpg,Home
Home/B07Y1Q16S5.jpg,Home
Electronics/B07C94DH9F.jpg,Electronics
Home/B096XVS4BT.jpg,Home
Home/B09Y5LZSNW.jpg,Home
Electronics/B08LMRW2RX.jpg,Electronics
Home/B072WD1QWN.jpg,Home
Electronics/B00B9EDUGC.jpg,Electronics
Apparel/B096ZLXQGM.jpg,Apparel
Home/B08T6D55JW.jpg,Home
Home/B09M7N4KKG.jpg,Home
Home/B08LG7X153.jpg,Home
Apparel/B07BTS9SVV.jpg,Apparel
Electronics/B08FMWZLCV.jpg,Electronics
Home/B07PPX6NMM.jpg,Home
Apparel/B00XQVDNAO.jpg,Apparel
Electronics/B001JHJY96.jpg,Electronics
Apparel/B07PN1W76D.jpg,Apparel
Apparel/B0711RDDKR.jpg,Apparel
Apparel/B08BYG9TF5.jpg,Apparel
Electronics/B08JGP6SN1.jpg,Electronics
Electronics/B0972Z7GTH.jpg,Electronics
Home/B005BGCCMC.jpg,Home
Apparel/B07V4FV84M.jpg,Apparel
Apparel/B018KO68R6.jpg,Apparel
Apparel/B018FCZ33I.jpg,Apparel
Apparel/B09CDKRP83.jpg,Apparel
Electronics/B07TB55JBH.jpg,Electronics
Home/B00OBVQYN6.jpg,Home
Apparel/B016NUHZLM.jpg,Apparel
Home/B08CC6876D.jpg,Home
Electronics/B092H5T6MG.jpg,Electronics
Apparel/B00Y3BTRSI.jpg,Apparel
Electronics/B0BW4TXLM2.jpg,Electronics
Electronics/B07988GHK4.jpg,Electronics
Apparel/B0894WR6MB.jpg,Apparel
Apparel/B01D2FW1Q0.jpg,Apparel
Home/B07F84V126.jpg,Home
Home/B00OZDL4TO.jpg,Home
Apparel/B01MSSPM9K.jpg,Apparel
Electronics/B07W8GL9H2.jpg,Electronics
Electronics/B07CYGS5G4.jpg,Electronics
Home/B09MKZ7CFL.jpg,Home
Electronics/B086V2KLG2.jpg,Electronics
Home/B01M2YVDRO.jpg,Home
Apparel/B01N9FU9B6.jpg,Apparel
Home/B0B2ZZ8X6F.jpg,Home
Electronics/B0036QI3ZY.jpg,Electronics
Home/B09X1XN1CZ.jpg,Home
Electronics/B07YZBGFHK.jpg,Electronics
Electronics/B09SVR4N8Y.jpg,Electronics
Home/B07Z17L5XB.jpg,Home
Apparel/B078YP7KH8.jpg,Apparel
Electronics/B004Y70TJM.jpg,Electronics
Apparel/B072C336WG.jpg,Apparel
Electronics/B003E33RRS.jpg,Electronics
Home/B07QWJCJ49.jpg,Home
Home/B08MYSCLF2.jpg,Home
Electronics/B091XN1MRL.jpg,Electronics
Home/B09156GBBG.jpg,Home
Home/B08BWWWYZ8.jpg,Home
Apparel/B07BVS733C.jpg,Apparel
Apparel/B01E522844.jpg,Apparel
Electronics/B0761FL3BR.jpg,Electronics
Home/B005OTI0T0.jpg,Home
Apparel/B00MOCRCJE.jpg,Apparel
Electronics/B0B2VR2KJK.jpg,Electronics
Electronics/B094N2ZLLD.jpg,Electronics
Apparel/B00WIPOQEQ.jpg,Apparel
Electronics/B0052IPCSK.jpg,Electronics
Apparel/B06ZXRY4ZH.jpg,Apparel
Home/B08L41XBKD.jpg,Home
Home/B019FL50UO.jpg,Home
Apparel/B06XGRC1BG.jpg,Apparel
Electronics/B00BP4EMAO.jpg,Electronics
Apparel/B071YP7Y7L.jpg,Apparel
Apparel/B08BPD1S8J.jpg,Apparel
Electronics/B07XVRN6W1.jpg,Electronics
Home/B07QWQCPLH.jpg,Home
Apparel/B005NJLQYW.jpg,Apparel
Home/B0B5DK6KWK.jpg,Home
Apparel/B00BXJLGOQ.jpg,Apparel
Home/B000HPNV2M.jpg,Home
Apparel/B08F4VZ25P.jpg,Apparel
Home/B08GCBY4YQ.jpg,Home
Apparel/B078RZJN14.jpg,Apparel
Apparel/B08577D8QQ.jpg,Apparel
Electronics/B09NNM6H2Y.jpg,Electronics
Home/B088W8FD66.jpg,Home
Electronics/B00270Y0ES.jpg,Electronics
Home/B08KHBPWXY.jpg,Home
Electronics/B00XIMND9C.jpg,Electronics
Electronics/B0B8VPC7P6.jpg,Electronics
Apparel/B08RBL7X46.jpg,Apparel
Electronics/B01DD1DQ9E.jpg,Electronics
Home/B09ZPXLY1G.jpg,Home
Apparel/B099NX78PV.jpg,Apparel
Apparel/B07MBB71HW.jpg,Apparel
Home/B08M3Y2SHJ.jpg,Home
Home/B01FZVEGVM.jpg,Home
Electronics/B017J9130U.jpg,Electronics
Apparel/B08889LKG7.jpg,Apparel
Apparel/B07B9TPVJR.jpg,Apparel
Apparel/B07WVR7KHM.jpg,Apparel
Home/B0065MCK64.jpg,Home
Home/B094MZ41GB.jpg,Home
Apparel/B07QKN82GT.jpg,Apparel
Apparel/B07H2P956T.jpg,Apparel
Home/B0988B1CJS.jpg,Home
Electronics/B008L6Y67S.jpg,Electronics
Electronics/B01DZWL4MC.jpg,Electronics
Electronics/B07LF8HTCL.jpg,Electronics
Electronics/B09ZJC4JTG.jpg,Electronics
Electronics/B07H8ZN35J.jpg,Electronics
Apparel/B01IHX79XM.jpg,Apparel
Electronics/B09PQLHZ82.jpg,Electronics
Home/B07ZWT22RH.jpg,Home
Home/B07YSX515Q.jpg,Home
Electronics/B09LLS1PCD.jpg,Electronics
Home/B09JNWQ7L2.jpg,Home
Electronics/B07HQGM86Q.jpg,Electronics
Home/B07V3KCXVC.jpg,Home
Electronics/B01KBRMNN8.jpg,Electronics
Apparel/B01G9KWWBO.jpg,Apparel
Home/B08L3JSX9J.jpg,Home
Electronics/B001GKNNDY.jpg,Electronics
Electronics/B071JR1YN5.jpg,Electronics
Electronics/B07CBBGQ61.jpg,Electronics
Electronics/B00001T38H.jpg,Electronics
Home/B07BJ8Y6YG.jpg,Home
Electronics/B00KRGN8RE.jpg,Electronics
Electronics/B00571K0ZM.jpg,Electronics
Home/B0989DF81P.jpg,Home
Home/B093CY2L6C.jpg,Home
Electronics/B09RZH7K8P.jpg,Electronics
Home/B08GHD934C.jpg,Home
Apparel/B097BGW4VF.jpg,Apparel
Home/B00C5R5N4Y.jpg,Home
Electronics/B07KVGMG8H.jpg,Electronics
Electronics/B0763DXTF5.jpg,Electronics
Electronics/B08TQYB2K7.jpg,Electronics
Electronics/B07X2HVTP5.jpg,Electronics
Electronics/B08MVZWRZJ.jpg,Electronics
Home/B08MTJ7P9S.jpg,Home
Home/B001U5JT42.jpg,Home
Home/B07SKK55C1.jpg,Home
Apparel/B07G25SHDH.jpg,Apparel
Home/B0881JZTCP.jpg,Home
Apparel/B01C0QDYBS.jpg,Apparel
Apparel/B0747S52MH.jpg,Apparel
Home/B091C3CW9L.jpg,Home
Home/B086HVG9H7.jpg,Home
Electronics/B00LMFFO6C.jpg,Electronics
Home/B08P259M9Y.jpg,Home
Apparel/B07MJCK9YF.jpg,Apparel
Apparel/B07W5JNHHG.jpg,Apparel
Apparel/B07BQPZF9L.jpg,Apparel
Home/B07RX3SJRT.jpg,Home
Electronics/B0BCPB675D.jpg,Electronics
Electronics/B06Y4GWLV9.jpg,Electronics
Home/B07RL948M6.jpg,Home
Apparel/B089T53RQD.jpg,Apparel
Electronics/B07YYDQ2TD.jpg,Electronics
Home/B08BLR2G1Q.jpg,Home
Apparel/B08CVQT45V.jpg,Apparel
Apparel/B071959JBT.jpg,Apparel
Apparel/B074N9CB5G.jpg,Apparel
Electronics/B08R1RFF8T.jpg,Electronics
Apparel/B07H9HMTCC.jpg,Apparel
Electronics/B07146X2ZP.jpg,Electronics
Apparel/B07JN879XY.jpg,Apparel
Electronics/B08RWHYD3Y.jpg,Electronics
Apparel/B07BJJDLQ7.jpg,Apparel
Home/B078KCGZHQ.jpg,Home
Home/B01MT39J6Q.jpg,Home
Electronics/B07VJG269Z.jpg,Electronics
Home/B08NFDW8N1.jpg,Home
Electronics/B07MVZQMM3.jpg,Electronics
Electronics/B00175YQRK.jpg,Electronics
Apparel/B07H6CYH19.jpg,Apparel
Apparel/B0831G62BY.jpg,Apparel
Electronics/B003QHXZTC.jpg,Electronics
Electronics/B0006IA14G.jpg,Electronics
Electronics/B0895Z566R.jpg,Electronics
Home/B01N5TVWJ8.jpg,Home
Home/B09QT2PDQ9.jpg,Home
Electronics/B0992564MY.jpg,Electronics
Apparel/B00GM0P160.jpg,Apparel
Electronics/B0BLTBKTY5.jpg,Electronics
Apparel/B07QTCWTN3.jpg,Apparel
Home/B01MDKXZ2J.jpg,Home
Apparel/B09CYPKHWV.jpg,Apparel
Home/B008PFPC1O.jpg,Home
Home/B09BMWGTTR.jpg,Home
Electronics/B00M4OL3FG.jpg,Electronics
Apparel/B01CZWP03W.jpg,Apparel
Electronics/B0BCJKYMPY.jpg,Electronics
Home/B01E67ZU9S.jpg,Home
Home/B07C63538V.jpg,Home
Electronics/B00M4MMMDU.jpg,Electronics
Electronics/B007HW39ZM.jpg,Electronics
Electronics/B09K7TTGQ6.jpg,Electronics
Home/B08JLD7LL7.jpg,Home
Electronics/B07VF9P34R.jpg,Electronics
Home/B08GKB1PTG.jpg,Home
Home/B07N4Q5VZ7.jpg,Home
Electronics/B001IWOQXQ.jpg,Electronics
Electronics/B075XVGW9G.jpg,Electronics
Home/B0BG9ZM2FV.jpg,Home
Electronics/B07Y51NYXC.jpg,Electronics
Home/B095WC9C8P.jpg,Home
Home/B01GKC3WTC.jpg,Home
Electronics/B01KCA5FLG.jpg,Electronics
Home/B000MW6JXI.jpg,Home
Electronics/B014EPIN4Q.jpg,Electronics
Apparel/B00F0YSXOQ.jpg,Apparel
Apparel/B08Y6KD7BD.jpg,Apparel
Apparel/B06XTQL5J1.jpg,Apparel
Apparel/B081123ZVL.jpg,Apparel
Electronics/B07JH59L7Y.jpg,Electronics
Electronics/B0821V8YX3.jpg,Electronics
Home/B0BP77ZZMH.jpg,Home
Electronics/B009OSGRR4.jpg,Electronics
Home/B00A3XTMSK.jpg,Home
Electronics/B08TCBL35R.jpg,Electronics
Home/B00JKPZO3Y.jpg,Home
Apparel/B01M2CSO4P.jpg,Apparel
Electronics/B07FF3HJGM.jpg,Electronics
Apparel/B006GTGQ9I.jpg,Apparel
Electronics/B075SCRWGS.jpg,Electronics
Home/B09XXZN7GX.jpg,Home
Apparel/B00YD9IX1M.jpg,Apparel
Apparel/B06XK5RM3Y.jpg,Apparel
Electronics/B07TB8VQYB.jpg,Electronics
Home/B085PQ4PKL.jpg,Home
Home/B08DY446XZ.jpg,Home
Home/B012BU3UDU.jpg,Home
Electronics/B07ZWMYLS3.jpg,Electronics
Apparel/B07TMM4WZ1.jpg,Apparel
Apparel/B07D16HQ9H.jpg,Apparel
Apparel/B0848CDVGZ.jpg,Apparel
Home/B09BR1GYRW.jpg,Home
Home/B09CL3JFC5.jpg,Home
Home/B07FCNH5SL.jpg,Home
Home/B07DKQ3RWN.jpg,Home
Electronics/B00HQ56GZK.jpg,Electronics
Electronics/B00CGVG9HE.jpg,Electronics
Electronics/B07NL3ZPLW.jpg,Electronics
Home/B091QC2SGD.jpg,Home
Home/B08NC3WL9P.jpg,Home
Apparel/B01D0AJSX6.jpg,Apparel
Apparel/B08Q7T24Q3.jpg,Apparel
Electronics/B08BRDYP9H.jpg,Electronics
Electronics/B08TYQ4KFV.jpg,Electronics
Apparel/B073XGXBG3.jpg,Apparel
Home/B0095OZO26.jpg,Home
Electronics/B07YFD5XXL.jpg,Electronics
Electronics/B06X1F8DDJ.jpg,Electronics
Apparel/B004WF75B6.jpg,Apparel
Electronics/B08V8Y5BFH.jpg,Electronics
Apparel/B09GXM82LH.jpg,Apparel
Apparel/B076ZVX9Z5.jpg,Apparel
Electronics/B007WLRFE4.jpg,Electronics
Electronics/B001AYCNIW.jpg,Electronics
Electronics/B01KHAHGB8.jpg,Electronics
Apparel/B08LBHM9RV.jpg,Apparel
Apparel/B08C4ZVTFM.jpg,Apparel
Home/B07H56W9CK.jpg,Home
Home/B08JLMW8CX.jpg,Home
Apparel/B00K256DBI.jpg,Apparel
Apparel/B01C2PO7PE.jpg,Apparel
Apparel/B00XLU8W6A.jpg,Apparel
Home/B007TBBG38.jpg,Home
Electronics/B07DJ23ZHT.jpg,Electronics
Apparel/B0962NGTFG.jpg,Apparel
Apparel/B08MTNPSXG.jpg,Apparel
Electronics/B00DZV4P48.jpg,Electronics
Electronics/B0944837LW.jpg,Electronics
Apparel/B018J2TC7W.jpg,Apparel
Apparel/B08D3C9DF2.jpg,Apparel
Home/B008BYOFU8.jpg,Home
Apparel/B076P5BR8P.jpg,Apparel
Apparel/B00IGND032.jpg,Apparel
Electronics/B08FXC8VQ1.jpg,Electronics
Electronics/B07K318G9Q.jpg,Electronics
Electronics/B07TSFHSSK.jpg,Electronics
Home/B09QCN3QX1.jpg,Home
Electronics/B00CH6L0Q8.jpg,Electronics
Electronics/B00MZ3EDXU.jpg,Electronics
Apparel/B09W5QTBSG.jpg,Apparel
Apparel/B00KI2VO1O.jpg,Apparel
Electronics/B009A3D6S6.jpg,Electronics
Apparel/B07CHMB6N3.jpg,Apparel
Home/B07774Z9SB.jpg,Home
Home/B07CS96DXS.jpg,Home
Electronics/B072JXPF7H.jpg,Electronics
Home/B0BY8NM7ZL.jpg,Home
Apparel/B071F761PZ.jpg,Apparel
Home/B0814WHR3Y.jpg,Home
Home/B08NHFYFG1.jpg,Home
Home/B07T5MSS21.jpg,Home
Home/B07MLGQRG5.jpg,Home
Electronics/B07GXLLJCK.jpg,Electronics
Home/B09B63CDXP.jpg,Home
Apparel/B07PKRV29R.jpg,Apparel
Home/B004106LSA.jpg,Home
Apparel/B01N7KMLHD.jpg,Apparel
Apparel/B092MQP48L.jpg,Apparel
Electronics/B07C91W473.jpg,Electronics
Apparel/B07SHJ2BXN.jpg,Apparel
Home/B08FM37KBD.jpg,Home
Electronics/B08QRBR3M6.jpg,Electronics
Apparel/B01MTN3PX4.jpg,Apparel
Electronics/B008BVZ3DO.jpg,Electronics
Electronics/B085ZVJDRG.jpg,Electronics
Electronics/B074C53SPT.jpg,Electronics
Apparel/B01JBJ96VO.jpg,Apparel
Electronics/B015QBN4OQ.jpg,Electronics
Electronics/B08D9D5K9S.jpg,Electronics
Electronics/B017Y689EG.jpg,Electronics
Home/B002XGFTFU.jpg,Home
Home/B08883CVNZ.jpg,Home
Electronics/B00HJD6L7C.jpg,Electronics
Electronics/B011N3NU2W.jpg,Electronics
Home/B00GUTQMU2.jpg,Home
Electronics/B06Y57BWFP.jpg,Electronics
Apparel/B091CQ3Z1F.jpg,Apparel
Home/B00G9FX2MS.jpg,Home
Home/B0BN7RL5QZ.jpg,Home
Home/B0816LH18T.jpg,Home
Home/B06Y2BZ47Q.jpg,Home
Apparel/B07Q7S17QW.jpg,Apparel
Electronics/B09SPC4S2J.jpg,Electronics
Apparel/B07D68F5SB.jpg,Apparel
Apparel/B08YF4W2L4.jpg,Apparel
Home/B087F8V4LT.jpg,Home
Electronics/B0001XGR2G.jpg,Electronics
Electronics/B07FKWGTN9.jpg,Electronics
Electronics/B001U0OHMQ.jpg,Electronics
Apparel/B01CNYSM5K.jpg,Apparel
Electronics/B0B18X6Y42.jpg,Electronics
Home/B0B3DR89XC.jpg,Home
Electronics/B004I6CYXI.jpg,Electronics
Electronics/B095PJX6TP.jpg,Electronics
Apparel/B07KLJLD89.jpg,Apparel
Apparel/B0062P81FS.jpg,Apparel
Electronics/B00ONOQPU8.jpg,Electronics
Apparel/B08L3TVM8Z.jpg,Apparel
Apparel/B07548TX8N.jpg,Apparel
Apparel/B07Z5PD14X.jpg,Apparel
Apparel/B06XXN1Y3Z.jpg,Apparel
Home/B077KHG2FM.jpg,Home
Home/B000MAPHZ6.jpg,Home
Home/B07SD5Y78Y.jpg,Home
Home/B07T72D46Q.jpg,Home
Electronics/B09LPR25QF.jpg,Electronics
Apparel/B06XQ8RKBJ.jpg,Apparel
Electronics/B08DV7KGHJ.jpg,Electronics
Apparel/B07DKXZF1C.jpg,Apparel
Home/B00OJNE1TA.jpg,Home
Apparel/B01FGDX7XM.jpg,Apparel
Apparel/B0B6VN16Y3.jpg,Apparel
Electronics/B08KB29Z13.jpg,Electronics
Home/B08P1L4YQZ.jpg,Home
Apparel/B07RVJ3QSR.jpg,Apparel
Apparel/B07RZTR235.jpg,Apparel
Electronics/B0855T8BFW.jpg,Electronics
Electronics/B004I1LGDC.jpg,Electronics
Apparel/B0B63X5QW8.jpg,Apparel
Home/B076127VW5.jpg,Home
Electronics/B07RB7T4PZ.jpg,Electronics
Home/B0C2V2JZ9G.jpg,Home
Home/B07S92MFS6.jpg,Home
Apparel/B08D6DCQ14.jpg,Apparel
Apparel/B01EIR28A0.jpg,Apparel
Home/B09W5Q3QCT.jpg,Home
Electronics/B07CZBGKK8.jpg,Electronics
Electronics/B09ZYQXLYY.jpg,Electronics
Home/B07TDZY5X3.jpg,Home
Home/B06Y28QG7H.jpg,Home
Home/B0BJ2P2M2X.jpg,Home
Electronics/B00JR3QQ3G.jpg,Electronics
Home/B08C6TFCQS.jpg,Home
Electronics/B00F5LY42E.jpg,Electronics
Electronics/B07RX1PHG6.jpg,Electronics
Electronics/B000R5H8WG.jpg,Electronics
Electronics/B01IQCXOWY.jpg,Electronics
Apparel/B00KEDWBGE.jpg,Apparel
Electronics/B07F25S1KV.jpg,Electronics
Apparel/B08PCQDCZN.jpg,Apparel
Home/B00F9U0NTO.jpg,Home
Home/B06XFSDK9Y.jpg,Home
Apparel/B00ZQGKZA8.jpg,Apparel
Apparel/B0852FMX61.jpg,Apparel
Apparel/B0876W6612.jpg,Apparel
Home/B07BFHN718.jpg,Home
Electronics/B07YD4FTXF.jpg,Electronics
Apparel/B077SMG9X2.jpg,Apparel
Home/B08GZJ3LXH.jpg,Home
Home/B07TFT1GKT.jpg,Home
Home/B083Y59NMW.jpg,Home
Home/B08B2SDN3B.jpg,Home
Electronics/B0036FN98G.jpg,Electronics
Home/B00C5TFIFQ.jpg,Home
Electronics/B095JYGM3M.jpg,Electronics
Apparel/B071D4FMKJ.jpg,Apparel
Apparel/B091YVJX3M.jpg,Apparel
Electronics/B077XVC8H1.jpg,Electronics
Home/B07NSCKDCY.jpg,Home
Home/B00JLIKBGU.jpg,Home
Home/B07C88DS6B.jpg,Home
Home/B08QM9N8VP.jpg,Home
Apparel/B06ZXW64TK.jpg,Apparel
Electronics/B00I0RPIMA.jpg,Electronics
Home/B00ABVELOY.jpg,Home
Home/B07CQB8928.jpg,Home
Electronics/B098HF7PJN.jpg,Electronics
Home/B01GD20C7E.jpg,Home
Apparel/B08BLGP7VF.jpg,Apparel
Home/B0BTZQ861H.jpg,Home
Home/B07VKLB4QX.jpg,Home
Electronics/B01I0AZF4C.jpg,Electronics
Electronics/B0013GGEF0.jpg,Electronics
Apparel/B078JFVZ33.jpg,Apparel
Electronics/B0BX4LHYHW.jpg,Electronics
Home/B06XGYT4GK.jpg,Home
Electronics/B07GWMZ64N.jpg,Electronics
Home/B0BSNVP4J6.jpg,Home
Apparel/B01DYHRDBY.jpg,Apparel
Electronics/B00HKVEJAE.jpg,Electronics
Apparel/B01CG7S8Y4.jpg,Apparel
Home/B003TBNSBA.jpg,Home
Home/B097D21T1L.jpg,Home
Home/B0B67YBJCL.jpg,Home
Electronics/B0751D45DQ.jpg,Electronics
Electronics/B0089PN8DY.jpg,Electronics
Home/B08H5R7FTG.jpg,Home
Home/B096RK899K.jpg,Home
Home/B09HGJTT7Q.jpg,Home
Electronics/B087V5HJ6Z.jpg,Electronics
Apparel/B0062HPS5C.jpg,Apparel
Apparel/B071WXYNRS.jpg,Apparel
Electronics/B0861BQ6WV.jpg,Electronics
Electronics/B08P58K57T.jpg,Electronics
Home/B0BG64G7NW.jpg,Home
Apparel/B089GLFBCD.jpg,Apparel
Home/B00K42IINA.jpg,Home
Apparel/B074XD8YM5.jpg,Apparel
Home/B0BVMB872F.jpg,Home
Apparel/B07L5HJDMG.jpg,Apparel
Home/B00PKEO1UG.jpg,Home
Apparel/B0778F87BJ.jpg,Apparel
Electronics/B0BBPQJ7V2.jpg,Electronics
Home/B07JH2KJSB.jpg,Home
Electronics/B0155X773E.jpg,Electronics
Electronics/B07FNZYXY1.jpg,Electronics
Home/B00WFD4ZMO.jpg,Home
Home/B07Z4Y1R53.jpg,Home
Home/B07ZJS96RN.jpg,Home
Home/B07RMZDX7R.jpg,Home
Apparel/B07DVJCMY9.jpg,Apparel
Home/B0BLS2KH2H.jpg,Home
Home/B017GFSMVU.jpg,Home
Electronics/B01468O0EI.jpg,Electronics
Apparel/B07XL62SCJ.jpg,Apparel
Apparel/B09SHDD1BG.jpg,Apparel
Apparel/B08J9VGKRY.jpg,Apparel
Apparel/B00T6IJ42C.jpg,Apparel
Apparel/B07ZSWNG59.jpg,Apparel
Electronics/B0BKGK1Y16.jpg,Electronics
Electronics/B09Z2SJ56C.jpg,Electronics
Apparel/B08N4MK5F3.jpg,Apparel
Electronics/B00X77HMY0.jpg,Electronics
Home/B06XRTTRZS.jpg,Home
Home/B08FBT6FH5.jpg,Home
Apparel/B08YDK551Z.jpg,Apparel
Apparel/B08GZ9W4SC.jpg,Apparel
Apparel/B09MQJJ3QK.jpg,Apparel
Home/B01BE6J1DK.jpg,Home
Apparel/B09NXLKNC4.jpg,Apparel
Home/B07DX2B9LZ.jpg,Home
Electronics/B08QHKP7C5.jpg,Electronics
Apparel/B07PLQ16DX.jpg,Apparel
Home/B07R4TYBKW.jpg,Home
Electronics/B010ARYQG6.jpg,Electronics
Electronics/B000068OEN.jpg,Electronics
Electronics/B0125HBIAG.jpg,Electronics
Home/B01ENSHL3I.jpg,Home
Apparel/B07KCZCKVJ.jpg,Apparel
Electronics/B098L3QR9N.jpg,Electronics
Apparel/B00KMDBIL0.jpg,Apparel
Home/B00CE5XY8Y.jpg,Home
Electronics/B094XCLNZ5.jpg,Electronics
Home/B003RYXMYC.jpg,Home
Electronics/B0060OR6IO.jpg,Electronics
Apparel/B074P9FGQF.jpg,Apparel
Apparel/B016V3IR18.jpg,Apparel
Electronics/B00DQZTS8Q.jpg,Electronics
Home/B074W1WMQF.jpg,Home
Electronics/B0932SLGNK.jpg,Electronics
Home/B01E2X127A.jpg,Home
Home/B01MXISPBP.jpg,Home
Apparel/B008FU5BHY.jpg,Apparel
Apparel/B097STSJPD.jpg,Apparel
Electronics/B086XLH3ZH.jpg,Electronics
Home/B08GZ8RPJC.jpg,Home
Home/B07QXHYQ8R.jpg,Home
Apparel/B09X6YBNXH.jpg,Apparel
Electronics/B09BQZBGN6.jpg,Electronics
Home/B003YU8ST8.jpg,Home
Electronics/B0041DABEM.jpg,Electronics
Electronics/B07MVXR2WG.jpg,Electronics
Apparel/B06Y3W12KG.jpg,Apparel
Home/B08CR1MVX8.jpg,Home
Electronics/B07TKZ7KGZ.jpg,Electronics
Home/B09QMBTZT7.jpg,Home
Home/B087QXFNZQ.jpg,Home
Apparel/B07SM3P3JB.jpg,Apparel
Apparel/B08GBYR6TK.jpg,Apparel
Apparel/B08JYT9TLW.jpg,Apparel
Electronics/B0046WN1IQ.jpg,Electronics
Electronics/B019O0XK3A.jpg,Electronics
Electronics/B000V9E3YY.jpg,Electronics
Electronics/B0B7DLMG3W.jpg,Electronics
Home/B08SGVXGSH.jpg,Home
Home/B08KZKXG4J.jpg,Home
Home/B089T8D1W7.jpg,Home
Apparel/B01BYEEK2O.jpg,Apparel
Home/B00KPYYY1M.jpg,Home
Apparel/B01FXU42KK.jpg,Apparel
Apparel/B00WW9ORZQ.jpg,Apparel
Apparel/B0B5KD7GVH.jpg,Apparel
Apparel/B08JX8GB1P.jpg,Apparel
Home/B082LY8R21.jpg,Home
Home/B07TBBM3N2.jpg,Home
Home/B0787HN5HQ.jpg,Home
Apparel/B0BG4G2C8F.jpg,Apparel
Home/B06XSMYL8N.jpg,Home
Apparel/B0825RNT1C.jpg,Apparel
Electronics/B0B6MXW8Q7.jpg,Electronics
Electronics/B06XQ532XQ.jpg,Electronics
Electronics/B091DSB8HY.jpg,Electronics
Electronics/B071CMF7F2.jpg,Electronics
Home/B08V8SHR5X.jpg,Home
Home/B0042U5WPM.jpg,Home
Apparel/B0795Q8568.jpg,Apparel
Apparel/B01FCRBIEM.jpg,Apparel
Apparel/B01MRP09L8.jpg,Apparel
Electronics/B003AVN6CA.jpg,Electronics
Electronics/B00420ZC66.jpg,Electronics
Electronics/B00GG1ADLS.jpg,Electronics
Electronics/B0BVRKXJ1C.jpg,Electronics
Home/B00BN8Z4X6.jpg,Home
Electronics/B07MY79D89.jpg,Electronics
Electronics/B07HCP28RP.jpg,Electronics
Apparel/B07P3SD2JY.jpg,Apparel
Electronics/B002LTVP1G.jpg,Electronics
Home/B086XGG1B1.jpg,Home
Apparel/B08QN6TDYP.jpg,Apparel
Electronics/B0886BVQWY.jpg,Electronics
Home/B00A2AWKZG.jpg,Home
Home/B00D6PRCW0.jpg,Home
Home/B09J2HMDLH.jpg,Home
Apparel/B07H7XF5J6.jpg,Apparel
Apparel/B06XXRNP9N.jpg,Apparel
Home/B07QXXPZLR.jpg,Home
Home/B07Y9G9P6V.jpg,Home
Electronics/B08JYV1HB8.jpg,Electronics
Electronics/B07XC84N64.jpg,Electronics
Home/B0BM3XHYRG.jpg,Home
Apparel/B08FRQW1ST.jpg,Apparel
Electronics/B00006I5ER.jpg,Electronics
Home/B07N47ZM96.jpg,Home
Home/B0784LXTLM.jpg,Home
Apparel/B09QHJZ85N.jpg,Apparel
Home/B087V87D76.jpg,Home
Electronics/B0034HL6BI.jpg,Electronics
Apparel/B07SFFKPM6.jpg,Apparel
Apparel/B078WWQV8R.jpg,Apparel
Apparel/B00CB3HRAA.jpg,Apparel
Electronics/B0781YCJRQ.jpg,Electronics
Home/B0BQWPVB16.jpg,Home
Home/B092RYH6JP.jpg,Home
Electronics/B08GBVHY4M.jpg,Electronics
Home/B083569FCQ.jpg,Home
Electronics/B000A6NV0U.jpg,Electronics
Electronics/B00BJCWKE2.jpg,Electronics
Home/B07B8JDJSM.jpg,Home
Apparel/B07M7XG9K7.jpg,Apparel
Electronics/B0792Q995Y.jpg,Electronics
Home/B01LZHCAYO.jpg,Home
Electronics/B017AKMMVW.jpg,Electronics
Apparel/B01L8696XQ.jpg,Apparel
Electronics/B081DTDKZZ.jpg,Electronics
Apparel/B00HUM7JIW.jpg,Apparel
Electronics/B07Q59QDVQ.jpg,Electronics
Electronics/B0789QD37H.jpg,Electronics
Apparel/B08M3Q47Y1.jpg,Apparel
Home/B00I3SOZ7K.jpg,Home
Electronics/B075YRN3TX.jpg,Electronics
Home/B000WPFPOE.jpg,Home
Apparel/B08HRT2JMJ.jpg,Apparel
Electronics/B07DR2D5YB.jpg,Electronics
Home/B083H2Y7M2.jpg,Home
Apparel/B07KYFYRTG.jpg,Apparel
Home/B0B3RJTRQS.jpg,Home
Apparel/B074FW42MV.jpg,Apparel
Home/B0182KRI2C.jpg,Home
Electronics/B07QCXH928.jpg,Electronics
Electronics/B09XK5Y6J2.jpg,Electronics
Apparel/B01MQIA6XR.jpg,Apparel
Home/B0195ON0XK.jpg,Home
Apparel/B07QD1X7HT.jpg,Apparel
Home/B07N58H133.jpg,Home
Home/B08NKVTYCW.jpg,Home
Home/B07W97Y465.jpg,Home
Home/B01MUCZW1F.jpg,Home
Apparel/B07BLKRJ86.jpg,Apparel
Electronics/B07S2X94PT.jpg,Electronics
Apparel/B07YS224SG.jpg,Apparel
Electronics/B000BBCTF2.jpg,Electronics
Apparel/B01BQOQ58Y.jpg,Apparel
Electronics/B0BJC77ML8.jpg,Electronics
Electronics/B000EHP608.jpg,Electronics
Apparel/B075CF87TH.jpg,Apparel
Apparel/B08PCL9CZF.jpg,Apparel
Apparel/B09FF11GLZ.jpg,Apparel
Home/B0B81FHYBH.jpg,Home
Home/B094NJVPKV.jpg,Home
Electronics/B0056C8O64.jpg,Electronics
Home/B095WVTPNV.jpg,Home
Home/B0BXP7HVTH.jpg,Home
Electronics/B00AVYPN5C.jpg,Electronics
Apparel/B07B3L7PGP.jpg,Apparel
Apparel/B09JCJLZ7S.jpg,Apparel
Apparel/B01HH449X0.jpg,Apparel
Apparel/B01EUH6KBQ.jpg,Apparel
Apparel/B07QYKND5M.jpg,Apparel
Electronics/B08LQ3DPSW.jpg,Electronics
Apparel/B0183FJLOO.jpg,Apparel
Apparel/B09F16CZP6.jpg,Apparel
Apparel/B07YG9N67S.jpg,Apparel
Electronics/B096GZ9C7X.jpg,Electronics
Apparel/B098QHVZHQ.jpg,Apparel
Apparel/B073WTLLDX.jpg,Apparel
Home/B00CO8WWSY.jpg,Home
Home/B01N33VRIS.jpg,Home
Apparel/B019E2DXRQ.jpg,Apparel
Home/B095JPKVQY.jpg,Home
Electronics/B00ISNDTHC.jpg,Electronics
Electronics/B001F7BJIO.jpg,Electronics
Electronics/B09TZJSYRH.jpg,Electronics
Electronics/B003XM8234.jpg,Electronics
Home/B07832YJJD.jpg,Home
Electronics/B07XCYSG9B.jpg,Electronics
Electronics/B077KY3V68.jpg,Electronics
Home/B073FZ22VF.jpg,Home
Apparel/B01LY6S8RM.jpg,Apparel
Electronics/B07BJYR5TG.jpg,Electronics
Electronics/B099SBHQSX.jpg,Electronics
Home/B08HXVGRZV.jpg,Home
Electronics/B00KZ4IEOK.jpg,Electronics
Home/B0B2BZY883.jpg,Home
Home/B00CYMOAXA.jpg,Home
Home/B01KI79XHA.jpg,Home
Home/B0C1G5JLT9.jpg,Home
Electronics/B0B59ZWV7D.jpg,Electronics
Electronics/B01BT8UNDK.jpg,Electronics
Electronics/B0793NQB1P.jpg,Electronics
Apparel/B099P8SGBD.jpg,Apparel
Home/B0006TJ72M.jpg,Home
Apparel/B017HIHV4A.jpg,Apparel
Apparel/B07VQFGHXG.jpg,Apparel
Home/B08K5J3TXP.jpg,Home
Home/B0B9JHJ2BH.jpg,Home
Apparel/B07ZQ4MZFW.jpg,Apparel
Apparel/B00Y72YZNA.jpg,Apparel
Electronics/B07VMFTF3D.jpg,Electronics
Apparel/B07B1RD77X.jpg,Apparel
Apparel/B07NW58RM4.jpg,Apparel
Electronics/B07M7VH9TQ.jpg,Electronics
Home/B01N6JG9SO.jpg,Home
Electronics/B075F77DB8.jpg,Electronics
Electronics/B0BTYCP1H8.jpg,Electronics
Electronics/B002QFO3VE.jpg,Electronics
Home/B0BPBHXB79.jpg,Home
Home/B07DFFG69L.jpg,Home
Electronics/B0937K5972.jpg,Electronics
Apparel/B076W7MF1P.jpg,Apparel
Electronics/B07JNK4J7K.jpg,Electronics
Home/B008VGV5AE.jpg,Home
Apparel/B06XZQFVY9.jpg,Apparel
Home/B08BLHKM9Z.jpg,Home
Home/B00CDTENHW.jpg,Home
Electronics/B00NBAU5FQ.jpg,Electronics
Electronics/B0BNTCL316.jpg,Electronics
Home/B07333NWLJ.jpg,Home
Apparel/B079SY9BKH.jpg,Apparel
Apparel/B01C2RSSPM.jpg,Apparel
Apparel/B07H8VYKT7.jpg,Apparel
Electronics/B079MB8T1G.jpg,Electronics
Home/B01LY88GQ4.jpg,Home
Electronics/B07P6ZN6F8.jpg,Electronics
Electronics/B08JZ1B98S.jpg,Electronics
Electronics/B000UHBFDY.jpg,Electronics
Electronics/B00C85N4XU.jpg,Electronics
Apparel/B079CHQ2VJ.jpg,Apparel
Electronics/B011DFAOP6.jpg,Electronics
Electronics/B01A5AY438.jpg,Electronics
Electronics/B0C3F5B7JZ.jpg,Electronics
Home/B00999MHTK.jpg,Home
Electronics/B00BU91586.jpg,Electronics
Electronics/B07GZN92MH.jpg,Electronics
Electronics/B00RMAZ5DS.jpg,Electronics
Home/B09BBTQQLC.jpg,Home
Electronics/B07Q3PCY98.jpg,Electronics
Electronics/B0009PAJ2A.jpg,Electronics
Apparel/B00LV3UCN0.jpg,Apparel
Electronics/B005TX3LA4.jpg,Electronics
Home/B007WELSP8.jpg,Home
Home/B0013I1DD6.jpg,Home
Home/B097RHPG9Y.jpg,Home
Apparel/B07H9RJ5HB.jpg,Apparel
Electronics/B00UZWL6AQ.jpg,Electronics
Electronics/B09B2FLCDF.jpg,Electronics
Electronics/B07QVJTNHD.jpg,Electronics
Apparel/B08FYRXG7T.jpg,Apparel
Apparel/B07K3YC6JF.jpg,Apparel
Apparel/B073XHT9Z6.jpg,Apparel
Apparel/B01AXZJBY2.jpg,Apparel
Home/B07SKB897B.jpg,Home
Electronics/B077ZCBTJX.jpg,Electronics
Electronics/B07455BTFJ.jpg,Electronics
Electronics/B000N7IPUW.jpg,Electronics
Home/B00004R91U.jpg,Home
Electronics/B085VW74GV.jpg,Electronics
Electronics/B00DPTOVL2.jpg,Electronics
Apparel/B0963J5NN7.jpg,Apparel
Home/B09PKFLBS5.jpg,Home
Home/B0077QHT36.jpg,Home
Electronics/B09L3S488V.jpg,Electronics
Electronics/B0B74GL7M6.jpg,Electronics
Electronics/B01F321YVI.jpg,Electronics
Apparel/B013H01T5Y.jpg,Apparel
Apparel/B01JVC72FS.jpg,Apparel
Electronics/B0B4F456YW.jpg,Electronics
Home/B07ZTDQCRY.jpg,Home
Electronics/B08DXPZC9G.jpg,Electronics
Home/B004G1X4E8.jpg,Home
Electronics/B01JPYUX94.jpg,Electronics
Electronics/B00GWW1QZ8.jpg,Electronics
Home/B0B1QJ4W2N.jpg,Home
Electronics/B0B41RK66B.jpg,Electronics
Home/B0BKHM2K6J.jpg,Home
Home/B01LWSX2DH.jpg,Home
Home/B01CALDSMI.jpg,Home
Home/B00DZCD1LK.jpg,Home
Electronics/B083Q9P5P3.jpg,Electronics
Apparel/B07HKZG57J.jpg,Apparel
Apparel/B08T96SRFY.jpg,Apparel
Electronics/B0044XVA7Q.jpg,Electronics
Apparel/B078KXDX7W.jpg,Apparel
Electronics/B0032UMWU6.jpg,Electronics
Apparel/B0162RYEK6.jpg,Apparel
Electronics/B07H98ZF6H.jpg,Electronics
Apparel/B00KN0WNSY.jpg,Apparel
Electronics/B09C1Y19M6.jpg,Electronics
Apparel/B00G0L6XF4.jpg,Apparel
Home/B013F4173G.jpg,Home
Electronics/B095XTYC7T.jpg,Electronics
Home/B07C3LLXGN.jpg,Home
Apparel/B07YQ1LB4J.jpg,Apparel
Electronics/B0BQ6DKJLK.jpg,Electronics
Apparel/B07X8W9VS2.jpg,Apparel
Home/B09C1H5DN4.jpg,Home
Home/B07DS4G9S5.jpg,Home
Home/B0781VSWKQ.jpg,Home
Apparel/B078Y7K8DK.jpg,Apparel
Electronics/B08KDPTHZP.jpg,Electronics
Home/B0BB4P92WF.jpg,Home
Apparel/B07WHBTPMH.jpg,Apparel
Home/B006HYJM66.jpg,Home
Apparel/B0742NK7RQ.jpg,Apparel
Home/B08PDG7Y8K.jpg,Home
Apparel/B07V8F4FHV.jpg,Apparel
Apparel/B071L4K4WZ.jpg,Apparel
Home/B07LDP9KVV.jpg,Home
Electronics/B08GWMS512.jpg,Electronics
Apparel/B074PDGP35.jpg,Apparel
Electronics/B00JWTBBBC.jpg,Electronics
Electronics/B007W7TOGU.jpg,Electronics
Apparel/B00BLWP934.jpg,Apparel
Apparel/B094J3354T.jpg,Apparel
Apparel/B07L4TSY33.jpg,Apparel
Home/B07GL4S4Z6.jpg,Home
Apparel/B01G8IF106.jpg,Apparel
Apparel/B08FKXHRWQ.jpg,Apparel
Home/B00BJ9N7B0.jpg,Home
Apparel/B00EJRQU86.jpg,Apparel
Home/B00451B7R0.jpg,Home
Home/B013XNXE6C.jpg,Home
Home/B0BSVPV9B1.jpg,Home
Apparel/B09F3544KW.jpg,Apparel
Electronics/B09GTY3TK1.jpg,Electronics
Electronics/B014F9VCCG.jpg,Electronics
Apparel/B07RS4FR6Z.jpg,Apparel
Electronics/B09JC26XR4.jpg,Electronics
Electronics/B0BJPYLZVG.jpg,Electronics
Electronics/B087Q6ZTYT.jpg,Electronics
Electronics/B0B3BJ83PM.jpg,Electronics
Home/B09FF3QZR3.jpg,Home
Apparel/B07PB1GLTH.jpg,Apparel
Apparel/B092VF33H8.jpg,Apparel
Apparel/B07GQTL1LT.jpg,Apparel
Electronics/B00C3DGYFW.jpg,Electronics
Home/B08XQZY5SV.jpg,Home
Apparel/B0B5NH8QZ8.jpg,Apparel
Apparel/B07WPW822Q.jpg,Apparel
Electronics/B003TSTDLC.jpg,Electronics
Home/B017W5SLCO.jpg,Home
Home/B08BR9NKT9.jpg,Home
Home/B00GQF3ZV4.jpg,Home
Electronics/B07V5NJPL6.jpg,Electronics
Electronics/B085VSQ3JX.jpg,Electronics
Apparel/B00DJWP0BU.jpg,Apparel
Apparel/B0833R2K3V.jpg,Apparel
Apparel/B07Q19SV13.jpg,Apparel
Apparel/B084WR19QH.jpg,Apparel
Electronics/B07D6ZGR7W.jpg,Electronics
Home/B088T4DVN4.jpg,Home
Apparel/B07CY3QQK1.jpg,Apparel
Home/B08GJZDM9X.jpg,Home
Electronics/B01N9GP3ON.jpg,Electronics
Electronics/B00TD5DXDO.jpg,Electronics
Home/B07CKBFPJH.jpg,Home
Electronics/B07Q4MNFPJ.jpg,Electronics
Home/B07GX9D1C9.jpg,Home
Home/B07CP83RW6.jpg,Home
Electronics/B08XQJHDQZ.jpg,Electronics
Electronics/B0BB5Y7SGC.jpg,Electronics
Apparel/B076VF9DK7.jpg,Apparel
Home/B077FS8DF6.jpg,Home
Electronics/B09L18ZNZW.jpg,Electronics
Home/B00609YQP0.jpg,Home
Home/B0B49M8ZYW.jpg,Home
Home/B07CKBGPR7.jpg,Home
Electronics/B0987BNW6Z.jpg,Electronics
Apparel/B06Y294KL8.jpg,Apparel
Electronics/B00HVJBNYU.jpg,Electronics
Electronics/B00513ZYVG.jpg,Electronics
Home/B09F1VZS2J.jpg,Home
Apparel/B07KYZ64G3.jpg,Apparel
Home/B07MMGWDSL.jpg,Home
Apparel/B082D9PBDY.jpg,Apparel
Apparel/B07CT77XLL.jpg,Apparel
Home/B08QVL7NQQ.jpg,Home
Home/B07R99F44F.jpg,Home
Electronics/B07T35RWQK.jpg,Electronics
Home/B07VXHQYB4.jpg,Home
Home/B09V8W3222.jpg,Home
Apparel/B0744DVG5K.jpg,Apparel
Home/B08L5T9JMW.jpg,Home
Electronics/B01GHO8MAM.jpg,Electronics
Electronics/B014N5798S.jpg,Electronics
Home/B07P7WZRQS.jpg,Home
Electronics/B00U2DGI10.jpg,Electronics
Home/B08BLR6JMD.jpg,Home
Apparel/B072BFYK52.jpg,Apparel
Home/B07R3DBV1F.jpg,Home
Home/B0196V779K.jpg,Home
Apparel/B014UAOG6E.jpg,Apparel
Apparel/B074KLPT6K.jpg,Apparel
Apparel/B0176UN7FG.jpg,Apparel
Electronics/B000CC1Q9K.jpg,Electronics
Apparel/B01AMLO1D8.jpg,Apparel
Electronics/B019M5QP2U.jpg,Electronics
Apparel/B01LYO5226.jpg,Apparel
Home/B0898XFZNL.jpg,Home
Apparel/B00XGI8I1G.jpg,Apparel
Electronics/B077SPL1X1.jpg,Electronics
Apparel/B07PWC46TK.jpg,Apparel
Apparel/B07QR73RKH.jpg,Apparel
Electronics/B01AQAN794.jpg,Electronics
Apparel/B08P9HCB4K.jpg,Apparel
Home/B09BN18N8M.jpg,Home
Apparel/B07VVR3XB1.jpg,Apparel
Home/B00684VC8G.jpg,Home
Apparel/B093CCNNN1.jpg,Apparel
Electronics/B0BYDVZ538.jpg,Electronics
Apparel/B08L8PHDY3.jpg,Apparel
Home/B08PP49B9V.jpg,Home
Home/B00NUCYHCC.jpg,Home
Home/B08F72TBKV.jpg,Home
Home/B08CRD5D9V.jpg,Home
Home/B0B4WHWW33.jpg,Home
Electronics/B00006I53T.jpg,Electronics
Electronics/B075VTD2W7.jpg,Electronics
Electronics/B07SW8BNB5.jpg,Electronics
Home/B08QVBW6V6.jpg,Home
Electronics/B08HPM2WHP.jpg,Electronics
Apparel/B07LCBRNTK.jpg,Apparel
Apparel/B07C47TJNB.jpg,Apparel
Electronics/B004CHF3O0.jpg,Electronics
Electronics/B08PQ3911K.jpg,Electronics
Electronics/B0014Y02SG.jpg,Electronics
Electronics/B0009TU3T0.jpg,Electronics
Home/B005QM0ZTI.jpg,Home
Apparel/B076PJ4HCB.jpg,Apparel
Apparel/B07PYQDK5D.jpg,Apparel
Apparel/B07TN1G59F.jpg,Apparel
Electronics/B000RL5QRO.jpg,Electronics
Home/B01G6GT35O.jpg,Home
Home/B07CTXZYY3.jpg,Home
Apparel/B00M1E88GG.jpg,Apparel
Home/B007YZ8KYM.jpg,Home
Apparel/B098LGP8PD.jpg,Apparel
Apparel/B01F35IVS4.jpg,Apparel
Electronics/B087X4D4KT.jpg,Electronics
Home/B08TW8TSDX.jpg,Home
Apparel/B013UD70FQ.jpg,Apparel
Apparel/B074M6PL5X.jpg,Apparel
Home/B08FW33FL4.jpg,Home
Apparel/B09TZYDQSR.jpg,Apparel
Apparel/B091NX5PXL.jpg,Apparel
Home/B07VD6VNV3.jpg,Home
Home/B07JGHJ4D7.jpg,Home
Apparel/B07G2BC92J.jpg,Apparel
Home/B08DC8JTQK.jpg,Home
Electronics/B006Y50PR8.jpg,Electronics
Apparel/B07TB7W35L.jpg,Apparel
Home/B004G91PRI.jpg,Home
Electronics/B0711YB6BC.jpg,Electronics
Electronics/B007W7Z2OS.jpg,Electronics
Electronics/B003ICW35C.jpg,Electronics
Home/B0086JY6DE.jpg,Home
Apparel/B07RK61VL1.jpg,Apparel
Home/B08CD2B9LP.jpg,Home
Home/B003JTI34O.jpg,Home
Home/B00CSMCSA8.jpg,Home
Home/B0825KTCY2.jpg,Home
Home/B01MRWU4VU.jpg,Home
Apparel/B07QHCD6QH.jpg,Apparel
Apparel/B07BZBR52D.jpg,Apparel
Apparel/B01NCFDCT6.jpg,Apparel
Home/B08RXMWJC2.jpg,Home
Electronics/B07C2YWH7Z.jpg,Electronics
Apparel/B00F6YV6T4.jpg,Apparel
Apparel/B09CPK4VTN.jpg,Apparel
Home/B08BXD9MG1.jpg,Home
Apparel/B00VHW27TC.jpg,Apparel
Apparel/B017ONR15M.jpg,Apparel
Apparel/B07W8SX3MF.jpg,Apparel
Home/B0928VPKW1.jpg,Home
Home/B09MB1H7JK.jpg,Home
Electronics/B07ZL13LHR.jpg,Electronics
Electronics/B0875LQTRF.jpg,Electronics
Apparel/B07B4B1S14.jpg,Apparel
Apparel/B07XL92P8Z.jpg,Apparel
Home/B007FVIR2U.jpg,Home
Apparel/B0BBM1D1N8.jpg,Apparel
Electronics/B08BL875G2.jpg,Electronics
Apparel/B00GP15ULC.jpg,Apparel
Electronics/B00EAHR3X6.jpg,Electronics
Apparel/B0821NDPYM.jpg,Apparel
Electronics/B07TWCJ3VT.jpg,Electronics
Apparel/B01MG1L5HV.jpg,Apparel
Home/B08HGV11CM.jpg,Home
Electronics/B00EEVBCG2.jpg,Electronics
Apparel/B0752GSTR3.jpg,Apparel
Apparel/B07FFVK2BQ.jpg,Apparel
Apparel/B076JMX4YJ.jpg,Apparel
Home/B00DMW0CII.jpg,Home
Apparel/B08LGBRFWJ.jpg,Apparel
Apparel/B01M27RCVP.jpg,Apparel
Home/B07P968RPZ.jpg,Home
Electronics/B07JGJBNR5.jpg,Electronics
Electronics/B00KA7L2GO.jpg,Electronics
Home/B09C925MZM.jpg,Home
Home/B085XXBPL1.jpg,Home
Home/B002JEI6FG.jpg,Home
Apparel/B07WRHQ8JJ.jpg,Apparel
Home/B07ZS1LX5S.jpg,Home
Apparel/B07HRK1P5S.jpg,Apparel
Home/B07QB55D6H.jpg,Home
Home/B009YLYD1I.jpg,Home
Home/B07VGZZYQM.jpg,Home
Electronics/B07GTGZYLG.jpg,Electronics
Electronics/B00006B9WC.jpg,Electronics
Electronics/B07VF398HB.jpg,Electronics
Home/B00HZTOFHS.jpg,Home
Apparel/B07X3XSWZ8.jpg,Apparel
Home/B07QLXM5DM.jpg,Home
Electronics/B08L97C3YM.jpg,Electronics
Home/B07KSXXK36.jpg,Home
Home/B077VS3XZX.jpg,Home
Home/B08RP8DK2T.jpg,Home
Electronics/B07QR7YBYG.jpg,Electronics
Apparel/B0834V8VP7.jpg,Apparel
Electronics/B00BPKR95I.jpg,Electronics
Apparel/B003AR7ZY4.jpg,Apparel
Home/B06X6L7QLW.jpg,Home
Home/B09J3GNGZH.jpg,Home
Home/B079XST2S2.jpg,Home
Electronics/B0B1ZFZ2SC.jpg,Electronics
Home/B0989N3PMS.jpg,Home
Electronics/B00N98RMI8.jpg,Electronics
Apparel/B06Y51GKSN.jpg,Apparel
Apparel/B01MCWS3AT.jpg,Apparel
Apparel/B0086WVKDA.jpg,Apparel
Home/B09F3KMF63.jpg,Home
Electronics/B0BM6HWX77.jpg,Electronics
Apparel/B08L3L6NL4.jpg,Apparel
Electronics/B01MXX6PIW.jpg,Electronics
Home/B0BLXMHVMV.jpg,Home
Electronics/B08QM3YWGL.jpg,Electronics
Home/B082XR799D.jpg,Home
Apparel/B086Q1C88C.jpg,Apparel
Apparel/B08PS5GJZ9.jpg,Apparel
Apparel/B07SM68P34.jpg,Apparel
Apparel/B07F348L21.jpg,Apparel
Electronics/B01CLK8JN6.jpg,Electronics
Electronics/B00A82P27Q.jpg,Electronics
Apparel/B015JXGYMU.jpg,Apparel
Electronics/B0B4945YFF.jpg,Electronics
Home/B081H444FF.jpg,Home
Home/B08PTBMK9T.jpg,Home
Apparel/B089K62QWD.jpg,Apparel
Electronics/B015CM13TM.jpg,Electronics
Home/B0BW3MLLTD.jpg,Home
Electronics/B0725Z65Y8.jpg,Electronics
Electronics/B0863HJMY6.jpg,Electronics
Home/B07GF3334C.jpg,Home
Home/B08QHRQT9D.jpg,Home
Home/B08JPKVJHW.jpg,Home
Home/B00K7LEAJE.jpg,Home
Apparel/B08945DD7K.jpg,Apparel
Electronics/B07QC3JJQM.jpg,Electronics
Electronics/B09NRFZJKJ.jpg,Electronics
Electronics/B0056S8EIQ.jpg,Electronics
Electronics/B001F1FOE0.jpg,Electronics
Home/B07CNHCP91.jpg,Home
Home/B0732V9YJM.jpg,Home
Electronics/B09NSK1DGJ.jpg,Electronics
Home/B0000BUW2L.jpg,Home
Home/B078JXTM6Y.jpg,Home
Apparel/B07WRX75WL.jpg,Apparel
Apparel/B07HNC97J1.jpg,Apparel
Electronics/B0BVHX44M2.jpg,Electronics
Home/B09PTYN9QY.jpg,Home
Electronics/B09ZYNZM62.jpg,Electronics
Electronics/B00NHYGLTK.jpg,Electronics
Home/B00CO84S7W.jpg,Home
Home/B083BG9JXS.jpg,Home
Apparel/B01N44BZPY.jpg,Apparel
Home/B0BXMNY54D.jpg,Home
Home/B01MY53CGM.jpg,Home
Electronics/B001EVJ0D2.jpg,Electronics
Electronics/B00AVNZG96.jpg,Electronics
Electronics/B00DTJJ456.jpg,Electronics
Apparel/B07J4SFGPM.jpg,Apparel
Home/B08CD2P44D.jpg,Home
Electronics/B085SBNV32.jpg,Electronics
Home/B001FHQG6Y.jpg,Home
Apparel/B07DRJ25M7.jpg,Apparel
Home/B00BIRX4SO.jpg,Home
Apparel/B01KIWIIDU.jpg,Apparel
Apparel/B00IEK23TO.jpg,Apparel
Home/B07KT9YQSP.jpg,Home
Home/B008CYYPGG.jpg,Home
Apparel/B082NRM9Z5.jpg,Apparel
Home/B0736NLPTY.jpg,Home
Home/B07RT4SG6X.jpg,Home
Apparel/B01LO9JVTG.jpg,Apparel
Electronics/B00DYWS22E.jpg,Electronics
Apparel/B094N5JYL7.jpg,Apparel
Home/B07MFM92ZX.jpg,Home
Home/B08L4XJXVK.jpg,Home
Home/B09XXR24V5.jpg,Home
Home/B09QKRBX3K.jpg,Home
Home/B08L94DJP2.jpg,Home
Electronics/B00JCRZX90.jpg,Electronics
Apparel/B0765NR8ND.jpg,Apparel
Home/B01I4YBYVC.jpg,Home
Apparel/B00NXYGM3Y.jpg,Apparel
Electronics/B000MMH4CS.jpg,Electronics
Electronics/B004KNP74C.jpg,Electronics
Home/B071RBVPGN.jpg,Home
Electronics/B00HHDUEDG.jpg,Electronics
Electronics/B075XMLVFP.jpg,Electronics
Electronics/B00K8O9ZTU.jpg,Electronics
Home/B01BJ44KGU.jpg,Home
Electronics/B01JT4GCWM.jpg,Electronics
Home/B00K2W5HHC.jpg,Home
Electronics/B0BHWRC2TB.jpg,Electronics
Apparel/B07ZJFN3VH.jpg,Apparel
Apparel/B07N17HV74.jpg,Apparel
Electronics/B078ZJ8N3P.jpg,Electronics
Apparel/B004O0CP9Q.jpg,Apparel
Home/B09CYR5WS4.jpg,Home
Electronics/B07VK36MV5.jpg,Electronics
Home/B08H8MHKDY.jpg,Home
Home/B08RJ7FLSW.jpg,Home
Electronics/B0B8RQDJRM.jpg,Electronics
Apparel/B06XXTXPQT.jpg,Apparel
Apparel/B010Y149G0.jpg,Apparel
Home/B01HP09IEQ.jpg,Home
Home/B0B56DCLYG.jpg,Home
Home/B0154BFD4M.jpg,Home
Apparel/B07L88RXZV.jpg,Apparel
Apparel/B07B7H335S.jpg,Apparel
Home/B00MFSXA48.jpg,Home
Apparel/B019DWP9MY.jpg,Apparel
Home/B0BF48Y33S.jpg,Home
Apparel/B01DLC1NYA.jpg,Apparel
Home/B01LZNE1PT.jpg,Home
Electronics/B00KRLPNUE.jpg,Electronics
Electronics/B004H3JUJI.jpg,Electronics
Electronics/B09FF6FJQ6.jpg,Electronics
Electronics/B08J93K6ZC.jpg,Electronics
Electronics/B07PVFZW96.jpg,Electronics
Electronics/B01MDQHPM8.jpg,Electronics
Apparel/B01JLQBQRE.jpg,Apparel
Apparel/B07NVWL69N.jpg,Apparel
Electronics/B07J593L4D.jpg,Electronics
Home/B08GLDTCWF.jpg,Home
Apparel/B01MSZU3S3.jpg,Apparel
Electronics/B01N6OXK07.jpg,Electronics
Apparel/B015H78U0M.jpg,Apparel
Home/B08CQTNM1N.jpg,Home
Home/B09FFX77MD.jpg,Home
Home/B0816CDT6Y.jpg,Home
Home/B07GK5VGB7.jpg,Home
Electronics/B099PGLVLW.jpg,Electronics
Electronics/B005V28N1U.jpg,Electronics
Electronics/B0915D45P3.jpg,Electronics
Home/B0B9MDKP6M.jpg,Home
Electronics/B01EM7U8C6.jpg,Electronics
Electronics/B082W5DC7F.jpg,Electronics
Apparel/B085BZYSFM.jpg,Apparel
Home/B015DLYGHI.jpg,Home
Electronics/B00O9DIV6O.jpg,Electronics
Home/B08V939XTZ.jpg,Home
Electronics/B071P9JXCS.jpg,Electronics
Home/B07RB3ZFLC.jpg,Home
Electronics/B08QGQGSCQ.jpg,Electronics
Apparel/B083R9LZQ2.jpg,Apparel
Apparel/B06XCXVRM3.jpg,Apparel
Apparel/B013AMM6GA.jpg,Apparel
Home/B07X8ZZBN6.jpg,Home
Home/B07PR5PBR4.jpg,Home
Home/B014RORS8Q.jpg,Home
Electronics/B0137D0TNO.jpg,Electronics
Apparel/B00QA8E0BG.jpg,Apparel
Apparel/B01N9I052V.jpg,Apparel
Home/B01F9X9BJS.jpg,Home
Apparel/B00AFCJRVQ.jpg,Apparel
Apparel/B07SZDG587.jpg,Apparel
Home/B003VKR35Q.jpg,Home
Apparel/B0B6D4RTH7.jpg,Apparel
Apparel/B00ZYKCIHO.jpg,Apparel
Apparel/B096XC813P.jpg,Apparel
Apparel/B08PFMH9V7.jpg,Apparel
Home/B08C4TYN1L.jpg,Home
Electronics/B00FQWFOIK.jpg,Electronics
Electronics/B08PTTSWYG.jpg,Electronics
Electronics/B01B1X3VOQ.jpg,Electronics
Home/B07L43ZY3R.jpg,Home
Electronics/B0019MNNLQ.jpg,Electronics
Apparel/B079841L99.jpg,Apparel
Home/B08LBG6GH3.jpg,Home
Electronics/B003V5TWJG.jpg,Electronics
Electronics/B00FORC7DW.jpg,Electronics
Electronics/B09GVB6L58.jpg,Electronics
Apparel/B07J1JJ11Y.jpg,Apparel
Apparel/B07KLMVSYD.jpg,Apparel
Electronics/B0044ZWHGM.jpg,Electronics
Electronics/B07WNXZW4P.jpg,Electronics
Apparel/B07W7DC1BD.jpg,Apparel
Apparel/B08SLKVYFW.jpg,Apparel
Apparel/B01MCRMLDJ.jpg,Apparel
Home/B00006WS5L.jpg,Home
Apparel/B00VASY1TW.jpg,Apparel
Electronics/B07DK5WPL6.jpg,Electronics
Home/B07S8QS21R.jpg,Home
Apparel/B09N9717NB.jpg,Apparel
Apparel/B08CZ9FHWY.jpg,Apparel
Apparel/B07CH41VSD.jpg,Apparel
Electronics/B01MG8FVTD.jpg,Electronics
Home/B00TOAARCI.jpg,Home
Electronics/B009198ANA.jpg,Electronics
Apparel/B07B4WJG6F.jpg,Apparel
Home/B08X6X28FK.jpg,Home
Home/B08KSTYVNR.jpg,Home
Electronics/B00540JT1W.jpg,Electronics
Electronics/B01FSF25KE.jpg,Electronics
Home/B08HJZ8NB9.jpg,Home
Apparel/B00CLD6M0Q.jpg,Apparel
Electronics/B08MSZZ4D8.jpg,Electronics
Electronics/B01KKZFZDQ.jpg,Electronics
Electronics/B0057JQ0NU.jpg,Electronics
Home/B08P3H9GF8.jpg,Home
Home/B08MTB91BC.jpg,Home
Apparel/B08SJYQKS9.jpg,Apparel
Home/B09689FJQW.jpg,Home
Apparel/B07F6545TX.jpg,Apparel
Home/B09F92BRFL.jpg,Home
Apparel/B01LVV3NET.jpg,Apparel
Home/B000KH6J0I.jpg,Home
Electronics/B00SCMGNDG.jpg,Electronics
Apparel/B07C61YLHN.jpg,Apparel
Electronics/B07BN31GVJ.jpg,Electronics
Apparel/B084666Q36.jpg,Apparel
Home/B0BWNLQS95.jpg,Home
Apparel/B07S2L2NJW.jpg,Apparel
Home/B00FIOXSRU.jpg,Home
Home/B00RQRI32W.jpg,Home
Electronics/B075D3FXLN.jpg,Electronics
Electronics/B00A7BIWYI.jpg,Electronics
Home/B073SW7BY6.jpg,Home
Electronics/B07SJLMH65.jpg,Electronics
Home/B002OJ9QTG.jpg,Home
Home/B085ZW8S96.jpg,Home
Electronics/B005EEIL3K.jpg,Electronics
Electronics/B0969MJ5M2.jpg,Electronics
Home/B08CZ8SRSP.jpg,Home
Home/B00FJ9QHD6.jpg,Home
Apparel/B087BYCXRV.jpg,Apparel
Apparel/B07SNKVDJ9.jpg,Apparel
Home/B00IYTOW1W.jpg,Home
Electronics/B0787NVRFX.jpg,Electronics
Electronics/B071GBGVHC.jpg,Electronics
Apparel/B07X3ZTPCS.jpg,Apparel
Apparel/B08L32P5L9.jpg,Apparel
Apparel/B019RAUYB8.jpg,Apparel
Electronics/B08TW9VR5K.jpg,Electronics
Electronics/B09MLJVM69.jpg,Electronics
Electronics/B000I1VJHO.jpg,Electronics
Home/B08LVVS4ZW.jpg,Home
Home/B078MHQXM6.jpg,Home
Home/B0BC7B3GQ3.jpg,Home
Apparel/B011E5CYBM.jpg,Apparel
Apparel/B07X1LFM99.jpg,Apparel
Electronics/B011R62TSQ.jpg,Electronics
Electronics/B0928LMPF2.jpg,Electronics
Electronics/B004RQNVI6.jpg,Electronics
Apparel/B0745CF593.jpg,Apparel
Home/B00PFCOA7C.jpg,Home
Apparel/B07XRVVZK9.jpg,Apparel
Apparel/B072C8SFBP.jpg,Apparel
Electronics/B095Y7VCVY.jpg,Electronics
Apparel/B00I9KHWP4.jpg,Apparel
Electronics/B005MPX6NG.jpg,Electronics
Apparel/B07YNXZTD1.jpg,Apparel
Apparel/B07GVK59CQ.jpg,Apparel
Apparel/B00RJXGLGI.jpg,Apparel
Apparel/B01MAZ8MWR.jpg,Apparel
Home/B0C3CMXXFC.jpg,Home
Home/B0B4SH8RG1.jpg,Home
Home/B07JJL3KBM.jpg,Home
Apparel/B01N25Q1M0.jpg,Apparel
Electronics/B09MK8K3MC.jpg,Electronics
Home/B08Y5R4ZV5.jpg,Home
Electronics/B08FZQ94FV.jpg,Electronics
Apparel/B09ZBFRFKF.jpg,Apparel
Electronics/B00LFHBEGG.jpg,Electronics
Home/B0109M0DC8.jpg,Home
Electronics/B00DE4XYZW.jpg,Electronics
Electronics/B00N2QXKA6.jpg,Electronics
Apparel/B008RZ9RQI.jpg,Apparel
Apparel/B001ER6GHE.jpg,Apparel
Apparel/B01N6HCFUC.jpg,Apparel
Electronics/B07PNLB4L3.jpg,Electronics
Electronics/B01MTNRD4Q.jpg,Electronics
Apparel/B01EIPTEP4.jpg,Apparel
Electronics/B00UA8LUA6.jpg,Electronics
Electronics/B07B61XNLX.jpg,Electronics
Home/B01BK97PUW.jpg,Home
Electronics/B0833ZS5PN.jpg,Electronics
Electronics/B07DGPD3YQ.jpg,Electronics
Electronics/B08C7CSXTN.jpg,Electronics
Home/B007C52FFY.jpg,Home
Home/B00BTJPWLS.jpg,Home
Electronics/B00XHW1Z5M.jpg,Electronics
Electronics/B003HR0SVE.jpg,Electronics
Electronics/B01HAFG3MQ.jpg,Electronics
Home/B07Y436RP9.jpg,Home
Electronics/B00I4ALO08.jpg,Electronics
Electronics/B0042YJ2MC.jpg,Electronics
Electronics/B071FJQK4D.jpg,Electronics
Home/B0BW18C1YF.jpg,Home
Electronics/B06W5HRVH3.jpg,Electronics
Apparel/B092ZH3LGX.jpg,Apparel
Electronics/B002YG4KUO.jpg,Electronics
Home/B07LFNMK4J.jpg,Home
Electronics/B00MMTGRTK.jpg,Electronics
Home/B07HFRMFRX.jpg,Home
Apparel/B01LZDEV6O.jpg,Apparel
Apparel/B07MZM7Q8Z.jpg,Apparel
Apparel/B01FFC3U2C.jpg,Apparel
Apparel/B08HK9SH3L.jpg,Apparel
Home/B07541XV6P.jpg,Home
Home/B004AS75HY.jpg,Home
Apparel/B07PY3VNXN.jpg,Apparel
Home/B01L7L43LW.jpg,Home
Apparel/B01I4YZF80.jpg,Apparel
Apparel/B092DGC6XM.jpg,Apparel
Apparel/B07F9QFKHY.jpg,Apparel
Home/B000HJRR64.jpg,Home
Electronics/B083JT5Y7K.jpg,Electronics
Electronics/B0BM41WM82.jpg,Electronics
Electronics/B08MF3B7YL.jpg,Electronics
Apparel/B07YRMLW3Y.jpg,Apparel
Electronics/B08Z36NTMG.jpg,Electronics
Apparel/B079SLC5WH.jpg,Apparel
Apparel/B01LW72M2W.jpg,Apparel
Electronics/B005LJWB9I.jpg,Electronics
Electronics/B0191UPY32.jpg,Electronics
Apparel/B076DYQD8W.jpg,Apparel
Home/B08R5KQYTP.jpg,Home
Electronics/B07T9DHFRS.jpg,Electronics
Apparel/B00KXVIOTU.jpg,Apparel
Electronics/B07T1WYC9M.jpg,Electronics
Apparel/B08MXFNWL4.jpg,Apparel
Apparel/B01IP90VH4.jpg,Apparel
Apparel/B09J2KTLX1.jpg,Apparel
Electronics/B000MO6620.jpg,Electronics
Home/B09MFD9V6Y.jpg,Home
Home/B0842F5V1K.jpg,Home
Home/B08PDKJJS5.jpg,Home
Apparel/B09GLNVM7N.jpg,Apparel
Apparel/B01I21SMK8.jpg,Apparel
Home/B07QFZF7J1.jpg,Home
Electronics/B01KRIQVLG.jpg,Electronics
Electronics/B0BB2H92L2.jpg,Electronics
Home/B07XYVSXYX.jpg,Home
Apparel/B09W23Y2F4.jpg,Apparel
Home/B084M4H3XD.jpg,Home
Electronics/B07PWK7ZNK.jpg,Electronics
Home/B014QZF54U.jpg,Home
Apparel/B07XQ9T35N.jpg,Apparel
Apparel/B09B4Z66ZC.jpg,Apparel
Home/B08BJ55CDX.jpg,Home
Home/B001690VNU.jpg,Home
Electronics/B00BRMHS4G.jpg,Electronics
Electronics/B07538133B.jpg,Electronics
Electronics/B09SBBKK3N.jpg,Electronics
Electronics/B07MHNXLGT.jpg,Electronics
Home/B092KM3K17.jpg,Home
Apparel/B0834RSDP1.jpg,Apparel
Electronics/B07T94N38F.jpg,Electronics
Apparel/B08LTPZ9MZ.jpg,Apparel
Home/B09YPPWXCL.jpg,Home
Apparel/B00UZI3XEM.jpg,Apparel
Electronics/B001KPPOJG.jpg,Electronics
Apparel/B07CMJSPWJ.jpg,Apparel
Electronics/B0B6J9QCHK.jpg,Electronics
Home/B01C28K1MY.jpg,Home
Electronics/B00RXNVT1G.jpg,Electronics
Electronics/B00FSB5ZCY.jpg,Electronics
Electronics/B003SEAX9S.jpg,Electronics
Electronics/B098V2PFKW.jpg,Electronics
Home/B07K2LGV8L.jpg,Home
Electronics/B0B4WZJ5R4.jpg,Electronics
Home/B00EXEX9S4.jpg,Home
Home/B08TZTJXRV.jpg,Home
Electronics/B07VGLXT4C.jpg,Electronics
Home/B08BC7C4XT.jpg,Home
Home/B07MDK9D7V.jpg,Home
Electronics/B012IJBDJ2.jpg,Electronics
Electronics/B002VUV47K.jpg,Electronics
Electronics/B09YVLXXQJ.jpg,Electronics
Electronics/B07P54L8HG.jpg,Electronics
Electronics/B08BL7KZ38.jpg,Electronics
Home/B00A7D24F4.jpg,Home
Apparel/B08BRPWNW6.jpg,Apparel
Home/B08PKJSDJ1.jpg,Home
Apparel/B07JPCS5HP.jpg,Apparel
Home/B00F1IAMO0.jpg,Home
Home/B06XG5WP7Y.jpg,Home
Apparel/B07VGL47DP.jpg,Apparel
Apparel/B01M74LXX1.jpg,Apparel
Electronics/B00E0R60JO.jpg,Electronics
Home/B00GWV34TA.jpg,Home
Electronics/B002R866RE.jpg,Electronics
Electronics/B0B4VL147T.jpg,Electronics
Electronics/B07DS6Z5CH.jpg,Electronics
Electronics/B009D1U5YI.jpg,Electronics
Apparel/B00CXLBY2M.jpg,Apparel
Apparel/B00Q53VKNW.jpg,Apparel
Electronics/B09MZDSH3V.jpg,Electronics
Apparel/B0868HH24R.jpg,Apparel
Home/B08LQN7M9W.jpg,Home
Apparel/B07SXCTZ7B.jpg,Apparel
Home/B08454W8NZ.jpg,Home
Electronics/B00006B71A.jpg,Electronics
Home/B08KGCSFL8.jpg,Home
Home/B08V1B3LPV.jpg,Home
Apparel/B093B9ZJP4.jpg,Apparel
Electronics/B073RGNKCM.jpg,Electronics
Electronics/B07HVFGVN3.jpg,Electronics
Apparel/B01CW1PNHE.jpg,Apparel
Electronics/B0834SW8G8.jpg,Electronics
Apparel/B00A6GWT70.jpg,Apparel
Apparel/B08PD76FVD.jpg,Apparel
Apparel/B07K6KFHWT.jpg,Apparel
Home/B09Y86WDQ9.jpg,Home
Home/B01N0366CU.jpg,Home
Home/B09RRDQZZ4.jpg,Home
Electronics/B07FY2DWL3.jpg,Electronics
Home/B09XB23YLZ.jpg,Home
Electronics/B002AUUOSG.jpg,Electronics
Home/B09V6RGPV7.jpg,Home
Apparel/B07HVW8KT9.jpg,Apparel
Electronics/B0087N1ASI.jpg,Electronics
Home/B096M2GYFT.jpg,Home
Apparel/B07K1J62HT.jpg,Apparel
Electronics/B08B5Y2T28.jpg,Electronics
Apparel/B07HRMND9T.jpg,Apparel
Home/B07MB1PXFQ.jpg,Home
Home/B013Q68F6A.jpg,Home
Apparel/B072826WWT.jpg,Apparel
Home/B07DJ3PC9K.jpg,Home
Apparel/B01AOWXWF8.jpg,Apparel
Apparel/B07VSWXYP9.jpg,Apparel
Home/B00SRJ5JYI.jpg,Home
Apparel/B083Q27NYC.jpg,Apparel
Home/B09TQFFSW2.jpg,Home
Apparel/B07J4168MN.jpg,Apparel
Electronics/B00IR4O5JS.jpg,Electronics
Apparel/B00MHGMJPY.jpg,Apparel
Home/B08MWTKXNN.jpg,Home
Apparel/B0022ET4WW.jpg,Apparel
Electronics/B0719SC6X2.jpg,Electronics
Electronics/B00E4Q1O4W.jpg,Electronics
Apparel/B08W311GQ9.jpg,Apparel
Electronics/B012DXY9FI.jpg,Electronics
Home/B08C58GC9K.jpg,Home
Apparel/B017DNE7RI.jpg,Apparel
Apparel/B079MD5Y2B.jpg,Apparel
Home/B081NSD54T.jpg,Home
Electronics/B002C6Q2XE.jpg,Electronics
Electronics/B00RZPOS4W.jpg,Electronics
Apparel/B07PDGCSHN.jpg,Apparel
Apparel/B08J6V4P1K.jpg,Apparel
Home/B00KJ8K9UE.jpg,Home
Apparel/B07QVL74YK.jpg,Apparel
Apparel/B07H9W7CHX.jpg,Apparel
Apparel/B08K2RN75M.jpg,Apparel
Apparel/B01N3Z6WBI.jpg,Apparel
Electronics/B00000J3NC.jpg,Electronics
Home/B00AJJN07W.jpg,Home
Apparel/B01M2CTPY0.jpg,Apparel
Electronics/B01LZ5NZ2B.jpg,Electronics
Electronics/B08ZFW8WKM.jpg,Electronics
Apparel/B01E1HMKEG.jpg,Apparel
Home/B00QL3V7EI.jpg,Home
Electronics/B0888CHMRB.jpg,Electronics
Electronics/B072KYQ4WM.jpg,Electronics
Home/B01EBA7F48.jpg,Home
Electronics/B088PNH2GN.jpg,Electronics
Apparel/B017N3CYIM.jpg,Apparel
Home/B073ZCVK4K.jpg,Home
Home/B07MW8WBYT.jpg,Home
Home/B09QHM7H8H.jpg,Home
Apparel/B07Q2D8PNT.jpg,Apparel
Home/B005F0HC6U.jpg,Home
Home/B0C7BFGD86.jpg,Home
Electronics/B00KNM55SM.jpg,Electronics
Electronics/B08L39Q9ZL.jpg,Electronics
Apparel/B099ZKFR6Z.jpg,Apparel
Home/B07YX2FW3Z.jpg,Home
Electronics/B00FPFG4DC.jpg,Electronics
Apparel/B08BNGS97N.jpg,Apparel
Home/B07K22G9XL.jpg,Home
Electronics/B0BLL6L9P6.jpg,Electronics
Home/B07M9WQJB2.jpg,Home
Home/B0946L6TYK.jpg,Home
Home/B0764FQBRK.jpg,Home
Home/B09WTWXLW9.jpg,Home
Electronics/B0B3WLCRF3.jpg,Electronics
Electronics/B08H8C992G.jpg,Electronics
Electronics/B072ZM7WT7.jpg,Electronics
Home/B00BSHN68C.jpg,Home
Electronics/B00I48HR6K.jpg,Electronics
Home/B00NZUI6YE.jpg,Home
Apparel/B01CRUJ6L4.jpg,Apparel
Home/B09WVQ9DHL.jpg,Home
Apparel/B07JG1TS2T.jpg,Apparel
Apparel/B072C2T9GW.jpg,Apparel
Home/B07MYYS7YS.jpg,Home
Electronics/B07LCLQ676.jpg,Electronics
Electronics/B00QWBDZKI.jpg,Electronics
Electronics/B0919S4B53.jpg,Electronics
Home/B00KWRXYMC.jpg,Home
Home/B08V11H58Q.jpg,Home
Home/B07G2M4G7M.jpg,Home
Home/B01EKBC0SY.jpg,Home
Home/B08FX2R2HD.jpg,Home
Apparel/B07GX8MXL6.jpg,Apparel
Apparel/B08JYSZDCP.jpg,Apparel
Electronics/B000OTLEFW.jpg,Electronics
Electronics/B017LAL1L8.jpg,Electronics
Home/B0BPM46KLG.jpg,Home
Apparel/B01GXS5ICC.jpg,Apparel
Apparel/B076HS7JJH.jpg,Apparel
Electronics/B0119HQIQ2.jpg,Electronics
Home/B07ZNZ9L3B.jpg,Home
Electronics/B00D3OHLK2.jpg,Electronics
Apparel/B0188PPOHM.jpg,Apparel
Electronics/B077NP4JWZ.jpg,Electronics
Home/B01H88LPZU.jpg,Home
Apparel/B071PDT4NP.jpg,Apparel
Home/B09HK1YDF1.jpg,Home
Apparel/B07H4V5FF2.jpg,Apparel
Home/B0BK3KNKV3.jpg,Home
Apparel/B07F29GK34.jpg,Apparel
Apparel/B08B4FPNR3.jpg,Apparel
Electronics/B00011CRU4.jpg,Electronics
Home/B001AFBZN0.jpg,Home
Home/B0C69F22BM.jpg,Home
Apparel/B017EAJH7A.jpg,Apparel
Electronics/B07D35JGC8.jpg,Electronics
Apparel/B08KGJDKHQ.jpg,Apparel
Electronics/B08DQW3768.jpg,Electronics
Apparel/B07491SSTS.jpg,Apparel
Home/B075S9HDPB.jpg,Home
Electronics/B00940GP7Y.jpg,Electronics
Home/B08Q2WLQTG.jpg,Home
Apparel/B07N8FBZ9C.jpg,Apparel
Apparel/B015JWTI5Q.jpg,Apparel
Electronics/B012BDUZZ8.jpg,Electronics
Electronics/B0BG2SRSRH.jpg,Electronics
Home/B098PRV8WD.jpg,Home
Apparel/B07CRQ23PF.jpg,Apparel
Home/B00B1HJEHG.jpg,Home
Apparel/B07MMSPQVF.jpg,Apparel
Apparel/B015230V26.jpg,Apparel
Apparel/B079335314.jpg,Apparel
Apparel/B07JVLKZTJ.jpg,Apparel
Electronics/B07T45YC99.jpg,Electronics
Electronics/B01EKWCT02.jpg,Electronics
Apparel/B01IOZ8HLG.jpg,Apparel
Home/B09NNP484P.jpg,Home
Apparel/B08VNDQRV1.jpg,Apparel
Electronics/B00AOA8KIA.jpg,Electronics
Electronics/B07PM331NX.jpg,Electronics
Home/B07CQG3V17.jpg,Home
Apparel/B01DGJM8LK.jpg,Apparel
Apparel/B0926NT1RB.jpg,Apparel
Home/B082QMTRWZ.jpg,Home
Electronics/B088GN5M3Z.jpg,Electronics
Electronics/B00G78RSXQ.jpg,Electronics
Electronics/B07NG1R6Z4.jpg,Electronics
Electronics/B00TOOM98Y.jpg,Electronics
Home/B08BFW193C.jpg,Home
Home/B003Y3HMRO.jpg,Home
Home/B075B4TSRM.jpg,Home
Apparel/B07FKBHZCL.jpg,Apparel
Electronics/B09VDL3CW6.jpg,Electronics
Apparel/B0153TGY84.jpg,Apparel
Apparel/B01GJNLDVQ.jpg,Apparel
Apparel/B08MV6PW3Z.jpg,Apparel
Electronics/B07H5K3FWX.jpg,Electronics
Apparel/B074M7KTPD.jpg,Apparel
Apparel/B017NQJMDO.jpg,Apparel
Electronics/B087JF7DQ2.jpg,Electronics
Apparel/B01MUBJ1YH.jpg,Apparel
Electronics/B08KT6TG8D.jpg,Electronics
Home/B07BFDH36F.jpg,Home
Electronics/B00F7R07UE.jpg,Electronics
Home/B07V5DGZCY.jpg,Home
Electronics/B00EIR7I7E.jpg,Electronics
Home/B0B84Y3JBR.jpg,Home
Apparel/B08MKRKVCC.jpg,Apparel
Apparel/B01LY12O14.jpg,Apparel
Apparel/B01BUNWFRG.jpg,Apparel
Electronics/B09Y1RBXV7.jpg,Electronics
Home/B09PDW7TNL.jpg,Home
Electronics/B004USNQIG.jpg,Electronics
Home/B08887JH7R.jpg,Home
Apparel/B08M9GTZ8H.jpg,Apparel
Apparel/B089SRM2G4.jpg,Apparel
Apparel/B013PUY9GC.jpg,Apparel
Home/B07L46TR46.jpg,Home
Apparel/B08PFN1HPW.jpg,Apparel
Electronics/B00W4ZD26I.jpg,Electronics
Apparel/B06XNMF6B5.jpg,Apparel
Home/B085XHLKFW.jpg,Home
Home/B06XPT7ZGX.jpg,Home
Apparel/B01B0IESJ4.jpg,Apparel
Electronics/B09PG6PDVF.jpg,Electronics
Apparel/B00378LP3S.jpg,Apparel
Electronics/B09TZYDFHP.jpg,Electronics
Apparel/B08LZCBQFP.jpg,Apparel
Electronics/B002AKK6TI.jpg,Electronics
Apparel/B00W6KZRE6.jpg,Apparel
Apparel/B01KV3JWS6.jpg,Apparel
Apparel/B09CT8QYKS.jpg,Apparel
Apparel/B07SRHK2MP.jpg,Apparel
Apparel/B07TD3381C.jpg,Apparel
Electronics/B07XWYL586.jpg,Electronics
Electronics/B00T6GORG2.jpg,Electronics
Electronics/B006470L5W.jpg,Electronics
Electronics/B01CKSDSYY.jpg,Electronics
Home/B011PERHDC.jpg,Home
Apparel/B07835SDMH.jpg,Apparel
Home/B001FOXNPY.jpg,Home
Electronics/B07JDSPFK5.jpg,Electronics
Home/B01EI1K8GW.jpg,Home
Home/B01BUI5DSE.jpg,Home
Apparel/B00GD18IJU.jpg,Apparel
Home/B07JK5JNF7.jpg,Home
Apparel/B01MRMF3VB.jpg,Apparel
Apparel/B01HZWO9FM.jpg,Apparel
Electronics/B074C9F555.jpg,Electronics
Apparel/B0859MSQLF.jpg,Apparel
Home/B016LDP68A.jpg,Home
Electronics/B09FGPM1S6.jpg,Electronics
Home/B09GTN6PFT.jpg,Home
Home/B08LBX2H7P.jpg,Home
Electronics/B00ROSGPXM.jpg,Electronics
Electronics/B01N5CA4V1.jpg,Electronics
Home/B09LVFRP3C.jpg,Home
Electronics/B004Q7GOM6.jpg,Electronics
Electronics/B0778DVNHH.jpg,Electronics
Home/B00OXCNDLO.jpg,Home
Apparel/B07T7LX57Z.jpg,Apparel
Electronics/B093GFFXKP.jpg,Electronics
Electronics/B08H2BGB34.jpg,Electronics
Electronics/B076K85RCL.jpg,Electronics
Apparel/B086J6RSY7.jpg,Apparel
Electronics/B07Z4KPDYY.jpg,Electronics
Electronics/B08FSXZ4S4.jpg,Electronics
Home/B07FJLKBSM.jpg,Home
Electronics/B01MY3HF1E.jpg,Electronics
Home/B0BXYG7ZVF.jpg,Home
Home/B01MYT4NF5.jpg,Home
Home/B00MFHZWWM.jpg,Home
Home/B07F3DGYZW.jpg,Home
Electronics/B001HBIZ4O.jpg,Electronics
Electronics/B00OBVZWLQ.jpg,Electronics
Home/B0BPG1X8R5.jpg,Home
Apparel/B07H3MKLRL.jpg,Apparel
Home/B095SHL78C.jpg,Home
Home/B09DCKPPQV.jpg,Home
Apparel/B076CHY1NL.jpg,Apparel
Home/B01N5XSTRM.jpg,Home
Apparel/B098KXWQ9L.jpg,Apparel
Home/B08N42CPCG.jpg,Home
Home/B08C28341M.jpg,Home
Apparel/B07GF11171.jpg,Apparel
Electronics/B07DXGJS6T.jpg,Electronics
Electronics/B009EO1UZC.jpg,Electronics
Apparel/B078584HFS.jpg,Apparel
Apparel/B071R4CCW4.jpg,Apparel
Electronics/B08FX7WVHF.jpg,Electronics
Home/B004352PG0.jpg,Home
Home/B07GLFTDMH.jpg,Home
Electronics/B08CC1DNRL.jpg,Electronics
Electronics/B07G362TDF.jpg,Electronics
Home/B01KYTKXNA.jpg,Home
Home/B08DV8KWM4.jpg,Home
Electronics/B0BPG8Y4GQ.jpg,Electronics
Electronics/B09CV1WGCZ.jpg,Electronics
Home/B000A393MI.jpg,Home
Electronics/B00CZFW23G.jpg,Electronics
Apparel/B00AXL0RM2.jpg,Apparel
Apparel/B07D5WDHR1.jpg,Apparel
Apparel/B082CYFPTV.jpg,Apparel
Home/B07P11FCF3.jpg,Home
Apparel/B09WPVCGPJ.jpg,Apparel
Electronics/B000BBAL1G.jpg,Electronics
Home/B01MRVBRTM.jpg,Home
Electronics/B00P7QJ986.jpg,Electronics
Apparel/B077XRWZ6N.jpg,Apparel
Home/B005ZTI8OQ.jpg,Home
Apparel/B07FFNZ8RM.jpg,Apparel
Home/B000RICM5Q.jpg,Home
Home/B082F26YTN.jpg,Home
Apparel/B07P5TT265.jpg,Apparel
Electronics/B00OVWL17Y.jpg,Electronics
Electronics/B00VZSUX1C.jpg,Electronics
Home/B0BQ1NXXXQ.jpg,Home
Home/B000VXBOE2.jpg,Home
Electronics/B004E96VSI.jpg,Electronics
Apparel/B01LWSQXN8.jpg,Apparel
Electronics/B00F6CJ5IU.jpg,Electronics
Home/B06XFSX41R.jpg,Home
Home/B09M84FXVB.jpg,Home
Home/B0874L89WQ.jpg,Home
Home/B07Y1HWVDP.jpg,Home
Home/B001GV0AFW.jpg,Home
Apparel/B09CN7VZ46.jpg,Apparel
Home/B0BGMQB3LV.jpg,Home
Apparel/B01MS854IY.jpg,Apparel
Home/B08FXF2B65.jpg,Home
Home/B07CYPVWDT.jpg,Home
Apparel/B07WZQ7B63.jpg,Apparel
Home/B00LGWWKJ0.jpg,Home
Home/B002YJ0T38.jpg,Home
Apparel/B07C5G1WWT.jpg,Apparel
Home/B002VBXVLG.jpg,Home
Apparel/B071PC9P6L.jpg,Apparel
Apparel/B08LSRMQGV.jpg,Apparel
Apparel/B07R5XRKWF.jpg,Apparel
Electronics/B07B44F4MG.jpg,Electronics
Electronics/B00069QMPC.jpg,Electronics
Electronics/B00XUA0IWM.jpg,Electronics
Apparel/B074PBK52Y.jpg,Apparel
Apparel/B071FSLZK7.jpg,Apparel
Apparel/B016DTCCZW.jpg,Apparel
Apparel/B08162PWRR.jpg,Apparel
Home/B07GRCJ3SL.jpg,Home
Apparel/B072W8ZXWC.jpg,Apparel
Electronics/B000CQZU3O.jpg,Electronics
Apparel/B019KC6S2C.jpg,Apparel
Apparel/B01EVR8W98.jpg,Apparel
Home/B08PXW6ZMH.jpg,Home
Home/B0BFRTGWTY.jpg,Home
Home/B097DDRYYT.jpg,Home
Electronics/B00GIMNL5A.jpg,Electronics
Home/B07SCNWF3T.jpg,Home
Electronics/B00N4PAFKI.jpg,Electronics
Home/B09K33HHWF.jpg,Home
Electronics/B00139ETPO.jpg,Electronics
Home/B010FJA05A.jpg,Home
Home/B07VTLB158.jpg,Home
Home/B07N7Q4JDQ.jpg,Home
Home/B075SY5YFZ.jpg,Home
Apparel/B07DW1BMWW.jpg,Apparel
Electronics/B00C74NX9W.jpg,Electronics
Home/B076HRPXB3.jpg,Home
Electronics/B00BXOUE5S.jpg,Electronics
Apparel/B07Z4JDSQH.jpg,Apparel
Apparel/B00WL0JPUS.jpg,Apparel
Home/B000220D1W.jpg,Home
Electronics/B08HMCZCHD.jpg,Electronics
Electronics/B09KGK6VQS.jpg,Electronics
Home/B0B52BKNNM.jpg,Home
Home/B07JJKHT3H.jpg,Home
Apparel/B06Y2PC75Z.jpg,Apparel
Home/B008FQ06NW.jpg,Home
Electronics/B00004TWLZ.jpg,Electronics
Electronics/B0066XMPIK.jpg,Electronics
Home/B07ZWGH71D.jpg,Home
Home/B08FDBVJVC.jpg,Home
Apparel/B01DKCKCB6.jpg,Apparel
Home/B07WC8RCQ1.jpg,Home
Apparel/B095C2QFRB.jpg,Apparel
Electronics/B09CPSD7TZ.jpg,Electronics
Apparel/B07D62QMJZ.jpg,Apparel
Apparel/B07G7W77HL.jpg,Apparel
Electronics/B0BZSCM39C.jpg,Electronics
Apparel/B00IK673B0.jpg,Apparel
Apparel/B01JDC5RNA.jpg,Apparel
Apparel/B07924G6P9.jpg,Apparel
Electronics/B07KJR1D3N.jpg,Electronics
Electronics/B01B8JX0Q2.jpg,Electronics
Electronics/B077NJSNYN.jpg,Electronics
Electronics/B00DOJP6QC.jpg,Electronics
Electronics/B07DNM58CR.jpg,Electronics
Home/B07V386YSN.jpg,Home
Electronics/B00INF11F2.jpg,Electronics
Apparel/B0B1L94ZQJ.jpg,Apparel
Apparel/B00KTXX3KC.jpg,Apparel
Apparel/B09P6825ZS.jpg,Apparel
Home/B08KHT34Q8.jpg,Home
Apparel/B01K0L9CYI.jpg,Apparel
Electronics/B01MU871CC.jpg,Electronics
Home/B09F335P5L.jpg,Home
Home/B008N6UEZ4.jpg,Home
Apparel/B01F2O63TA.jpg,Apparel
Home/B09TXCN4YJ.jpg,Home
Apparel/B07ZKY3DTD.jpg,Apparel
Electronics/B00ZIJXTEW.jpg,Electronics
Home/B0154F79RW.jpg,Home
Home/B01CYG4BH0.jpg,Home
Electronics/B002R0IRLA.jpg,Electronics
Electronics/B07BTXNFT5.jpg,Electronics
Apparel/B071VQYVMK.jpg,Apparel
Electronics/B08JCRZQFW.jpg,Electronics
Home/B01I5RHHHS.jpg,Home
Electronics/B001JHZ7KG.jpg,Electronics
Electronics/B00LK2IZ04.jpg,Electronics
Home/B081PZSZ3Y.jpg,Home
Apparel/B08NC3RWXN.jpg,Apparel
Electronics/B0BC8KP8DH.jpg,Electronics
Electronics/B0028R3G6S.jpg,Electronics
Apparel/B08DHJY1F3.jpg,Apparel
Electronics/B0032UWTTU.jpg,Electronics
Home/B07588VF7F.jpg,Home
Apparel/B07Z7C9QTC.jpg,Apparel
Apparel/B08CMJHRXW.jpg,Apparel
Home/B08C4X368L.jpg,Home
Electronics/B073S7XWZB.jpg,Electronics
Apparel/B0059P0YE8.jpg,Apparel
Apparel/B081FC9HXJ.jpg,Apparel
Apparel/B06XX2K8RP.jpg,Apparel
Home/B08G1NL3XR.jpg,Home
Electronics/B01M74DGS7.jpg,Electronics
Home/B09J22X8NP.jpg,Home
Home/B094L9YCB1.jpg,Home
Home/B08PC716TR.jpg,Home
Electronics/B07PG3WGFR.jpg,Electronics
Home/B06WP4D2SP.jpg,Home
Home/B07D59V656.jpg,Home
Apparel/B06XTVKVDZ.jpg,Apparel
Home/B09GKNRJLS.jpg,Home
Home/B07H34841M.jpg,Home
Home/B005SF9PCQ.jpg,Home
Home/B07XZNTZPY.jpg,Home
Apparel/B07WCV72GT.jpg,Apparel
Home/B087D99F7N.jpg,Home
Electronics/B017MPTHTU.jpg,Electronics
Home/B07486TDVV.jpg,Home
Home/B08DM564LM.jpg,Home
Home/B09P66WYMQ.jpg,Home
Electronics/B00H8CAOYK.jpg,Electronics
Electronics/B0899J16Y6.jpg,Electronics
Home/B07D6PQQ8T.jpg,Home
Apparel/B08D3GY1WV.jpg,Apparel
Home/B000QE5KB4.jpg,Home
Apparel/B07QPXTKWH.jpg,Apparel
Electronics/B00TIXZBAO.jpg,Electronics
Electronics/B081ZPRNMM.jpg,Electronics
Home/B07B5L79R8.jpg,Home
Home/B071FRFTSX.jpg,Home
Electronics/B01GAF9388.jpg,Electronics
Apparel/B09YTYWBL9.jpg,Apparel
Apparel/B01HDQWG6Y.jpg,Apparel
Electronics/B00ZAIKNBI.jpg,Electronics
Apparel/B07GB17WWT.jpg,Apparel
Home/B07YXW2G6P.jpg,Home
Apparel/B072V6YM88.jpg,Apparel
Home/B00LTAW0BW.jpg,Home
Electronics/B0BV6FZ446.jpg,Electronics
Electronics/B07L8TTP7Z.jpg,Electronics
Home/B099DCSP2L.jpg,Home
Apparel/B00XECMFAO.jpg,Apparel
Home/B08KRH1CZ4.jpg,Home
Home/B07KJ7RVT1.jpg,Home
Home/B0075WY3W2.jpg,Home
Electronics/B09FF2W69J.jpg,Electronics
Apparel/B07Q3QSXJG.jpg,Apparel
Electronics/B00DUGLOF6.jpg,Electronics
Apparel/B07JPD26RZ.jpg,Apparel
Electronics/B099RH8DN2.jpg,Electronics
Home/B084QCFD4B.jpg,Home
Apparel/B0924MBNHN.jpg,Apparel
Apparel/B091GGCY58.jpg,Apparel
Electronics/B0C2559X1L.jpg,Electronics
Apparel/B072BJ44HR.jpg,Apparel
Apparel/B095SC8GMG.jpg,Apparel
Home/B0BLT1KSJ5.jpg,Home
Home/B00D4OQHKQ.jpg,Home
Electronics/B008KKB31M.jpg,Electronics
Home/B06Y25ZD4Z.jpg,Home
Electronics/B078H7CPFB.jpg,Electronics
Home/B07DNCXHJT.jpg,Home
Home/B00O96K7XG.jpg,Home
Home/B00MHVKGM2.jpg,Home
Electronics/B09GXWJVBQ.jpg,Electronics
Home/B00USJC8OE.jpg,Home
Apparel/B072RJFX92.jpg,Apparel
Apparel/B01K6MLGIG.jpg,Apparel
Home/B08JG3YYPF.jpg,Home
Electronics/B00GY5JB8W.jpg,Electronics
Electronics/B0C432RXFL.jpg,Electronics
Apparel/B07M82VKTL.jpg,Apparel
Electronics/B09QQJKKVQ.jpg,Electronics
Home/B07FS7P63T.jpg,Home
Electronics/B071KZQD24.jpg,Electronics
Apparel/B07QB34QSY.jpg,Apparel
Electronics/B00K05VGJO.jpg,Electronics
Apparel/B07HF6TKFY.jpg,Apparel
Home/B08R8KB4K9.jpg,Home
Apparel/B083FLBD37.jpg,Apparel
Electronics/B004LT0FJM.jpg,Electronics
Apparel/B01L916LNS.jpg,Apparel
Apparel/B076WQJHNF.jpg,Apparel
Home/B085BY88LJ.jpg,Home
Electronics/B08CRD25LF.jpg,Electronics
Home/B099SD1S38.jpg,Home
Apparel/B08MBNTJNM.jpg,Apparel
Electronics/B07TSS9VPW.jpg,Electronics
Apparel/B07H8WXWKJ.jpg,Apparel
Apparel/B0753H1T25.jpg,Apparel
Apparel/B09JLM7YNV.jpg,Apparel
Electronics/B01LGT1T12.jpg,Electronics
Home/B09XW26X3B.jpg,Home
Apparel/B078XL8B74.jpg,Apparel
Electronics/B07FPFN328.jpg,Electronics
Home/B08YDB5FC8.jpg,Home
Home/B0BTN8JF16.jpg,Home
Home/B008GVKZ2I.jpg,Home
Home/B00DIF6S2S.jpg,Home
Electronics/B07YVM72CQ.jpg,Electronics
Home/B08DP45PP1.jpg,Home
Apparel/B01MS07SZV.jpg,Apparel
Home/B081RFDQTS.jpg,Home
Apparel/B00M9OLV5I.jpg,Apparel
Electronics/B087JLF2R6.jpg,Electronics
Home/B0B94B3Q9V.jpg,Home
Electronics/B0002CZRUO.jpg,Electronics
Home/B0882W45RD.jpg,Home
Electronics/B071D2PKD3.jpg,Electronics
Electronics/B0BNM48F33.jpg,Electronics
Home/B00GD33672.jpg,Home
Home/B019FHG822.jpg,Home
Home/B08FHQWY5W.jpg,Home
Electronics/B06XMYHWTY.jpg,Electronics
Apparel/B07P9TY5M6.jpg,Apparel
Electronics/B01M23N7IS.jpg,Electronics
Apparel/B07Z1V7LWB.jpg,Apparel
Apparel/B00DY5IFXC.jpg,Apparel
Apparel/B07K15Y14X.jpg,Apparel
Apparel/B07MW8FH5N.jpg,Apparel
Apparel/B00G5F5SA6.jpg,Apparel
Apparel/B077JZT4XQ.jpg,Apparel
Electronics/B09WLL3F7S.jpg,Electronics
Apparel/B075R3CWC2.jpg,Apparel
Home/B01N7DEIVC.jpg,Home
Apparel/B07F2XYYYX.jpg,Apparel
Apparel/B079FT5RWC.jpg,Apparel
Apparel/B06Y6LJRTY.jpg,Apparel
Apparel/B08769MM2P.jpg,Apparel
Apparel/B081PYFPPP.jpg,Apparel
Electronics/B0BGHN2DC6.jpg,Electronics
Home/B0BRN6MG4P.jpg,Home
Electronics/B0050GTZ32.jpg,Electronics
Home/B016LLVKQE.jpg,Home
Home/B00KX8SQ6Y.jpg,Home
Apparel/B08XQG9SGG.jpg,Apparel
Electronics/B01HGYJOV8.jpg,Electronics
Apparel/B07R2FHRXL.jpg,Apparel
Electronics/B07ZSBYW1Q.jpg,Electronics
Electronics/B077199QTD.jpg,Electronics
Apparel/B08B65857Y.jpg,Apparel
Home/B01LXJPKJ8.jpg,Home
Electronics/B09438SBGK.jpg,Electronics
Electronics/B07XJX2H2W.jpg,Electronics
Electronics/B07TW53YK1.jpg,Electronics
Apparel/B00SMWZ4OK.jpg,Apparel
Electronics/B06XHJX91D.jpg,Electronics
Home/B07J4ZY55K.jpg,Home
Apparel/B07NJQN3VJ.jpg,Apparel
Home/B092HNBQDS.jpg,Home
Electronics/B01M29LA76.jpg,Electronics
Apparel/B075VFD9JT.jpg,Apparel
Home/B008KMC530.jpg,Home
Apparel/B074Z2TRWD.jpg,Apparel
Apparel/B01M1NBXFK.jpg,Apparel
Home/B087WW51PS.jpg,Home
Apparel/B07P2VHBPH.jpg,Apparel
Electronics/B00KQH7FPU.jpg,Electronics
Electronics/B08YK1MG94.jpg,Electronics
Home/B002E1ACX8.jpg,Home
Apparel/B07DNMB98V.jpg,Apparel
Apparel/B081S8WQ25.jpg,Apparel
Electronics/B07W37Q9KS.jpg,Electronics
Apparel/B01DOM4OT8.jpg,Apparel
Electronics/B005JY8WIE.jpg,Electronics
Home/B09FDXQLMB.jpg,Home
Home/B01HUYNF46.jpg,Home
Electronics/B00FA0ZY7O.jpg,Electronics
Electronics/B08B7QHTWK.jpg,Electronics
Apparel/B079PKMXHJ.jpg,Apparel
Apparel/B07K5QQLNS.jpg,Apparel
Apparel/B08FM68SPL.jpg,Apparel
Home/B07LHCSYNQ.jpg,Home
Home/B0784MZXPS.jpg,Home
Apparel/B01M2V4T8G.jpg,Apparel
Apparel/B017EATQ9E.jpg,Apparel
Electronics/B0076EHMRW.jpg,Electronics
Home/B01DSHAOAC.jpg,Home
Electronics/B01LD18RCM.jpg,Electronics
Electronics/B078K5GPJ9.jpg,Electronics
Apparel/B00UCBGVO6.jpg,Apparel
Home/B0B53164YK.jpg,Home
Electronics/B01MR0CN2R.jpg,Electronics
Apparel/B00JD514Y4.jpg,Apparel
Electronics/B097SV66JW.jpg,Electronics
Home/B003LSH59W.jpg,Home
Electronics/B07TLRMH5Z.jpg,Electronics
Home/B08JPNG322.jpg,Home
Apparel/B07YPT1WT2.jpg,Apparel
Electronics/B00AQO66SA.jpg,Electronics
Electronics/B071WXDLYY.jpg,Electronics
Apparel/B08HTV9PF6.jpg,Apparel
Apparel/B017JFY6W6.jpg,Apparel
Home/B09492M36D.jpg,Home
Electronics/B001OMH1LE.jpg,Electronics
Home/B0BB7RFJTH.jpg,Home
Apparel/B0851HQ9NM.jpg,Apparel
Apparel/B06Y27GNM1.jpg,Apparel
Electronics/B000VPKM0M.jpg,Electronics
Electronics/B01EJC6VAC.jpg,Electronics
Electronics/B01LZ5Q6CD.jpg,Electronics
Apparel/B089LHSLZZ.jpg,Apparel
Home/B09VF3Y72M.jpg,Home
Home/B092VJ9QVY.jpg,Home
Apparel/B06XJ9SWTD.jpg,Apparel
Electronics/B079P6TRBK.jpg,Electronics
Home/B01GSG9NQG.jpg,Home
Home/B00LJIHNFC.jpg,Home
Electronics/B08FHW5452.jpg,Electronics
Apparel/B07KWBYMYS.jpg,Apparel
Apparel/B07H113NQL.jpg,Apparel
Electronics/B00004U4S7.jpg,Electronics
Electronics/B00JNA6OHQ.jpg,Electronics
Electronics/B00OFCI4XY.jpg,Electronics
Home/B0BGL9D3T2.jpg,Home
Home/B00VN5AK1K.jpg,Home
Home/B09BCNJP6J.jpg,Home
Electronics/B015TOY16U.jpg,Electronics
Electronics/B00IMMXGJU.jpg,Electronics
Home/B002FCN648.jpg,Home
Apparel/B013P0B9EW.jpg,Apparel
Apparel/B00T6EJON0.jpg,Apparel
Electronics/B001M0MPK0.jpg,Electronics
Apparel/B009Q7IVC2.jpg,Apparel
Home/B002TYX9SU.jpg,Home
Apparel/B09CPS1K3X.jpg,Apparel
Home/B07C7W8YVL.jpg,Home
Electronics/B06VWWDJ32.jpg,Electronics
Home/B088D9XYSZ.jpg,Home
Electronics/B09ZXGTK95.jpg,Electronics
Apparel/B08LPMHVWZ.jpg,Apparel
Apparel/B00MT6BD9K.jpg,Apparel
Home/B00LPPVR7O.jpg,Home
Electronics/B014D22OSQ.jpg,Electronics
Electronics/B00A45JATI.jpg,Electronics
Home/B08CN2Z9RN.jpg,Home
Electronics/B09SKZ139M.jpg,Electronics
Home/B09KN3MXYG.jpg,Home
Electronics/B078YFSV9Q.jpg,Electronics
Electronics/B07YCCW1L8.jpg,Electronics
Home/B0B63MH3C4.jpg,Home
Home/B091YLVYR3.jpg,Home
Home/B015RTYUNG.jpg,Home
Apparel/B093CLKBVL.jpg,Apparel
Apparel/B08PYL2YG1.jpg,Apparel
Home/B099WDRTZ1.jpg,Home
Apparel/B08Z41ZJKP.jpg,Apparel
Apparel/B086VCXQH9.jpg,Apparel
Electronics/B08GYQB99R.jpg,Electronics
Home/B08HQ5L7WR.jpg,Home
Electronics/B07TP6TBPN.jpg,Electronics
Electronics/B000GCPV5Q.jpg,Electronics
Home/B00CTQCNXK.jpg,Home
Electronics/B00QF01AY4.jpg,Electronics
Apparel/B0176WM6RY.jpg,Apparel
Home/B099NGQTRX.jpg,Home
Electronics/B07FSTN7TS.jpg,Electronics
Electronics/B08CGV1TMH.jpg,Electronics
Home/B012YOJ3EI.jpg,Home
Apparel/B079GYPQVT.jpg,Apparel
Electronics/B01LZS7G00.jpg,Electronics
Apparel/B01LR7MDLS.jpg,Apparel
Home/B00BHCK8VG.jpg,Home
Apparel/B07ZSYHPZL.jpg,Apparel
Electronics/B09TFX4B9R.jpg,Electronics
Electronics/B094CH2615.jpg,Electronics
Home/B085BCKXPX.jpg,Home
Electronics/B076CG8VZV.jpg,Electronics
Electronics/B01KYFXM32.jpg,Electronics
Apparel/B082X6FQ1P.jpg,Apparel
Home/B015P968II.jpg,Home
Electronics/B07ZMHMLYX.jpg,Electronics
Electronics/B0176YJNUA.jpg,Electronics
Apparel/B07Y2Z79NM.jpg,Apparel
Home/B00IP0CU50.jpg,Home
Apparel/B072XLNFW1.jpg,Apparel
Electronics/B01HWS4ROM.jpg,Electronics
Home/B0BCV6WF6W.jpg,Home
Apparel/B07MFCS99P.jpg,Apparel
Electronics/B07XP8RB7M.jpg,Electronics
Apparel/B01GPL6646.jpg,Apparel
Home/B015L2584O.jpg,Home
Electronics/B00B6S2MWE.jpg,Electronics
Home/B073SZVMYK.jpg,Home
Electronics/B07XQDYS7C.jpg,Electronics
Apparel/B06ZY5Y8PF.jpg,Apparel
Home/B09CPV4W27.jpg,Home
Electronics/B00006I5Z9.jpg,Electronics
Home/B088KTR3BD.jpg,Home
Electronics/B09NGRHJ2W.jpg,Electronics
Home/B07D8VJXG7.jpg,Home
Apparel/B07ZQM4ZPL.jpg,Apparel
Electronics/B07LH36771.jpg,Electronics
Apparel/B01FQYBKE4.jpg,Apparel
Apparel/B07BQKTQZW.jpg,Apparel
Home/B0895ZCGM5.jpg,Home
Apparel/B00HQ04XKU.jpg,Apparel
Electronics/B0995H43RH.jpg,Electronics
Electronics/B004YTL4SU.jpg,Electronics
Electronics/B007NPVVIU.jpg,Electronics
Apparel/B09B9HJTWY.jpg,Apparel
Home/B083LXYG8P.jpg,Home
Electronics/B077ZTN1YH.jpg,Electronics
Home/B01MSKB3V5.jpg,Home
Electronics/B09VJFNS57.jpg,Electronics
Home/B00GFSP0UG.jpg,Home
Home/B07N96VC6Y.jpg,Home
Apparel/B0794M2L4F.jpg,Apparel
Electronics/B00006IIU1.jpg,Electronics
Home/B09CDJHX2M.jpg,Home
Home/B09HQM5Z2V.jpg,Home
Apparel/B00F0MS3KW.jpg,Apparel
Electronics/B0BK2R522J.jpg,Electronics
Electronics/B005NJNMOO.jpg,Electronics
Home/B07X9RKFZD.jpg,Home
Electronics/B004XFGROG.jpg,Electronics
Home/B0883CKZQH.jpg,Home
Electronics/B0B1DL6CQ2.jpg,Electronics
Home/B095H21N16.jpg,Home
Electronics/B00I03QFGW.jpg,Electronics
Electronics/B07BF472KS.jpg,Electronics
Apparel/B082SMK7L8.jpg,Apparel
Apparel/B09GMCY74X.jpg,Apparel
Home/B014L41LU8.jpg,Home
Home/B0BSP5V5X1.jpg,Home
Apparel/B06WP9LCJG.jpg,Apparel
Home/B00GGIRIU0.jpg,Home
Home/B0BHXG2CNV.jpg,Home
Electronics/B099MVSHRW.jpg,Electronics
Apparel/B06XMQL9NX.jpg,Apparel
Home/B09LYZG3VV.jpg,Home
Apparel/B07XGJNZLP.jpg,Apparel
Home/B008ZQ9I2W.jpg,Home
Apparel/B072N4WQ3D.jpg,Apparel
Electronics/B07NVC3YJY.jpg,Electronics
Apparel/B07BMSN1VX.jpg,Apparel
Electronics/B09TGSVZMJ.jpg,Electronics
Electronics/B07CWRH2F6.jpg,Electronics
Home/B07JC7Z56G.jpg,Home
Home/B01FJLQ3O6.jpg,Home
Apparel/B01GMMRES0.jpg,Apparel
Home/B000RI84RG.jpg,Home
Electronics/B000I3C6BU.jpg,Electronics
Electronics/B00MYE57YE.jpg,Electronics
Electronics/B00NZR3H78.jpg,Electronics
Electronics/B012ZIGF08.jpg,Electronics
Apparel/B07GWJXYVK.jpg,Apparel
Apparel/B0B31HDS1X.jpg,Apparel
Apparel/B0194M1U1C.jpg,Apparel
Home/B07T23D98L.jpg,Home
Apparel/B07HR9CJPB.jpg,Apparel
Electronics/B0C1BSPKGS.jpg,Electronics
Apparel/B07KKDSXN5.jpg,Apparel
Electronics/B015BOKLO4.jpg,Electronics
Electronics/B00OFIJ3BA.jpg,Electronics
Home/B0C3743FP4.jpg,Home
Apparel/B092VKP2QT.jpg,Apparel
Apparel/B085FS1ZDW.jpg,Apparel
Electronics/B0B5YYDWSZ.jpg,Electronics
Apparel/B07P2FT9K6.jpg,Apparel
Electronics/B07XXSS8XV.jpg,Electronics
Home/B00O6MID16.jpg,Home
Home/B0BGTK5VPH.jpg,Home
Electronics/B007T1U24W.jpg,Electronics
Apparel/B0953X782J.jpg,Apparel
Apparel/B08H23XHPC.jpg,Apparel
Home/B07PPBZQ3L.jpg,Home
Apparel/B09FK9WSSC.jpg,Apparel
Electronics/B000BK5UZO.jpg,Electronics
Home/B0BC7NXHXG.jpg,Home
Electronics/B008NMGJKM.jpg,Electronics
Apparel/B07HHRSM9G.jpg,Apparel
Electronics/B09QMCLQ36.jpg,Electronics
Electronics/B0BVQN75ZP.jpg,Electronics
Electronics/B09BDBFM8D.jpg,Electronics
Apparel/B07TVMW162.jpg,Apparel
Electronics/B082TVJN2Z.jpg,Electronics
Apparel/B07CBV2M11.jpg,Apparel
Home/B096VQT1DV.jpg,Home
Home/B00COSQW26.jpg,Home
Electronics/B001NPDKWQ.jpg,Electronics
Electronics/B00BPL7KOM.jpg,Electronics
Apparel/B07Q5KFC3Q.jpg,Apparel
Electronics/B078H5P65N.jpg,Electronics
Electronics/B00HHNAM5Q.jpg,Electronics
Apparel/B0928LQHDL.jpg,Apparel
Apparel/B01M9JUAXY.jpg,Apparel
Apparel/B0184JPMJW.jpg,Apparel
Home/B07VG5WYDC.jpg,Home
Home/B0013A0JV6.jpg,Home
Electronics/B0036TGGUK.jpg,Electronics
Apparel/B07DD6QR7W.jpg,Apparel
Apparel/B01IXX7ZNU.jpg,Apparel
Home/B07KFQZL6L.jpg,Home
Electronics/B07GTRDDS2.jpg,Electronics
Home/B08TW91W6F.jpg,Home
Home/B08WWX3BD7.jpg,Home
Electronics/B09THY3F6J.jpg,Electronics
Home/B07MV1GH44.jpg,Home
Electronics/B0BWS6RK1F.jpg,Electronics
Electronics/B086KRDSR5.jpg,Electronics
Electronics/B06XY9NNNN.jpg,Electronics
Apparel/B073MJ29SZ.jpg,Apparel
Apparel/B07P8KW35Q.jpg,Apparel
Electronics/B00U4EA1U6.jpg,Electronics
Apparel/B07L91LWH4.jpg,Apparel
Home/B091C1KJYV.jpg,Home
Apparel/B091JSSJ25.jpg,Apparel
Home/B078SL29K3.jpg,Home
Apparel/B08FBYL576.jpg,Apparel
Apparel/B01DS2P0FG.jpg,Apparel
Electronics/B000GGBEOE.jpg,Electronics
Electronics/B09TQMR7MS.jpg,Electronics
Electronics/B07R8NS2L8.jpg,Electronics
Home/B00EIGD9SC.jpg,Home
Home/B0BN6C93X9.jpg,Home
Electronics/B092789FPN.jpg,Electronics
Apparel/B09TKWG5JB.jpg,Apparel
Home/B01FFMY65C.jpg,Home
Apparel/B077Y15D6B.jpg,Apparel
Electronics/B097BN4NK5.jpg,Electronics
Electronics/B07C994JVM.jpg,Electronics
Electronics/B08BC3VW1R.jpg,Electronics
Home/B008MMW85S.jpg,Home
Electronics/B006M6D5X0.jpg,Electronics
Home/B08F39S76Z.jpg,Home
Apparel/B078K8NP1T.jpg,Apparel
Apparel/B072Q5Z4QR.jpg,Apparel
Electronics/B00GZ1WXAI.jpg,Electronics
Apparel/B09D3567BD.jpg,Apparel
Home/B098B68W5Y.jpg,Home
Apparel/B01N5WMW9O.jpg,Apparel
Home/B07YXCL967.jpg,Home
Apparel/B07SVDJLC4.jpg,Apparel
Apparel/B01BMCFO0K.jpg,Apparel
Apparel/B00BAV9FOU.jpg,Apparel
Apparel/B01DNLH9T2.jpg,Apparel
Apparel/B00O4GHDWY.jpg,Apparel
Home/B08H4C72CR.jpg,Home
Apparel/B0776S5BGM.jpg,Apparel
Electronics/B0967WZCWM.jpg,Electronics
Electronics/B01FJXZU8Y.jpg,Electronics
Electronics/B00JFHJO60.jpg,Electronics
Electronics/B071FYWHTC.jpg,Electronics
Home/B07FF5D3NW.jpg,Home
Apparel/B00LY5Z1JK.jpg,Apparel
Home/B08PCQCTZ3.jpg,Home
Home/B0842MT32Z.jpg,Home
Home/B09MTGKKZV.jpg,Home
Electronics/B000AMDOE2.jpg,Electronics
Home/B07F3FL9XD.jpg,Home
Home/B097P9MB55.jpg,Home
Home/B07X1R5SX8.jpg,Home
Apparel/B0012KK9JE.jpg,Apparel
Home/B086J4T3ZT.jpg,Home
Apparel/B096KKFX18.jpg,Apparel
Electronics/B07TXBXH8T.jpg,Electronics
Electronics/B08NFNGFVC.jpg,Electronics
Home/B0002ZOL9O.jpg,Home
Electronics/B01BUYJRXK.jpg,Electronics
Home/B06VVZ3NWF.jpg,Home
Electronics/B09QGL6NWV.jpg,Electronics
Electronics/B0000X602Y.jpg,Electronics
Electronics/B07SKV5Y72.jpg,Electronics
Home/B09W5NT1LQ.jpg,Home
Home/B09XQ2G4NB.jpg,Home
Apparel/B074CF559R.jpg,Apparel
Electronics/B071X8Z2MZ.jpg,Electronics
Apparel/B01ARI7QLA.jpg,Apparel
Apparel/B01MUBTV69.jpg,Apparel
Home/B07K5J5WY6.jpg,Home
Apparel/B07JCTFDCY.jpg,Apparel
Apparel/B08312TBCM.jpg,Apparel
Electronics/B0794JQ4ZS.jpg,Electronics
Apparel/B01FTODM2Y.jpg,Apparel
Electronics/B000XG8WWY.jpg,Electronics
Home/B0915B6VJN.jpg,Home
Apparel/B08MJF14WV.jpg,Apparel
Home/B0B6VNG5R2.jpg,Home
Apparel/B06ZZ7RDPN.jpg,Apparel
Apparel/B074WZ2WSJ.jpg,Apparel
Apparel/B09F2S3MFJ.jpg,Apparel
Home/B07QVH3QTH.jpg,Home
Apparel/B07JHWTNBX.jpg,Apparel
Apparel/B01LW2LHM7.jpg,Apparel
Electronics/B000YTRKPU.jpg,Electronics
Electronics/B07T7NBXCH.jpg,Electronics
Home/B002OD95BQ.jpg,Home
Apparel/B073MJP3NP.jpg,Apparel
Electronics/B07Y7QX6NY.jpg,Electronics
Apparel/B01JTR1JHM.jpg,Apparel
Home/B0872KPP13.jpg,Home
Electronics/B00XQAUM4K.jpg,Electronics
Electronics/B01BA4DJ16.jpg,Electronics
Home/B097HZT4GJ.jpg,Home
Home/B0197H5AOW.jpg,Home
Apparel/B01MU7OP86.jpg,Apparel
Apparel/B08FMN1FQT.jpg,Apparel
Electronics/B07VN3DP21.jpg,Electronics
Home/B089R52QY6.jpg,Home
Electronics/B01BIEMNP6.jpg,Electronics
Home/B07S2177ZH.jpg,Home
Apparel/B07MHGWXYB.jpg,Apparel
Home/B005MGSKEA.jpg,Home
Electronics/B0BQHMC2WR.jpg,Electronics
Home/B07HY6TTF4.jpg,Home
Electronics/B079H25YW7.jpg,Electronics
Home/B08NWTGJCT.jpg,Home
Home/B002YARJI0.jpg,Home
Home/B06XH4T5WF.jpg,Home
Apparel/B00O2PZQXA.jpg,Apparel
Electronics/B00LU5Z2CK.jpg,Electronics
Home/B000KA0LA4.jpg,Home
Home/B0C1YVWZQ7.jpg,Home
Apparel/B01C3OW8UK.jpg,Apparel
Apparel/B018633JHS.jpg,Apparel
Apparel/B098T19J5V.jpg,Apparel
Electronics/B077P8SYQ3.jpg,Electronics
Home/B09Q1ZM8GM.jpg,Home
Apparel/B00VAIQHTY.jpg,Apparel
Home/B08KKBWF84.jpg,Home
Home/B01LY9XLJG.jpg,Home
Apparel/B07C24V7SB.jpg,Apparel
Electronics/B006KAP4PU.jpg,Electronics
Apparel/B07GCV8KWL.jpg,Apparel
Home/B01N2Z3JCU.jpg,Home
Electronics/B011CIVYGM.jpg,Electronics
Apparel/B084YHX1MG.jpg,Apparel
Electronics/B00E1U5T0G.jpg,Electronics
Electronics/B00MTWFUNO.jpg,Electronics
Apparel/B07341MYB4.jpg,Apparel
Electronics/B00HUNUOJW.jpg,Electronics
Apparel/B08VD3TXSS.jpg,Apparel
Electronics/B004BWUJEK.jpg,Electronics
Apparel/B01A5LQI2C.jpg,Apparel
Home/B0BL8Z9DPS.jpg,Home
Apparel/B06XWR8T4L.jpg,Apparel
Apparel/B07YB1365R.jpg,Apparel
Home/B0832LNFXR.jpg,Home
Home/B00PHKHWZY.jpg,Home
Electronics/B0995RJDSK.jpg,Electronics
Apparel/B098JDSX5R.jpg,Apparel
Apparel/B07SBQNSCZ.jpg,Apparel
Home/B0B79JH68T.jpg,Home
Home/B08VF6XDTP.jpg,Home
Electronics/B077ZRJZS6.jpg,Electronics
Home/B019RKIAZA.jpg,Home
Home/B00KO62R9C.jpg,Home
Apparel/B08TZRTBXP.jpg,Apparel
Electronics/B002G1YPIO.jpg,Electronics
Apparel/B08NGYH2QP.jpg,Apparel
Home/B00KFM5HFQ.jpg,Home
Home/B01LZRABF9.jpg,Home
Home/B09MVZYQ2D.jpg,Home
Electronics/B00193B8PS.jpg,Electronics
Home/B0928HJQ5F.jpg,Home
Electronics/B0001PBLA2.jpg,Electronics
Home/B089KSF9HT.jpg,Home
Apparel/B074K46WMY.jpg,Apparel
Home/B07CKFKHNK.jpg,Home
Electronics/B0BXKY8PZ8.jpg,Electronics
Home/B07ZPMCFY5.jpg,Home
Apparel/B07H47BJJ7.jpg,Apparel
Home/B0B7FCTXC1.jpg,Home
Home/B0B28ZCF16.jpg,Home
Home/B01J3ADRPC.jpg,Home
Apparel/B091YMTNY2.jpg,Apparel
Home/B00DRJYJK8.jpg,Home
Apparel/B07RQTSLL1.jpg,Apparel
Home/B0978V6P87.jpg,Home
Electronics/B08T67TNXJ.jpg,Electronics
Apparel/B0190GU35Q.jpg,Apparel
Home/B08ZHWZ62D.jpg,Home
Home/B00L3KLXB6.jpg,Home
Home/B09B2V9QZ3.jpg,Home
Home/B00BQWF8E4.jpg,Home
Electronics/B00V63BJYG.jpg,Electronics
Electronics/B09FTC3WDB.jpg,Electronics
Apparel/B01MD1DBXH.jpg,Apparel
Electronics/B076V9WBLZ.jpg,Electronics
Electronics/B07XF7HM1P.jpg,Electronics
Home/B0B86JTB6L.jpg,Home
Apparel/B01I378JSG.jpg,Apparel
Apparel/B01L3NAQBU.jpg,Apparel
Home/B01INX0RFI.jpg,Home
Apparel/B0742FJVH7.jpg,Apparel
Apparel/B017BM5J50.jpg,Apparel
Home/B073Z6VNNJ.jpg,Home
Apparel/B07FCV8CZH.jpg,Apparel
Home/B07BXN9TV3.jpg,Home
Apparel/B09HL2YN91.jpg,Apparel
Electronics/B00DYD82HS.jpg,Electronics
Apparel/B08HW62D6H.jpg,Apparel
Electronics/B096W2HHCW.jpg,Electronics
Apparel/B087X5D58S.jpg,Apparel
Apparel/B075QN9Y9B.jpg,Apparel
Apparel/B08SLWV8ZJ.jpg,Apparel
Electronics/B07FBGG6ZG.jpg,Electronics
Electronics/B0BTH6P3K3.jpg,Electronics
Home/B015FG7QAU.jpg,Home
Home/B08JKF12YS.jpg,Home
Apparel/B07GB2MGMP.jpg,Apparel
Electronics/B091JT8QPB.jpg,Electronics
Home/B07CY9PB24.jpg,Home
Apparel/B073SC6Y91.jpg,Apparel
Home/B09MTQ2P26.jpg,Home
Home/B013O38VC8.jpg,Home
Apparel/B015GCNO5O.jpg,Apparel
Home/B0741SDKBF.jpg,Home
Home/B0013BWB7U.jpg,Home
Home/B000WLYNZU.jpg,Home
Electronics/B002PY9YEW.jpg,Electronics
Apparel/B093BWCP62.jpg,Apparel
Home/B0C3RYS6MB.jpg,Home
Electronics/B08926QPVB.jpg,Electronics
Apparel/B08T7H4Y2C.jpg,Apparel
Electronics/B01LYFZXC2.jpg,Electronics
Home/B0B3KJRG57.jpg,Home
Apparel/B06XJGQMPQ.jpg,Apparel
Home/B07FSVS9NX.jpg,Home
Home/B0C4VVD1XW.jpg,Home
Apparel/B06ZYMV26R.jpg,Apparel
Electronics/B005HZZ2ME.jpg,Electronics
Apparel/B06X6HTYL2.jpg,Apparel
Apparel/B01MZFI8FR.jpg,Apparel
Home/B08L73K48V.jpg,Home
Electronics/B015N6O2G8.jpg,Electronics
Apparel/B07L6P29Y5.jpg,Apparel
Home/B0043KMUI8.jpg,Home
Electronics/B00FQ1MW7W.jpg,Electronics
Home/B076ZBQX7M.jpg,Home
Apparel/B08MVWF2TP.jpg,Apparel
Apparel/B072LNSCT2.jpg,Apparel
Home/B07QQ9CYL8.jpg,Home
Apparel/B08C28JH7C.jpg,Apparel
Home/B0895M42KL.jpg,Home
Electronics/B00FXDUH16.jpg,Electronics
Electronics/B01C59KDRI.jpg,Electronics
Apparel/B074JH8H3G.jpg,Apparel
Home/B0BX6T27N7.jpg,Home
Electronics/B017RV8IN0.jpg,Electronics
Home/B0BHT4CKZ4.jpg,Home
Home/B09YNT4TRP.jpg,Home
Electronics/B09XD4M7XT.jpg,Electronics
Home/B01N9CIGIG.jpg,Home
Home/B001AXNC9W.jpg,Home
Electronics/B00P1JHNTQ.jpg,Electronics
Home/B08PMGDDMP.jpg,Home
Home/B07169Z64W.jpg,Home
Electronics/B00WMNA9AY.jpg,Electronics
Apparel/B07Y2WT9TP.jpg,Apparel
Apparel/B00LWIAM2K.jpg,Apparel
Home/B09TQZ4QT5.jpg,Home
Home/B09LQP8MGS.jpg,Home
Apparel/B07QCPVH7K.jpg,Apparel
Electronics/B007XJGZLE.jpg,Electronics
Electronics/B07PXRZL6N.jpg,Electronics
Home/B017Z9MLJQ.jpg,Home
Electronics/B0000U3CDC.jpg,Electronics
Apparel/B07T3BZX39.jpg,Apparel
Apparel/B01N4NS5JP.jpg,Apparel
Home/B00SDJW2LU.jpg,Home
Apparel/B01IVXMOUG.jpg,Apparel
Electronics/B004WFZ3TM.jpg,Electronics
Home/B005CDSPZ2.jpg,Home
Home/B07C7YXMY2.jpg,Home
Home/B09B52HQNC.jpg,Home
Electronics/B017IF2PVG.jpg,Electronics
Electronics/B082Z6YJ98.jpg,Electronics
Electronics/B074QKP1LG.jpg,Electronics
Electronics/B0718WSK64.jpg,Electronics
Home/B084BVRW4J.jpg,Home
Home/B0170PXGFS.jpg,Home
Home/B09GLKNWW6.jpg,Home
Electronics/B07RZ7BPT7.jpg,Electronics
Apparel/B00JPND8NY.jpg,Apparel
Home/B09PNQ43VD.jpg,Home
Electronics/B007G5L60K.jpg,Electronics
Electronics/B00EEER7N6.jpg,Electronics
Home/B093G7V9QT.jpg,Home
Home/B0BXWV3G5V.jpg,Home
Home/B0B2K3WCTQ.jpg,Home
Apparel/B084YNZX4K.jpg,Apparel
Home/B07ZV554RW.jpg,Home
Apparel/B08VFHTWB2.jpg,Apparel
Apparel/B01LXSMR0X.jpg,Apparel
Home/B07BYFD43C.jpg,Home
Home/B07JB7VKS8.jpg,Home
Electronics/B09QS79TFQ.jpg,Electronics
Electronics/B091L4N8KV.jpg,Electronics
Electronics/B00N0ECCSQ.jpg,Electronics
Apparel/B085VX89NJ.jpg,Apparel
Home/B0B28YZP8V.jpg,Home
Apparel/B06XSHH76Z.jpg,Apparel
Home/B08KQ851VD.jpg,Home
Electronics/B081L22BP5.jpg,Electronics
Electronics/B001W0Y3TG.jpg,Electronics
Apparel/B07PSDXLV6.jpg,Apparel
Electronics/B00547IVJ6.jpg,Electronics
Apparel/B081M443PG.jpg,Apparel
Electronics/B07CHC33ZR.jpg,Electronics
Home/B019ADMX6Q.jpg,Home
Apparel/B07GXGBTBJ.jpg,Apparel
Apparel/B08SJF5FWV.jpg,Apparel
Apparel/B01MDMVUAZ.jpg,Apparel
Electronics/B0BVQW8WSX.jpg,Electronics
Home/B08GCV3LVR.jpg,Home
Apparel/B0797LG9P3.jpg,Apparel
Apparel/B072F9MQ2S.jpg,Apparel
Electronics/B079HYRZYV.jpg,Electronics
Apparel/B08M452CFQ.jpg,Apparel
Apparel/B074T5T8DR.jpg,Apparel
Apparel/B01EXG9I4U.jpg,Apparel
Electronics/B00KVVVH0K.jpg,Electronics
Apparel/B07QDM7CRX.jpg,Apparel
Home/B08QZKY8FM.jpg,Home
Electronics/B0144DEN7Y.jpg,Electronics
Electronics/B0B5LPPC3R.jpg,Electronics
Electronics/B002ABM2JO.jpg,Electronics
Electronics/B097DDD4HL.jpg,Electronics
Apparel/B07GPH5D2G.jpg,Apparel
Electronics/B00F39CJ5W.jpg,Electronics
Apparel/B00A3E0XYQ.jpg,Apparel
Home/B09PTVRW88.jpg,Home
Electronics/B07MJTM2QY.jpg,Electronics
Apparel/B07DVB3ZWC.jpg,Apparel
Electronics/B0C1CK9BWX.jpg,Electronics
Home/B08XLNJPZ8.jpg,Home
Home/B008HQ31RI.jpg,Home
Electronics/B08CKK7HVS.jpg,Electronics
Home/B091BXYSTQ.jpg,Home
Electronics/B001IE5NCC.jpg,Electronics
Electronics/B07FKD1RBL.jpg,Electronics
Electronics/B00U1SMAEA.jpg,Electronics
Electronics/B0055OLXXY.jpg,Electronics
Apparel/B087BVFBXJ.jpg,Apparel
Apparel/B01MU7MF8F.jpg,Apparel
Electronics/B00HSPN8SG.jpg,Electronics
Home/B097TB492C.jpg,Home
Home/B09VWR3Y19.jpg,Home
Electronics/B07DWX84ZN.jpg,Electronics
Apparel/B08CRPMBF2.jpg,Apparel
Apparel/B01BK0RQVY.jpg,Apparel
Home/B007A5YLJE.jpg,Home
Electronics/B071XHLL3Z.jpg,Electronics
Home/B09KML51RQ.jpg,Home
Apparel/B07WGRSNSX.jpg,Apparel
Electronics/B006R575DC.jpg,Electronics
Home/B00BPF1X8W.jpg,Home
Electronics/B01MCXYF0O.jpg,Electronics
Electronics/B077M1MMDZ.jpg,Electronics
Electronics/B0C6Q92KCD.jpg,Electronics
Apparel/B01IU3Q62O.jpg,Apparel
Electronics/B07YV5QH5D.jpg,Electronics
Electronics/B08CCPQHGB.jpg,Electronics
Home/B0753LW1XS.jpg,Home
Apparel/B087R6JKSS.jpg,Apparel
Home/B07HVMC7S3.jpg,Home
Apparel/B073VDZK47.jpg,Apparel
Home/B006W3BJOK.jpg,Home
Electronics/B00EJL8PZI.jpg,Electronics
Electronics/B0B7WM3TC5.jpg,Electronics
Electronics/B09LCT6BGV.jpg,Electronics
Apparel/B074WW9F7J.jpg,Apparel
Electronics/B08ZCL37XH.jpg,Electronics
Home/B08YY5NFTH.jpg,Home
Apparel/B09QGGZB8C.jpg,Apparel
Home/B00THPJGLI.jpg,Home
Home/B0B58DL1J5.jpg,Home
Electronics/B089RMDCR7.jpg,Electronics
Home/B07MQCD5JZ.jpg,Home
Apparel/B076X77ZT6.jpg,Apparel
Electronics/B00IMMURXI.jpg,Electronics
Electronics/B00GFTRA1C.jpg,Electronics
Electronics/B07Z3LBD77.jpg,Electronics
Home/B00YGDZSJK.jpg,Home
Home/B00N6IVF5C.jpg,Home
Electronics/B00I0H9T5C.jpg,Electronics
Home/B09Y59R7LN.jpg,Home
Electronics/B09NBNGK93.jpg,Electronics
Apparel/B074N68TFQ.jpg,Apparel
Apparel/B018F628M8.jpg,Apparel
Home/B00CKQFBXS.jpg,Home
Electronics/B01LXGOD7K.jpg,Electronics
Electronics/B07D8GGZ6S.jpg,Electronics
Home/B002EYUXMK.jpg,Home
Electronics/B01FSDKRW4.jpg,Electronics
Electronics/B07QQX1MYH.jpg,Electronics
Home/B0888V5WVS.jpg,Home
Electronics/B08ZB1QPZC.jpg,Electronics
Apparel/B0159ZNB6U.jpg,Apparel
Electronics/B08Y8SCJDR.jpg,Electronics
Apparel/B07SX2R1CC.jpg,Apparel
Apparel/B07XHLL9SS.jpg,Apparel
Electronics/B007EZ76GU.jpg,Electronics
Electronics/B00G968SOY.jpg,Electronics
Electronics/B0176CMC3W.jpg,Electronics
Home/B09V39QFK1.jpg,Home
Electronics/B00OKI81UE.jpg,Electronics
Home/B004MPQY0O.jpg,Home
Home/B09HQPHW93.jpg,Home
Home/B0B6DFJ2SC.jpg,Home
Home/B071DVS2D6.jpg,Home
Apparel/B07R2F8QKP.jpg,Apparel
Electronics/B004GQOQFO.jpg,Electronics
Home/B002GYWFFG.jpg,Home
Electronics/B00O4JOMMA.jpg,Electronics
Home/B0966C695X.jpg,Home
Home/B07XQ7PBPK.jpg,Home
Home/B01B9N4228.jpg,Home
Apparel/B0827XF9L7.jpg,Apparel
Electronics/B07M62DV36.jpg,Electronics
Electronics/B06XJHY3W5.jpg,Electronics
Electronics/B00PNU25R8.jpg,Electronics
Home/B08VW3S27M.jpg,Home
Apparel/B084TM7DY8.jpg,Apparel
Apparel/B01MDTMG4E.jpg,Apparel
Home/B077PXPLP3.jpg,Home
Apparel/B00BQ9Y8IO.jpg,Apparel
Electronics/B07M9XXNSZ.jpg,Electronics
Electronics/B08156H33F.jpg,Electronics
Home/B07RSZW747.jpg,Home
Apparel/B07MYZLHZW.jpg,Apparel
Apparel/B07CNQJ1X7.jpg,Apparel
Apparel/B09ZL5NFF8.jpg,Apparel
Electronics/B08DRCDS4T.jpg,Electronics
Home/B01FMNX3W6.jpg,Home
Apparel/B07QK4MQHM.jpg,Apparel
Home/B075XKHWG8.jpg,Home
Electronics/B01M5JOREW.jpg,Electronics
Home/B097XNG6W4.jpg,Home
Electronics/B07VMBD259.jpg,Electronics
Electronics/B07GST1C2Z.jpg,Electronics
Apparel/B07G8FNLMV.jpg,Apparel
Apparel/B096MLHF51.jpg,Apparel
Home/B01MDTMBUI.jpg,Home
Electronics/B09V4Y2F1F.jpg,Electronics
Apparel/B076DR46TH.jpg,Apparel
Apparel/B094VJRWCP.jpg,Apparel
Electronics/B07L5D9QCF.jpg,Electronics
Home/B00H1LNZIU.jpg,Home
Apparel/B07RWR352S.jpg,Apparel
Home/B01CEB6JCU.jpg,Home
Apparel/B075V5SWS4.jpg,Apparel
Home/B07RSBP2Q8.jpg,Home
Electronics/B07K72YPCY.jpg,Electronics
Electronics/B07RZQJ6ZS.jpg,Electronics
Apparel/B073PK3BHF.jpg,Apparel
Apparel/B00IP0KJ9Y.jpg,Apparel
Electronics/B00264H4E8.jpg,Electronics
Apparel/B08LYNTS1T.jpg,Apparel
Electronics/B09W2DZPKT.jpg,Electronics
Electronics/B09QLXCTBW.jpg,Electronics
Electronics/B08HQRGZYJ.jpg,Electronics
Electronics/B07RY671TQ.jpg,Electronics
Electronics/B08XZMSMHT.jpg,Electronics
Electronics/B01MSU99RN.jpg,Electronics
Electronics/B08X14KD73.jpg,Electronics
Electronics/B079993GZY.jpg,Electronics
Electronics/B08SGWTZ5V.jpg,Electronics
Apparel/B09NQGM5F9.jpg,Apparel
Apparel/B018S0G9DU.jpg,Apparel
Apparel/B07QQLGVBT.jpg,Apparel
Electronics/B00W0SXYIK.jpg,Electronics
Electronics/B09MSXPQ4P.jpg,Electronics
Electronics/B07LBLKZHC.jpg,Electronics
Apparel/B082W9RNVL.jpg,Apparel
Home/B08MDZT959.jpg,Home
Electronics/B08772M67X.jpg,Electronics
Home/B09LHZ235Y.jpg,Home
Home/B016FZPCME.jpg,Home
Electronics/B00KF661LG.jpg,Electronics
Home/B00DP8ZQTE.jpg,Home
Electronics/B00S2ZM4PE.jpg,Electronics
Apparel/B06XPVX3MK.jpg,Apparel
Apparel/B07P1SFH58.jpg,Apparel
Home/B09YV4HXW9.jpg,Home
Apparel/B07RGMS7XZ.jpg,Apparel
Apparel/B00UCSPYLA.jpg,Apparel
Electronics/B00KJ7X3ZI.jpg,Electronics
Home/B0928MFTNC.jpg,Home
Apparel/B08HCMVMF9.jpg,Apparel
Electronics/B07QNX5GZS.jpg,Electronics
Apparel/B06X9QKJSC.jpg,Apparel
Electronics/B07TCB4Y5G.jpg,Electronics
Home/B01N2IXCZQ.jpg,Home
Apparel/B01MSMHDT1.jpg,Apparel
Apparel/B07VJ461KP.jpg,Apparel
Home/B002C0DP1W.jpg,Home
Home/B07YVMDPSM.jpg,Home
Home/B0BCYHLJY6.jpg,Home
Home/B00AELOR86.jpg,Home
Home/B098NLLVX8.jpg,Home
Home/B01GJZHVRO.jpg,Home
Home/B074PJRPD3.jpg,Home
Apparel/B07HKKYDB2.jpg,Apparel
Home/B0BLNRJ9P1.jpg,Home
Electronics/B07RK3BK8N.jpg,Electronics
Apparel/B00N1QY84E.jpg,Apparel
Apparel/B08YR1KDGX.jpg,Apparel
Home/B0BHHNPN8L.jpg,Home
Home/B008LRG2QU.jpg,Home
Electronics/B099S2YX8V.jpg,Electronics
Home/B0BC7H38ZR.jpg,Home
Electronics/B00SA9HVPU.jpg,Electronics
Apparel/B01M0DJGO6.jpg,Apparel
Apparel/B08925YW58.jpg,Apparel
Electronics/B0083YCTHM.jpg,Electronics
Home/B07ZGDNL6V.jpg,Home
Apparel/B07D7TWK8V.jpg,Apparel
Electronics/B09NRSKW3B.jpg,Electronics
Home/B08HJ3HQ85.jpg,Home
Electronics/B01BLVEZ3O.jpg,Electronics
Electronics/B079VDYN1B.jpg,Electronics
Apparel/B016E9PSKM.jpg,Apparel
Home/B096RC3J6F.jpg,Home
Apparel/B08FDH68VG.jpg,Apparel
Electronics/B003IDUYXE.jpg,Electronics
Apparel/B017DNOO1W.jpg,Apparel
Apparel/B085HPDRCC.jpg,Apparel
Home/B08NJD3NM9.jpg,Home
Apparel/B07YP1FWFN.jpg,Apparel
Home/B0B55XJKCN.jpg,Home
Electronics/B07BW938XN.jpg,Electronics
Home/B08CRHGTXP.jpg,Home
Apparel/B07XBW2L8W.jpg,Apparel
Electronics/B00L3KO2H8.jpg,Electronics
Home/B08999NBXF.jpg,Home
Apparel/B07F912FGY.jpg,Apparel
Home/B08DMLZLDQ.jpg,Home
Electronics/B001283FDS.jpg,Electronics
Electronics/B09443YQSF.jpg,Electronics
Apparel/B07TJ6JN2N.jpg,Apparel
Electronics/B087GX8JF9.jpg,Electronics
Apparel/B07H1W2Y5N.jpg,Apparel
Apparel/B08CMDVF2K.jpg,Apparel
Home/B0929CT41Y.jpg,Home
Electronics/B07WDLW6W1.jpg,Electronics
Electronics/B00NTRK9WA.jpg,Electronics
Home/B071NPFNT2.jpg,Home
Electronics/B08GJFPKVB.jpg,Electronics
Electronics/B07RGTX32K.jpg,Electronics
Apparel/B00FQN4G4M.jpg,Apparel
Electronics/B002P3KMW6.jpg,Electronics
Electronics/B079N67G55.jpg,Electronics
Electronics/B0C6FS6FLJ.jpg,Electronics
Apparel/B0179E0GEY.jpg,Apparel
Electronics/B0009L2R42.jpg,Electronics
Apparel/B08T1H87KZ.jpg,Apparel
Home/B017NYBTJG.jpg,Home
Electronics/B07T95LF5R.jpg,Electronics
Electronics/B01JMZIOM4.jpg,Electronics
Electronics/B009S3HN00.jpg,Electronics
Electronics/B00HZO90CS.jpg,Electronics
Apparel/B085P2NZ8G.jpg,Apparel
Apparel/B012UVEY4Y.jpg,Apparel
Home/B0877BB83X.jpg,Home
Apparel/B074CPFK5Q.jpg,Apparel
Apparel/B01E44OT5E.jpg,Apparel
Electronics/B01DPVIY3K.jpg,Electronics
Home/B00G001NZU.jpg,Home
Apparel/B07ZXDNJR4.jpg,Apparel
Home/B087WF7T62.jpg,Home
Home/B0026KFWSC.jpg,Home
Apparel/B09BVM3M55.jpg,Apparel
Electronics/B083FMVZFK.jpg,Electronics
Home/B08L67MF69.jpg,Home
Home/B08R57KX9T.jpg,Home
Home/B072KQ518P.jpg,Home
Apparel/B07SKD28CH.jpg,Apparel
Electronics/B085NDX4PF.jpg,Electronics
Apparel/B01FS345OA.jpg,Apparel
Electronics/B093Z3D6V6.jpg,Electronics
Electronics/B0BXJHJ17B.jpg,Electronics
Home/B07Z4GM4GZ.jpg,Home
Electronics/B07JFN5S5V.jpg,Electronics
Apparel/B08G51G5Y6.jpg,Apparel
Electronics/B08W2F51SP.jpg,Electronics
Apparel/B07MG5V31G.jpg,Apparel
Apparel/B00FRFUHB0.jpg,Apparel
Apparel/B07R2JMQKC.jpg,Apparel
Home/B0BDL7M9V5.jpg,Home
Electronics/B01N7HM3Y6.jpg,Electronics
Electronics/B00YCC0AZC.jpg,Electronics
Apparel/B01M1P4ZIT.jpg,Apparel
Home/B071W6JY9K.jpg,Home
Electronics/B007V91FE8.jpg,Electronics
Electronics/B001C1US80.jpg,Electronics
Electronics/B07SDG8SBR.jpg,Electronics
Apparel/B0897SBBWD.jpg,Apparel
Home/B00TBKJ1E6.jpg,Home
Electronics/B008NHB2NG.jpg,Electronics
Apparel/B0BF742NNZ.jpg,Apparel
Home/B07CYJ5LFN.jpg,Home
Home/B003SGDHQC.jpg,Home
Apparel/B00G2C0VPE.jpg,Apparel
Home/B0BHL6NJ2M.jpg,Home
Apparel/B00SM8CZA0.jpg,Apparel
Apparel/B07GQ9QJM9.jpg,Apparel
Electronics/B0002JUH3O.jpg,Electronics
Home/B0844W53ZX.jpg,Home
Electronics/B013RBASHI.jpg,Electronics
Electronics/B01ACIJ3H0.jpg,Electronics
Home/B073ZN75SC.jpg,Home
Home/B08XVZLSM2.jpg,Home
Electronics/B07KB7NW2P.jpg,Electronics
Apparel/B01IOYO2CU.jpg,Apparel
Apparel/B077YL75CS.jpg,Apparel
